tree
version=v4
num_class=1
num_tree_per_iteration=1
label_index=0
max_feature_idx=10
objective=regression_l1
feature_names=Area Item Year log_yield_lag1 log_yield_lag2 log_yield_lag3 growth_1y growth_2y log_yield_mean3 log_pesticides_lag1 temp_c_lag1
feature_infos=-1:18:50:14:17:22:26:59:75:80:95:36:40:3:16:25:28:39:42:56:62:86:99:100:70:37:57:5:20:27:35:46:47:48:60:64:65:71:73:74:84:85:92:98:2:34:10:15:32:41:43:44:77:79:82:88:49:96:38:91:94:21:67:1:7:23:0:61:6:19:52:53:58:69:81:90:33:83:66:29:76:8:13:54:68:78:93:4:11:55:24:31:45:72:89:97:30:51:12:9 -1:3:1:8:4:5:6:7:0:2:9 [1991:2008] [3.912023005428146:13.096468992975373] [3.912023005428146:13.096468992975373] [3.912023005428146:13.096468992975373] [-1.921841190553871:1.9926613117585568] [-1.3735340989275202:1.416281060331793] [3.912023005428146:13.037986988987489] [0.039220713153281295:12.624888238006475] [1.8799999999999999:30.02]
tree_sizes=1581 1632 1588 1604 1590 1530 1618 1533 1626 1601 1640 1625 1626 1613 1514 1529 1620 1643 1618 1531 1587 1625 1532 1517 1622 1639 1585 1591 1537 1615 1530 1648 1605 1637 1473 1571 1604 1613 1593 1590 1608 1606 1629 1515 1658 1613 1505 1489 1611 1571 1624 1510 1591 1633 1604 1622 1509 1595 1589 1521 1530 1577 1547 1597 1490 1601 1577 1581 1604 1610 1602 1572 1561 1620 1585 1584 1591 1558 1605 1600 1503 1559 1568 1574 1567 1584 1465 1569 1577 1574 1591 1565 1496 1618 1635 1603 1597 1632 1604 1471 1457 1583 1561 1519 1569 1615 1606 1575 1497 1556 1627 1568 1571 1550 1514 1553 1568 1512 1461 1563 1519 1476 1557 1565 1564 1578 1580 1616 1600 1604 1636 1616 1543 1514 1547 1554 1612 1617 1607 1570 1599 1572 1508 1578 1567 1491 1516 1587 1570 1596 1544 1619 1503 1586 1507 1588 1593 1544 1578 1553 1485 1515 1509 1501 1584 1495 1578 1569 1574 1607 1535 1565 1599 1536 1563 1573 1597 1544 1586 1566 1562 1477 1560 1532 1570 1552 1558 1554 1528 1623 1585 1547 1554 1567 1594 1503 1588 1586 1568 1563 1559 1565 1461 1468 1571 1554 1534 1610 1505 1507 1563 1611 1505 1579 1580 1579 1534 1469 1552 1605 1498 1538 1554 1591 1532 1579 1622 1578 1577 1575 1567 1491 1562 1629 1479 1479 1548 1576 1608 1536 1516 1569 1553 1559 1587 1572 1565 1591 1563 1565 1570 1603 1521 1632 1590 1551 1558 1508 1546 1483 1444 1505 1590 1582 1570 1538 1577 1482 1535 1547 1538 1582 1575 1565 1611 1502 1497 1589 1568 1469 1568 1468 1584 1608 1566 1548 1525 1522 1532 1537 1567 1519 1555 1537 1467 1470 1506 1547 1601 1486

Tree=0
num_leaves=15
num_cat=6
split_feature=6 0 0 7 0 7 0 6 7 6 7 0 9 1
split_gain=250.391 138.811 80.7999 58.4253 35.3112 33.6279 24.3985 23.5169 22.0786 21.5491 19.3126 18.1054 16.3624 15.9749
threshold=-0.047406134243228586 0 1 -0.0077234771267149496 2 -0.047330631360475099 3 -0.0058604319003778818 0.087674050965147479 -0.37303678043615379 0.003376273315324863 4 6.1144662532430489 5
decision_type=8 9 9 8 9 8 9 10 10 10 8 9 2 1
left_child=2 8 9 6 10 -4 -3 -6 13 -1 -5 -11 -10 -2
right_child=1 3 5 4 7 -7 -8 -9 12 11 -12 -13 -14 -15
leaf_value=0.009677867330610752 0.0049233015580102801 0.0047248515102546662 0.0094652539864182473 0.0047699408866174057 0.0047596083587268367 0.0061799773760139939 0.0053620603680610661 0.0045254980679601429 0.0059996308386325841 0.0041304705664515495 0.0047789569571614265 0.0050435501150786878 0.0039141048677265641 0.0052658105548471215
leaf_weight=81 527 311 587 242 391 768 559 1351 116 113 1198 344 194 1292
leaf_count=81 527 311 587 242 391 768 559 1351 116 113 1198 344 194 1292
internal_value=0.00477813 0.00185444 0.0143245 -0.00139525 -0.00329448 0.0181795 0.00547848 -0.00616913 0.00805439 0.00437931 0.000292277 0.00184142 0.000668695 0.00933028
internal_weight=8074 6181 1893 4052 3182 1355 870 1742 2129 538 1440 457 310 1819
internal_count=8074 6181 1893 4052 3182 1355 870 1742 2129 538 1440 457 310 1819
cat_boundaries=0 3 7 11 15 17 18
cat_threshold=140526725 1318235142 2014456328 269754374 140644634 134414546 1 1117585682 541082081 40174770 2 303308832 262561 67110083 16 269754372 4194304 900
is_linear=0
shrinkage=1


Tree=1
num_leaves=15
num_cat=6
split_feature=6 0 0 7 0 0 3 7 0 5 7 0 5 6
split_gain=270.82 119.043 76.5023 46.9358 45.5073 37.4253 31.3971 28.4678 22.9214 20.6752 18.6489 14.7486 14.7385 12.7543
threshold=-0.056781345190817227 0 1 -0.0077234771267149496 2 3 8.8255598118844834 -0.18326412077226403 4 9.7360151916030642 0.089394973034431238 5 10.613221119936824 0.24313229139339312
decision_type=8 9 9 10 9 9 2 8 9 10 10 9 10 10
left_child=2 10 6 4 9 -5 -1 -4 -9 -3 11 -2 -13 -6
right_child=1 3 7 5 13 -7 -8 8 -10 -11 -12 12 -14 -15
leaf_value=0.0063424299739301198 0.00031176625667139881 -0.00096045186426490538 0.011291245918348432 -0.00015637880563226645 0.0002650969373993575 -0.0003440179910045117 -0.00026511362185701725 0.002640285635925829 0.0018818311650305986 -0.00016086181104183196 -0.00043970377463847397 0.00026262424997985359 -0.00010242243984248489 -0.0021859293466899542
leaf_weight=86 773 242 165 1396 919 1304 340 456 701 194 309 678 450 77
leaf_count=86 773 242 165 1396 919 1304 340 456 701 194 309 678 450 77
internal_value=-8.89988e-05 -0.00297067 0.0103661 -0.00596813 -0.00159218 -0.00831111 -0.000825688 0.0138739 0.0123163 -0.00955157 0.00264865 0.0037717 0.001529 0.00196819
internal_weight=8090 6342 1748 4132 1432 2700 426 1322 1157 436 2210 1901 1128 996
internal_count=8090 6342 1748 4132 1432 2700 426 1322 1157 436 2210 1901 1128 996
cat_boundaries=0 4 8 12 16 20 23
cat_threshold=138429831 1184016452 2014391816 1 806625286 560074954 4391040 16 872947712 556011568 266307 16 1992099872 671110194 40779938 4 44239080 1342505985 872429600 4 134217731 76548096 2013276168
is_linear=0
shrinkage=0.03


Tree=2
num_leaves=15
num_cat=10
split_feature=7 0 0 0 7 0 7 3 0 0 1 1 1 0
split_gain=213.039 120.836 88.4336 27.048 23.0646 23.878 20.6638 17.7906 17.471 14.64 14.1531 13.6099 12.4804 11.8629
threshold=-0.013686960105315114 0 1 2 -0.056541329820529722 3 0.085564027485142816 9.0286983252390733 4 5 6 7 8 9
decision_type=8 9 9 9 10 9 10 2 9 9 1 1 1 9
left_child=2 6 7 11 5 -4 8 -1 -2 -9 -5 -3 -10 -6
right_child=1 3 4 10 13 -7 -8 9 12 -11 -12 -13 -14 -15
leaf_value=0.0035185663568149321 0.00032507721442915499 -0.00026087505777238398 0.0023886643818947484 -0.00010841821119433735 0.0013571253077324945 0.0042070592646226285 -0.00042651266139931974 -0.00099771837585652242 -0.00012587304041138849 -0.00013567076433263717 -0.00029509423384414547 -0.00023768960811593567 0.00017761675344896502 0.00043828703046496956
leaf_weight=80 701 1138 340 1206 203 560 339 112 279 364 914 672 695 560
leaf_count=80 701 1138 340 1206 203 560 339 112 279 364 914 672 695 560
internal_value=-7.71775e-05 -0.00303836 0.00785489 -0.00609137 0.0112791 0.0146 0.00293478 -0.00254417 0.00431642 -0.00478992 -0.00374648 -0.0088022 0.00164634 0.00750983
internal_weight=8163 5944 2219 3930 1663 900 2014 556 1675 476 2120 1810 974 763
internal_count=8163 5944 2219 3930 1663 900 2014 556 1675 476 2120 1810 974 763
cat_boundaries=0 3 7 11 15 18 20 21 22 23 26
cat_threshold=146818439 1175620612 2085626408 806626310 151003568 2181039296 8 2969764440 824513176 2147766613 16 67109024 539361354 370721 1 142606339 1175455744 939532296 1318916 32 666 186 676 38273088 164933 1074006528
is_linear=0
shrinkage=0.03


Tree=3
num_leaves=15
num_cat=8
split_feature=6 0 6 0 0 0 1 6 0 0 4 6 6 1
split_gain=214.342 135.787 45.2116 38.7432 35.4157 33.1093 23.4178 21.5357 20.1688 19.7884 16.6199 13.2082 13.1956 12.8951
threshold=-0.11252936934307466 0 0.019473966885971809 1 2 3 4 -0.015497928485415534 5 6 11.295011950993063 -0.22494340744364824 -0.52958449008407971 7
decision_type=8 9 10 9 9 9 1 10 9 9 8 10 10 1
left_child=3 2 -2 12 6 13 10 8 -6 -9 -3 -5 -1 -4
right_child=1 4 5 11 7 -7 -8 9 -10 -11 -12 -13 -14 -15
leaf_value=0.011167713808588511 0.00037526679323260609 -0.00010209136645723252 0.0006029423559011333 0.0072639843910074229 0.0005232330058339889 -0.00036846055017189121 -0.00024389586697496471 -0.00032275067730250012 -0.00020598754878451415 -6.9116821096440047e-05 -0.00042948235327512136 0.002277567842516899 -0.00036412888570315906 -2.8400010606867732e-05
leaf_weight=42 1228 553 277 463 431 613 903 1010 445 982 356 469 186 207
leaf_count=42 1228 553 277 463 431 613 903 1010 445 982 356 469 186 207
internal_value=3.67422e-06 -0.0019743 0.00394433 0.0119483 -0.00491258 -0.000464904 -0.00819978 -0.00281445 0.00109589 -0.00454819 -0.00466812 0.014586 0.000504202 0.00534413
internal_weight=8165 7005 2325 1160 4680 1097 1812 2868 876 1992 909 932 228 484
internal_count=8165 7005 2325 1160 4680 1097 1812 2868 876 1992 909 932 228 484
cat_boundaries=0 4 8 12 15 16 20 24 25
cat_threshold=140526785 1150331911 2020616712 2 67371012 2101576 65538 17 805413408 827064504 2147537221 16 134235265 76548096 1207968264 27 25296906 70400 84738080 13 3348238344 70400 84148256 13 27
is_linear=0
shrinkage=0.03


Tree=4
num_leaves=15
num_cat=8
split_feature=7 0 0 0 1 0 7 3 7 0 0 1 4 7
split_gain=189.875 118.209 85.0787 29.6004 26.4782 23.6472 21.1813 19.3208 16.5411 14.8825 13.8403 12.4059 12.3337 11.7617
threshold=-0.026458129484703271 0 1 2 3 4 0.082135990426800212 12.170207096650659 -0.20723622659845284 5 6 7 9.3481438751744896 -0.005740817121066665
decision_type=8 9 9 9 1 9 10 2 10 9 9 1 10 8
left_child=2 6 5 -3 7 12 9 13 -4 11 -8 -2 -1 -5
right_child=1 3 8 4 -6 -7 10 -9 -10 -11 -12 -13 -14 -15
leaf_value=0.0012314593015918603 0.00076406989705334256 -0.00010863119374611588 0.011136909534998801 0.00043412245422517137 -0.00026970424385954481 0.0009094636741429961 -0.0024463071960252572 -0.00064277983539900562 0.0021102832625801071 0.00010044356603212574 7.2845132279283499e-05 0.00014416370749694831 -0.00095461041152144978 -0.00013018043002847242
leaf_weight=51 329 2016 127 123 1029 538 101 175 909 997 276 455 169 864
leaf_count=51 329 2016 127 123 1029 538 101 175 909 997 276 455 169 864
internal_value=-9.1923e-05 -0.0025216 0.00852843 -0.00544226 -0.00786461 0.00078125 0.00318266 -0.0046587 0.0140535 0.00456485 -0.0032626 0.00763224 -0.00730435 -0.00306991
internal_weight=8159 6365 1794 4207 2191 758 2158 1162 1036 1781 377 784 220 987
internal_count=8159 6365 1794 4207 2191 758 2158 1162 1036 1781 377 784 220 987
cat_boundaries=0 4 8 12 13 15 18 21 22
cat_threshold=1222643079 1183878148 2014325288 4 873865350 157692346 604274817 8 35606568 134373729 90374274 3 154 1318916 4194602 142608515 1150289920 939532296 8388611 1082131456 1048576 11
is_linear=0
shrinkage=0.03


Tree=5
num_leaves=15
num_cat=1
split_feature=6 6 7 7 7 7 1 3 6 6 9 9 6 7
split_gain=212.626 50.3497 40.0754 33.7006 26.5675 22.8988 18.6553 18.181 17.9052 15.4854 14.1107 13.6796 12.6129 12.4901
threshold=-0.056781345190817227 0.20010370128022539 -0.010811314909094259 0.0030063317441029196 -0.058063571869059409 -0.0010619683674346623 0 8.6871890949606758 -0.090600127982995979 -0.010613482553319285 5.6766614042117984 8.0432201900518887 0.11870540680184762 0.20666396621761554
decision_type=8 10 8 8 8 10 1 2 10 10 2 2 10 10
left_child=4 2 11 5 8 6 9 -5 -1 -4 -6 -2 13 -9
right_child=1 -3 3 7 10 -7 -8 12 -10 -11 -12 -13 -14 -15
leaf_value=0.0044360393362168878 3.2908239111132604e-05 -0.0017228448832420275 0.00031398341035893492 0.00032073338376264234 -8.8573497065315077e-05 -0.00010611553262742045 0.00011514630911583969 -6.1677407251458359e-05 0.00026867623729985498 -0.00023913689474589292 0.0012399509514952043 0.00081599293046989675 -0.00092427622307968528 -0.0015400032274892098
leaf_weight=706 576 785 64 76 246 410 223 3097 99 177 710 459 433 63
leaf_count=706 576 785 64 76 246 410 223 3097 99 177 710 459 433 63
internal_value=-0.000384047 -0.00293729 -0.00193618 -0.0031499 0.00884157 -0.00844394 -0.00387931 -0.0018888 0.0128571 -0.00944223 0.00546025 0.0033913 -0.00219594 -0.00153797
internal_weight=8124 6363 5578 4543 1761 874 464 3669 805 241 956 1035 3593 3160
internal_count=8124 6363 5578 4543 1761 874 464 3669 805 241 956 1035 3593 3160
cat_boundaries=0 1
cat_threshold=744
is_linear=0
shrinkage=0.03


Tree=6
num_leaves=15
num_cat=7
split_feature=6 0 0 0 6 6 0 4 0 1 6 0 6 5
split_gain=193.371 97.9385 66.3513 38.4141 25.5421 25.2159 24.4251 20.5833 19.4997 18.0713 24.0275 17.9131 15.5789 14.081
threshold=-0.056781345190817227 0 1 2 -0.003992990836865217 0.20010370128022539 3 9.00632518417863 4 5 0.034693739602658986 6 0.0001835708207869047 9.3776751426328797
decision_type=8 9 9 9 10 10 9 10 9 1 8 9 10 8
left_child=2 5 7 9 6 11 -5 -1 -4 10 -3 13 -6 -2
right_child=1 3 8 4 12 -7 -8 -9 -10 -11 -12 -13 -14 -15
leaf_value=0.0060750886997634791 0.00039573279822724205 -2.9807386792597003e-05 0.0029643484224889786 0.00093213184821627272 -0.0001217953835683047 -0.001084998285284296 -0.00010111502191434567 -0.00013991790674189344 0.0022057331381280568 -0.0002017168733097663 -0.00096741259863070844 9.1248801573412197e-05 -0.00023045222568494122 0.00038580697517387908
leaf_weight=90 58 523 309 207 109 229 566 545 811 936 412 914 1693 752
leaf_count=90 58 523 309 207 109 229 566 545 811 936 412 914 1693 752
internal_value=-0.000257542 -0.00267698 0.0085641 -0.00513016 -0.00272727 0.002919 0.00182406 0.000697674 0.0129027 -0.0084051 -0.00530159 0.00417633 -0.00469478 0.00739024
internal_weight=8154 6399 1755 4446 2575 1953 773 635 1120 1871 935 1724 1802 810
internal_count=8154 6399 1755 4446 2575 1953 773 635 1120 1871 935 1724 1802 810
cat_boundaries=0 4 8 12 16 20 21 25
cat_threshold=141574551 1184008258 2014453896 1 806625286 674402776 134415046 25 822157824 828703416 2214875463 16 32840 17413 2097184 4 10485792 1342243841 1412444160 4 27 134217731 1150289922 2013265928 1
is_linear=0
shrinkage=0.03


Tree=7
num_leaves=15
num_cat=1
split_feature=6 7 6 7 6 7 6 9 1 7 10 9 3 6
split_gain=176.982 59.249 40.0863 27.2885 28.1374 22.0918 21.901 21.0767 17.3662 18.7377 16.6112 15.1725 14.2552 13.6456
threshold=-0.1071601938228026 -0.010195007055808778 0.11870540680184762 0.0030063317441029196 -0.0073728470843539276 -0.032109053611261366 0.0016930479740144835 8.8992246876884931 0 0.082135990426800212 15.625000000000002 8.4838401330780879 9.5322426788983439 0.1887277660178999
decision_type=8 8 10 8 10 8 10 2 1 10 2 2 2 10
left_child=5 7 3 4 -3 -1 12 10 -5 -10 -2 -4 -6 -9
right_child=1 2 11 8 6 -7 -8 13 9 -11 -12 -13 -14 -15
leaf_value=0.0041069136203160548 0.0009930509772162685 5.9100245273481118e-05 -0.00071796996762827801 -0.00014199460294411469 -0.00015787116532642417 0.0013476288764471718 -9.2474575823260909e-05 0.00085449687240068267 7.5017824993262416e-05 -0.00041893979225008743 -4.773735941929237e-05 -0.0018909243573104161 -9.8534930447860634e-05 -0.0013329700799414325
leaf_weight=752 184 263 760 959 68 447 272 441 2123 360 845 394 235 33
leaf_count=752 184 263 760 959 68 447 272 441 2123 360 845 394 235 33
internal_value=-5.89971e-05 -0.00189852 -0.00335664 -0.00201869 -0.00687351 0.0105838 -0.0105913 0.00337325 -0.000836723 0.000493381 0.000962099 -0.00831889 -0.0161386 0.00860759
internal_weight=8136 6937 5434 4280 838 1199 575 1503 3442 2483 1029 1154 303 474
internal_count=8136 6937 5434 4280 838 1199 575 1503 3442 2483 1029 1154 303 474
cat_boundaries=0 1
cat_threshold=900
is_linear=0
shrinkage=0.03


Tree=8
num_leaves=15
num_cat=7
split_feature=6 0 0 0 7 7 6 1 0 7 6 0 0 7
split_gain=194.089 99.0305 71.0767 38.2488 31.4107 31.244 28.0754 24.8359 17.5877 17.1183 16.509 15.164 14.3679 17.0622
threshold=-0.047406134243228586 0 1 2 -0.0063048520960040646 -0.058063571869059409 -0.48044920820259834 3 4 -0.030926872629523313 -0.023138155805957791 5 6 -0.0040966592840003804
decision_type=8 9 9 9 8 8 10 1 9 10 8 9 9 8
left_child=2 7 6 9 -5 -4 -1 8 -2 -3 -10 -7 -9 -14
right_child=1 3 5 4 -6 11 -8 12 10 -11 -12 -13 13 -15
leaf_value=0.0097901704766097802 0.00010917860991859716 0.00018738939526255529 0.0043844441407138116 -8.9227953785329814e-05 -0.00026154464654502667 0.0017265027632922519 -0.00022913679212306889 0.00041191197987942532 0.0014919510643160909 -0.00011649989300135176 -0.00021279025081347755 0.00088971678539190714 0.00079182332421490914 -2.8714917022914323e-05
leaf_weight=55 230 490 552 479 1669 225 485 647 37 1617 412 610 121 528
leaf_count=55 230 490 552 479 1669 225 485 647 37 1617 412 610 121 528
internal_value=-0.000209636 -0.00278331 0.00811105 -0.00535287 -0.00817424 0.0116607 -0.0012 0.00276574 -0.00187228 -0.00245158 -0.00529412 0.00808383 0.00519142 0.00195751
internal_weight=8157 6230 1927 4255 2148 1387 540 1975 679 2107 449 835 1296 649
internal_count=8157 6230 1927 4255 2148 1387 540 1975 679 2107 449 835 1296 649
cat_boundaries=0 4 8 12 13 16 20 23
cat_threshold=140003271 1154623488 2014456328 1 269770758 153227666 2147680386 1 2191851568 436307783 56689826 6 928 5242880 10240 939655688 73400352 1073742849 1413490688 4 134219013 1150298112 1209008648
is_linear=0
shrinkage=0.03


Tree=9
num_leaves=15
num_cat=7
split_feature=6 0 7 0 0 0 6 6 7 1 0 7 7 1
split_gain=167.399 91.7202 42.6037 47.1914 35.8855 30.2455 28.969 24.5251 22.3897 20.496 18.7037 15.8514 15.4076 17.6977
threshold=-0.11252936934307466 0 -0.0077234771267149496 1 2 3 -0.0058604319003778818 0.1412377165038077 -0.10042148866976051 4 5 0.00071594533395336068 -0.013686960105315114 6
decision_type=8 9 8 9 9 9 10 10 8 1 9 8 8 1
left_child=4 7 3 9 8 -4 10 12 -1 -3 -7 -8 -2 -14
right_child=1 2 5 -5 -6 6 11 -9 -10 -11 -12 -13 13 -15
leaf_value=0.0033656199034997228 0.00085173302309117689 -1.6875602084229336e-05 -9.1726228012374764e-05 0.0006209432877966191 0.0034649581212569205 0.0003636260154362716 -8.8581659926181068e-05 -0.00056685155553318927 -0.00071905095084626571 -0.000460566727304152 -0.00045247098518378146 -0.00074899531931295967 -7.0804997610155707e-05 0.00022605943817317049
leaf_weight=167 332 297 1294 618 797 215 219 291 176 272 342 1275 604 1182
leaf_count=167 332 297 1294 618 797 215 219 291 176 272 342 1275 604 1182
internal_value=-0.000285856 -0.00203573 -0.00454425 0.000328559 0.0103684 -0.006287 -0.0085444 0.00269119 0.00195467 -0.00585492 -0.00274686 -0.0107631 0.00382436 0.00272116
internal_weight=8081 6941 4532 1187 1140 3345 2051 2409 343 569 557 1494 2118 1786
internal_count=8081 6941 4532 1187 1140 3345 2051 2409 343 569 557 1494 2118 1786
cat_boundaries=0 3 7 11 14 15 19 20
cat_threshold=140526723 1150454790 2020682264 311861252 155205808 263363 21 872693892 35656472 67586 17 2728268052 138420705 67110050 158 335577096 285491200 16448 13 928
is_linear=0
shrinkage=0.03


Tree=10
num_leaves=15
num_cat=6
split_feature=6 0 7 0 0 0 7 6 6 0 6 0 7 7
split_gain=174.247 101.01 47.9241 42.8829 35.0732 27.0037 17.0355 24.5951 24.0954 22.0283 16.5687 15.8088 15.2286 12.8593
threshold=-0.11252936934307466 0 -0.0077234771267149496 1 2 3 0.0023086880273881509 -0.0058604319003778818 0.028466584436109169 4 -0.042499610266002456 5 -0.11638901106244635 -0.17165357704065173
decision_type=8 9 10 9 9 9 10 10 10 9 8 9 8 8
left_child=4 10 3 -3 13 -4 7 -7 9 -8 -2 -10 -6 -1
right_child=1 2 5 -5 12 6 8 -9 11 -11 -12 -13 -14 -15
leaf_value=0.0032468078369599835 0.0011126987476897678 -0.00026009852705590879 -5.8748835750421621e-05 0.00038057542073550608 0.0077968821969337182 -3.9533922275435556e-05 9.5540391458604271e-05 -9.6292122521533777e-05 -0.0005169870071604825 -0.00023044668948613863 0.00014060115700661728 -0.0014217343722168661 0.0021475007669373293 -0.00017443475113565059
leaf_weight=96 216 837 823 986 271 99 233 340 428 504 1895 582 571 220
leaf_count=96 216 837 823 986 271 99 233 340 428 504 1895 582 571 220
internal_value=0.000107394 -0.00168947 -0.00407683 -0.000246846 0.0108808 -0.00641077 -0.00814208 -0.0134624 -0.00685175 -0.00272727 0.00377652 -0.00986139 0.0140141 0.00202454
internal_weight=8101 6943 4832 1823 1158 3009 2186 439 1747 737 2111 1010 842 316
internal_count=8101 6943 4832 1823 1158 3009 2186 439 1747 737 2111 1010 842 316
cat_boundaries=0 4 8 12 16 20 24
cat_threshold=140529025 1175619654 2017468938 2 931438614 153358384 1480001 20 604241924 2233176 2164864 17 614203398 10499072 36833280 8 196648 17039393 262208 16 268435456 961020800 2231960720 4
is_linear=0
shrinkage=0.03


Tree=11
num_leaves=15
num_cat=7
split_feature=6 0 0 3 6 0 6 0 0 0 1 6 6 3
split_gain=160.665 86.4814 81.8734 29.2198 24.3055 27.2835 23.5907 31.5431 20.8474 20.8354 20.0231 16.6957 16.0095 15.9704
threshold=-0.019879282923335847 0 1 8.8952869877123568 -0.25296294129871372 2 0.11870540680184762 3 4 5 6 0.0016930479740144835 -0.0032031950124746795 8.7097125697845197
decision_type=8 9 9 2 10 9 10 9 9 9 1 8 10 2
left_child=1 3 10 -1 -3 -6 7 11 -8 -5 -2 12 -4 -9
right_child=2 4 6 9 5 -7 8 13 -10 -11 -12 -13 -14 -15
leaf_value=0.0041785049307433864 -8.8044093078613447e-05 0.0068212844084903825 -0.00013403618467199525 -0.00071257683867205469 0.00037092940985146487 0.0013975012189133466 -0.0003989495306336882 0.00012885379800193488 -0.0018672834519509963 0.00017553098320633454 0.00019942744687157012 -0.00013807994365990973 -8.2186329664642592e-05 -7.5542050732465039e-05
leaf_weight=105 651 320 183 327 654 726 331 33 596 393 1157 754 222 1696
leaf_count=105 651 320 183 327 654 726 331 33 596 393 1157 754 222 1696
internal_value=-0.000191458 0.00609505 -0.00301441 -0.00190419 0.00992982 0.00826087 -0.00549804 -0.0041759 -0.00967638 -0.00408333 0.00224422 -0.00798118 -0.012963 -0.00156987
internal_weight=8148 2525 5623 825 1700 1380 3815 2888 927 720 1808 1159 405 1729
internal_count=8148 2525 5623 825 1700 1380 3815 2888 927 720 1808 1159 405 1729
cat_boundaries=0 4 8 12 16 20 24 25
cat_threshold=269820164 702677498 33620122 24 1209025942 1184016418 403776138 2 50987074 33944064 2300104517 1 285343752 826299288 2248425792 8 847511561 536892240 786468 8 1319172 136315056 2 24 928
is_linear=0
shrinkage=0.03


Tree=12
num_leaves=15
num_cat=6
split_feature=6 0 7 0 0 0 6 0 7 6 6 5 0 7
split_gain=140.775 91.1933 41.4625 41.3434 35.8965 30.5932 23.9496 18.6712 18.0513 14.1466 13.9006 14.7434 18.5531 12.2371
threshold=-0.11252936934307466 0 -0.013686960105315114 1 2 3 0.091230974232209064 4 -0.062213706236411863 -0.042499610266002456 0.28156924836525127 11.145066777574616 5 -0.20723622659845284
decision_type=8 9 10 9 9 9 10 9 8 8 10 8 9 8
left_child=4 6 3 -3 13 -4 9 -8 -6 -2 11 12 -5 -1
right_child=1 2 5 10 8 -7 7 -9 -10 -11 -12 -13 -14 -15
leaf_value=0.005921085561550703 0.00097088443483164496 0.00040720915617067601 -7.4856547888882676e-05 -0.00080144889955674676 0.0051478766752615611 -0.0002230942594899304 0.00079245480059201288 -0.00069756666652799691 0.0019076537836643333 0.00016843628583530478 -0.006698014397268707 -0.00024648968137631948 0.00039341407100641258 -0.00023414448206472366
leaf_weight=65 249 692 1449 101 450 1623 110 376 395 1465 48 464 320 254
leaf_count=65 249 692 1449 101 450 1623 110 376 395 1465 48 464 320 254
internal_value=-1.11649e-05 -0.00163984 -0.00399618 -0.000129231 0.00963918 -0.00605469 0.00339367 -0.00246914 0.012807 0.00507585 -0.00423118 -0.00342373 0.00064133 0.000820669
internal_weight=8061 6897 4697 1625 1164 3072 2200 486 845 1714 933 885 421 319
internal_count=8061 6897 4697 1625 1164 3072 2200 486 845 1714 933 885 421 319
cat_boundaries=0 4 8 12 16 19 23
cat_threshold=148915587 1183853573 2084700698 2 1085544 945931082 20529568 1 67371140 539365704 2197536 16 604899348 134385760 2184260769 13 1153 68157440 1077936128 33562624 16781344 64 16
is_linear=0
shrinkage=0.03


Tree=13
num_leaves=15
num_cat=8
split_feature=6 0 7 0 0 0 7 7 6 0 1 1 6 0
split_gain=163.598 89.5206 38.6626 38.4656 32.7671 30.5306 24.0941 21.6425 20.0831 17.4276 16.5842 13.8876 17.0311 14.4461
threshold=-0.11252936934307466 0 -0.019874739527004689 1 2 3 -0.01196318224878423 -0.18326412077226403 0.20010370128022539 4 5 6 0.025815960504518291 7
decision_type=8 9 8 9 9 9 8 8 10 9 1 1 10 9
left_child=3 6 4 7 -3 8 -2 -1 -4 10 -8 -7 13 -13
right_child=1 2 5 -5 -6 11 9 -9 -10 -11 -12 12 -14 -15
leaf_value=0.005769827573835074 0.00091437390260015793 -0.00029933388978520742 -5.8754895470056809e-05 0.0038400998662649092 0.00075794516258804708 -0.00029736359602692294 -9.122291276461987e-06 -0.00022465969029703518 -0.0016799082976701172 -0.00011758439069483196 0.00037847796856614217 0.00012398669497355397 -0.00090328591812595805 -7.86854735519111e-05
leaf_weight=113 371 348 1623 725 554 596 396 313 270 945 512 219 634 536
leaf_count=113 371 348 1623 725 554 596 396 313 270 945 512 219 634 536
internal_value=-0.000290619 -0.00201314 -0.0043215 0.0101911 0.00126386 -0.00563177 0.00295434 0.00275229 -0.00285339 0.00157043 0.0045098 -0.00822556 -0.00645461 -0.00345695
internal_weight=8155 7004 4780 1151 902 3878 2224 426 1893 1853 908 1985 1389 755
internal_count=8155 7004 4780 1151 902 3878 2224 426 1893 1853 908 1985 1389 755
cat_boundaries=0 4 8 11 15 18 19 20 23
cat_threshold=140526977 1150986309 2018118168 2 872677381 539103576 137201666 25 303308806 151257264 67379331 1184238166 171967778 3482658 13 134235265 1141934080 402653192 992 836 269058080 262152 16810048
is_linear=0
shrinkage=0.03


Tree=14
num_leaves=15
num_cat=3
split_feature=7 1 3 7 7 7 7 9 1 1 3 7 7 10
split_gain=120.623 23.6819 21.0855 22.0475 20.3536 22.5653 19.8724 23.6173 22.1036 17.5621 14.0147 10.9366 10.5748 16.139
threshold=-0.010811314909094259 0 12.963249221348677 0.082135990426800212 0.0023086880273881509 -0.0010619683674346623 -0.28091241092654767 4.669720230430376 1 2 9.0507580544757698 -0.033247376480055373 0.033524169600873684 26.462954545454547
decision_type=8 1 2 10 8 10 10 2 1 1 2 10 10 2
left_child=6 2 3 -2 5 -3 -1 9 -9 11 -6 -8 -12 -14
right_child=1 4 -4 -5 10 -7 7 8 -10 -11 12 -13 13 -15
leaf_value=0.0088693399399766594 7.1443960712981879e-05 -8.5110333757767249e-05 -0.0016256142255404104 -0.00072263028468064097 6.1732383851571796e-05 -7.066734778344807e-05 0.001790231243871157 0.0015598247826914601 0.00029770498294049271 -0.00029387253425067141 -5.7919080324348144e-05 -0.00069475080814558057 -0.00073053420321634406 3.6762445073262545e-05
leaf_weight=140 2033 335 32 530 280 248 150 798 969 201 1281 66 899 219
leaf_count=140 2033 335 32 530 280 248 150 798 969 201 1281 66 899 219
internal_value=-2.56692e-05 -0.0023203 -0.000172745 0.000128755 -0.00401589 -0.00910806 0.00575731 0.00505495 0.00657046 -0.00136691 -0.00292273 0.00451327 -0.00366403 -0.00579606
internal_weight=8181 5857 2595 2563 3262 583 2324 2184 1767 417 2679 216 2399 1118
internal_count=8181 5857 2595 2563 3262 583 2324 2184 1767 417 2679 216 2399 1118
cat_boundaries=0 1 2 3
cat_threshold=26 266 182
is_linear=0
shrinkage=0.03


Tree=15
num_leaves=15
num_cat=1
split_feature=6 6 7 7 6 6 10 7 7 3 10 1 10 8
split_gain=133.256 44.3877 30.0125 24.9412 24.7399 24.4708 21.4168 21.209 20.2165 16.7368 15.4289 14.1694 13.8503 13.6772
threshold=-0.11252936934307466 0.20010370128022539 -0.010811314909094259 0.0026687593786376422 -0.0073728470843539276 0.0016930479740144835 16.075000000000003 -0.18326412077226403 0.034192670141456556 9.5322426788983439 19.915000000000003 0 26.074090909090913 8.5891979223629118
decision_type=8 10 8 8 10 10 2 8 10 2 2 1 2 2
left_child=7 2 6 4 -4 9 -2 -1 13 -6 -9 -10 -12 -5
right_child=1 -3 3 8 5 -7 -8 10 11 -11 12 -13 -14 -15
leaf_value=0.0080096141549908916 0.0010349441785119102 -0.0016224530931206384 8.5346199231516734e-05 0.00014990490672954273 -0.00010576615849202788 -6.0074925356785027e-05 7.6451235616735056e-05 0.0027534457598194576 -0.0010007016249913309 -6.8547327349944616e-05 -0.00013974115855913959 -0.00015644332461382281 0.0022853668962828366 1.633983899616647e-05
leaf_weight=225 354 791 263 46 73 287 1056 503 221 243 270 1391 167 2281
leaf_count=225 354 791 263 46 73 287 1056 503 221 243 270 1391 167 2281
internal_value=-0.000201934 -0.0017642 -0.000912309 -0.00204162 -0.00665127 -0.01 0.00293617 0.00919313 -0.00102818 -0.0157595 0.00721277 -0.00361042 0.00308924 0.000760636
internal_weight=8171 7006 6215 4805 866 603 1410 1165 3939 316 940 1612 437 2327
internal_count=8171 7006 6215 4805 866 603 1410 1165 3939 316 940 1612 437 2327
cat_boundaries=0 1
cat_threshold=256
is_linear=0
shrinkage=0.03


Tree=16
num_leaves=15
num_cat=5
split_feature=6 0 0 7 0 0 7 0 6 7 7 6 6 6
split_gain=130.323 85.5531 39.1028 29.2789 45.7495 28.6086 16.435 16.9936 24.1204 15.446 14.9986 14.4766 19.9166 19.4009
threshold=-0.11252936934307466 0 1 -0.010195007055808778 2 3 -0.01196318224878423 4 0.023929203468267882 -0.28091241092654767 -0.058063571869059409 -0.010613482553319285 0.00050167359054942306 0.11870540680184762
decision_type=8 9 9 8 9 9 8 9 10 8 8 8 8 10
left_child=2 6 9 4 -3 -5 -2 -8 -9 -1 -4 -7 -13 -14
right_child=1 3 10 5 -6 11 7 8 -10 -11 -12 12 13 -15
leaf_value=0.0059674705980471733 0.0007329229312705366 -0.00078167725854069085 0.0043739635698545973 -9.6897437402204995e-05 0.00033271941699079458 -0.00010305565232557894 0.00017635579212923989 0.00011614584600333017 -0.00052720292207574491 -0.00078922978002135742 0.001615135529761551 -7.5776416906330789e-05 -0.00014088314917438867 -0.0021539254459539995
leaf_weight=36 371 323 528 1702 829 329 1014 437 413 179 423 306 926 413
leaf_count=36 371 323 528 1702 829 329 1014 437 413 179 423 306 926 413
internal_value=-0.000441123 -0.00197508 0.00885077 -0.00421662 -5.20833e-05 -0.00553319 0.00287305 0.0017382 -0.00139535 -0.0028 0.0113944 -0.00798387 -0.00917325 -0.00759522
internal_weight=8229 7063 1166 4828 1152 3676 2235 1864 850 215 951 1974 1645 1339
internal_count=8229 7063 1166 4828 1152 3676 2235 1864 850 215 951 1974 1645 1339
cat_boundaries=0 4 8 12 16 19
cat_threshold=140527493 1150331911 2014970376 3 262276 2101592 2050 17 311730178 151257120 32768 24 2727614482 172118336 6630562 12 138413445 68159488 2013266440
is_linear=0
shrinkage=0.03


Tree=17
num_leaves=15
num_cat=9
split_feature=6 0 0 7 0 0 0 3 0 7 7 0 1 0
split_gain=113.688 88.1321 67.3816 29.6451 29.4488 25.0623 21.2442 19.281 14.0521 12.4734 14.2402 12.9205 12.1934 19.2384
threshold=-0.047406134243228586 0 1 -0.0077234771267149496 2 3 4 8.8952869877123568 5 0.003376273315324863 0.01069094195438103 6 7 8
decision_type=8 9 9 8 9 9 9 2 9 8 10 9 1 9
left_child=2 12 7 5 9 -3 -4 -1 -9 -5 -11 -12 13 -2
right_child=1 3 6 4 -6 -7 -8 8 -10 10 11 -13 -14 -15
leaf_value=0.0043370903267805957 0.00013561264675980334 -0.00026389957753543262 0.0028805608915624696 -9.7241128654978136e-05 -0.00031448568341542937 0.00056244710294474864 0.0012643134190213801 -0.00063732450003246561 -0.00012754472721339003 9.7474975932656773e-05 0.00021449817126826127 -0.0003975082637721289 0.00023930688970816335 -0.0001076015337843954
leaf_weight=109 247 337 316 233 1880 522 913 124 444 354 224 560 1379 485
leaf_count=109 247 337 316 233 1880 522 913 124 444 354 224 560 1379 485
internal_value=-0.000114433 -0.00207844 0.00629591 -0.00463107 -0.00595201 0.000314319 0.0104358 -0.00135371 -0.00359155 -0.00254164 -0.00126538 -0.00352041 0.00289958 -0.000242588
internal_weight=8127 6221 1906 4110 3251 859 1229 677 568 1371 1138 784 2111 732
internal_count=8127 6221 1906 4110 3251 859 1229 677 568 1371 1138 784 2111 732
cat_boundaries=0 3 7 11 15 19 22 25 26 29
cat_threshold=139216135 1184024646 2014323336 269819908 694309336 134447298 17 271648912 138937505 74386482 2 378576896 151257265 263234 16 547356729 301990913 805318656 4 1310720 6291584 196608 268435584 138412064 132128 928 0 1108379714 939524616
is_linear=0
shrinkage=0.03


Tree=18
num_leaves=15
num_cat=7
split_feature=6 0 7 0 0 0 1 7 6 0 6 3 6 0
split_gain=142.718 79.7305 35.9249 38.1557 33.0666 27.9636 20.5255 17.7632 16.8197 15.4826 14.6045 14.5577 13.2909 12.898
threshold=-0.11252936934307466 0 -0.005740817121066665 1 2 3 4 0.0023086880273881509 0.20010370128022539 5 -0.0058604319003778818 8.8952869877123568 -0.017104764772574828 6
decision_type=8 9 10 9 9 9 1 10 10 9 10 2 8 9
left_child=5 6 3 -3 7 -1 9 10 11 -2 -4 -5 -8 -14
right_child=1 2 4 8 -6 -7 12 -9 -10 -11 -12 -13 13 -15
leaf_value=0.0037618312545653412 6.1201973348192951e-05 -0.00024636330184836367 1.4497239568660489e-05 0.0035912097317384898 -9.33668657708625e-05 0.0015995780045602794 0.00044698711933174797 -0.00062346703400308122 -0.0013145796892010822 0.00048923461737534015 -5.4783044519793478e-05 0.00026224539419203273 7.1881334672908823e-05 -0.0001607252409898835
leaf_weight=435 381 808 34 35 1755 706 229 899 88 611 176 958 385 649
leaf_count=435 381 808 34 35 1755 706 229 899 88 611 176 958 385 649
internal_value=-8.4673e-05 -0.00168664 -0.00388621 -0.000682901 -0.00601257 0.0097546 0.00295364 -0.0100536 0.00299725 0.00616766 -0.018 0.00413897 0.000400628 -0.00104449
internal_weight=8149 7008 4753 1889 2864 1141 2255 1109 1081 992 210 993 1263 1034
internal_count=8149 7008 4753 1889 2864 1141 2255 1109 1081 992 210 993 1263 1034
cat_boundaries=0 4 8 11 15 16 20 23
cat_threshold=2296663425 1150331908 2018511368 2 924327940 186781872 274435 29 1073852488 285492105 117985749 109095034 1376059904 756035588 4 26 2361344 67144708 1610612744 2 2359296 67143684 939524104
is_linear=0
shrinkage=0.03


Tree=19
num_leaves=15
num_cat=1
split_feature=7 6 6 6 6 6 6 9 9 9 7 9 1 10
split_gain=111.042 38.4629 31.967 21.6024 31.5223 39.0397 21.131 20.9239 19.029 15.6291 14.4569 13.3443 17.2508 13.0818
threshold=-0.042781460093452843 -0.019879282923335847 -0.22494340744364824 0.20010370128022539 0.0016930479740144835 -0.0018062611742548638 0.014437987306569868 8.9144391624861061 10.614838519915059 10.292085994398301 -0.0084537786276674947 4.1587609981435856 0 14.184000000000001
decision_type=8 8 10 10 8 10 8 2 2 2 8 2 1 2
left_child=2 8 -1 4 5 9 -6 13 11 -3 -7 -2 -13 -4
right_child=1 3 7 -5 6 10 -8 -9 -10 -11 -12 12 -14 -15
leaf_value=0.0051180024222161049 -0.00053147693555155692 -0.00011528002416597737 0.0021734355361581591 -0.0015471348073751107 6.1759403345256354e-05 0.00016860185744147746 -0.00010249610931072287 0.001515533258522892 0.00098379630820540271 0.00037613278814710248 -5.621765502420402e-05 -0.00043935401479599194 0.00037717534702585016 -5.8061181787461507e-05
leaf_weight=417 193 544 130 687 600 51 2923 291 156 107 343 114 1062 542
leaf_count=417 193 544 130 687 600 51 2923 291 156 107 343 114 1062 542
internal_value=-0.000235294 -0.00181416 0.00752174 -0.0030314 -0.00228546 -0.00686124 -0.000928186 0.00451713 0.00238033 -0.00235023 -0.0143147 0.00124909 0.00244898 0.00160714
internal_weight=8160 6780 1380 5255 4568 1045 3523 963 1525 651 394 1369 1176 672
internal_count=8160 6780 1380 5255 4568 1045 3523 963 1525 651 394 1369 1176 672
cat_boundaries=0 1
cat_threshold=5
is_linear=0
shrinkage=0.03


Tree=20
num_leaves=15
num_cat=7
split_feature=6 0 0 6 0 6 0 1 3 6 1 6 6 0
split_gain=112.17 71.3074 63.6808 32.4207 19.345 16.9168 20.5034 16.7087 14.8619 13.2661 11.7173 11.1376 16.9062 14.2973
threshold=-0.047406134243228586 0 1 -0.22494340744364824 2 0.20010370128022539 3 4 9.0286983252390733 0.00050167359054942306 5 -0.019879282923335847 -0.0398027113980488 6
decision_type=8 9 9 10 9 10 9 1 2 8 1 8 10 9
left_child=2 10 -1 -4 -5 6 7 11 -8 -9 -2 12 -3 -13
right_child=1 5 3 4 -6 -7 8 9 -10 -11 -12 13 -14 -15
leaf_value=0.0024037508876365108 0.00032985981348083277 -0.001278661914261829 0.0046141499129760738 -0.0006705656047516958 0.00029612442541244229 -0.0015839470404646016 0.00057492064699552327 -5.5872615995324969e-05 -6.2622942921250951e-05 -7.987076784371509e-05 1.8968108755987467e-05 4.1522431550203104e-05 0.0012100885406619577 -0.00036729987435394848
leaf_weight=550 898 32 398 334 580 561 95 247 1928 240 1439 236 74 531
leaf_count=550 898 32 398 334 580 561 95 247 1928 240 1439 236 74 531
internal_value=-0.00015105 -0.00206814 0.00631579 0.00263238 -0.000459519 -0.004522 -0.00373337 -0.00656934 -0.00178554 -0.0110463 0.00208351 -0.00397508 0.00509434 -0.00528031
internal_weight=8143 6281 1862 1312 914 3944 3383 1360 2023 487 2337 873 106 767
internal_count=8143 6281 1862 1312 914 3944 3383 1360 2023 487 2337 873 106 767
cat_boundaries=0 3 7 11 15 16 17 21
cat_threshold=139740551 1309862914 2014317066 14682217 1343817221 896020481 4 1343494 673337752 135266436 16 3573682184 826282281 101208129 8 314 11 268435464 268435744 0 8
is_linear=0
shrinkage=0.03


Tree=21
num_leaves=15
num_cat=6
split_feature=6 0 0 6 0 6 6 0 6 6 0 3 6 0
split_gain=104.313 81.2444 32.8384 27.8664 20.8392 17.3094 13.0149 17.0461 14.5156 19.4992 14.8219 12.9355 10.4933 23.3328
threshold=-0.11718469673434305 0 1 0.1887277660178999 2 -0.26476653851356419 0.018576350292049962 3 0.0016930479740144835 -0.0025463322769825321 4 8.7097125697845197 -0.018702126716118702 5
decision_type=8 9 9 10 9 10 8 9 10 10 9 2 8 9
left_child=2 12 11 4 -3 -4 8 -8 9 10 -6 -1 13 -2
right_child=1 3 5 -5 6 -7 7 -9 -10 -11 -12 -13 -14 -15
leaf_value=0.0026093977233706562 -3.9747295202506405e-05 -9.5434901312931294e-05 0.0060902830674810539 -0.0020239422684734105 -0.00013246835525984377 0.0016640359992386861 0.00014816338683104613 -0.00053529636236802664 0.000101866599976521 -8.0381709207879572e-05 0.00035725161273846402 -0.00076153961111900044 9.0656564515795418e-05 0.001073227377244208
leaf_weight=49 220 1754 330 666 352 550 443 633 275 124 423 176 1939 241
leaf_count=49 220 1754 330 666 352 550 443 633 275 124 423 176 1939 241
internal_value=-0.00012844 -0.00146818 0.00844344 -0.00376923 -0.00283217 0.0109888 -0.000902655 -0.00328996 0.00127768 -0.000567297 0.0012 -0.00191489 0.00301245 0.00709328
internal_weight=8175 7070 1105 4670 4004 880 2250 1076 1174 899 775 225 2400 461
internal_count=8175 7070 1105 4670 4004 880 2250 1076 1174 899 775 225 2400 461
cat_boundaries=0 4 8 12 16 20 24
cat_threshold=140789637 1175620612 2051082280 2 604241924 538972440 2050 8 1342316568 960500474 67126608 20 1083394 8405248 20586628 9 43057154 2113792 18489474 8 263172 33718272 138479624 2
is_linear=0
shrinkage=0.03


Tree=22
num_leaves=15
num_cat=1
split_feature=7 6 1 6 6 6 6 3 9 9 6 10 4 7
split_gain=96.4244 33.2303 28.2307 27.578 21.8118 17.5015 16.7159 13.7516 13.6317 13.2977 14.1256 13.1082 14.2863 11.691
threshold=-0.042781460093452843 -0.019879282923335847 0 -0.22494340744364824 0.00079732319228753578 -0.0018062611742548638 0.023929203468267882 12.727306890571166 7.3634063035133703 8.9144391624861061 0.15362153062198217 16.075000000000003 9.1828149678928614 -0.0054215697834165679
decision_type=8 10 1 10 10 10 10 2 2 2 10 2 10 8
left_child=3 8 7 -1 5 -4 -6 -3 -2 11 -11 -5 -13 -7
right_child=1 2 4 9 6 13 -8 -9 -10 10 -12 12 -14 -15
leaf_value=0.0048097507534598837 -4.374641649388056e-05 -1.0532002486834748e-05 -0.00013604616006839866 0.0018718947979258643 1.9925126173496161e-05 -2.4097524912711319e-05 -0.00058866927769420118 -0.001234745514725618 0.00036997403209116026 0.0015280859484619129 -0.00060540130540482305 0.001569423081860458 -0.00015698617079818909 -4.8181194656084483e-05
leaf_weight=421 820 2408 315 156 490 33 1311 65 1135 272 30 108 419 180
leaf_count=421 820 2408 315 156 490 33 1311 65 1135 272 30 108 419 180
internal_value=-0.000106578 -0.0015939 -0.00293628 0.00704125 -0.00529714 -0.0106818 -0.00374792 -0.000688683 0.00170332 0.00429442 0.00953642 0.00197657 -0.00028463 -0.0173239
internal_weight=8163 6757 4802 1406 2329 528 1801 2473 1955 985 302 683 527 213
internal_count=8163 6757 4802 1406 2329 528 1801 2473 1955 985 302 683 527 213
cat_boundaries=0 1
cat_threshold=27
is_linear=0
shrinkage=0.03


Tree=23
num_leaves=15
num_cat=1
split_feature=6 6 1 3 9 9 10 3 6 6 8 10 9 9
split_gain=102.127 32.1001 16.4673 19.6568 15.0404 15.1465 14.3768 16.0142 13.4376 47.3129 14.8483 13.0315 11.5324 10.7331
threshold=-0.11252936934307466 0.20010370128022539 0 8.6871890949606758 7.7169455745931126 4.2020771920452775 19.785000000000004 8.0594042983760321 0.0016930479740144835 -0.0058604319003778818 9.5802274691254947 26.074090909090913 5.1474775755002211 4.1587609981435856
decision_type=8 10 1 2 2 2 2 2 8 10 2 2 2 2
left_child=6 2 13 -4 5 -3 -1 -8 9 -5 -11 -9 -7 -2
right_child=1 4 3 8 -6 12 7 11 -10 10 -12 -13 -14 -15
leaf_value=0.0033399029894039278 -9.5615803406253646e-05 -0.0024071767523292493 0.00047895437575038276 -4.7514452042693424e-05 -0.0019473078391025293 0.0011904845423600424 0.012235971572888905 1.7042176274943143e-05 -2.7729485532119662e-05 -6.9539417446689479e-05 -4.6597837939620822e-05 0.0026711419219734981 -0.00041407986956076376 7.8171632592467484e-05
leaf_weight=585 302 150 99 1020 337 70 38 346 1942 113 336 168 225 2394
leaf_count=585 302 150 99 1020 337 70 38 346 1942 113 336 168 225 2394
internal_value=2.58462e-05 -0.00133085 -0.000609088 -0.00196023 -0.00705882 -0.0034382 0.00836412 0.0048913 -0.00234828 -0.00451327 -0.0126281 0.00350195 0.000508475 0.00115299
internal_weight=8125 6988 6206 3510 782 445 1137 552 3411 1469 449 514 295 2696
internal_count=8125 6988 6206 3510 782 445 1137 552 3411 1469 449 514 295 2696
cat_boundaries=0 1
cat_threshold=26
is_linear=0
shrinkage=0.03


Tree=24
num_leaves=15
num_cat=6
split_feature=6 0 0 7 0 3 0 3 0 6 7 6 7 0
split_gain=91.0069 92.0033 77.2376 28.436 27.4333 22.1048 19.8449 18.5251 21.2412 16.0876 14.2307 14.2109 21.5276 18.8737
threshold=-0.010613482553319285 0 1 -0.14518536190521478 2 8.0594042983760321 3 11.56725263948413 4 0.00050167359054942306 0.0042284468488911217 0.034693739602658986 0.0026687593786376422 5
decision_type=8 9 9 8 9 2 9 2 9 8 8 10 8 9
left_child=1 5 9 -3 -5 -1 -4 8 -7 -2 -11 12 -8 -13
right_child=2 3 6 4 -6 7 11 -9 -10 10 -12 13 -14 -15
leaf_value=0.0097125907899892616 -5.5547768484161508e-05 0.0079621560281345118 0.000119537961717625 0.0010797934287864626 0.00043109106019674639 -0.0008451551882163172 -6.745205190309382e-05 -0.00054905980566719438 4.0666067312808207e-05 -4.3787734142763081e-05 -0.00069757581652484858 0.0001077821696370749 7.6735904721336764e-05 -0.00072375564418975912
leaf_weight=33 254 230 1450 672 963 230 405 151 579 351 1014 340 753 726
leaf_count=33 254 230 1450 672 963 230 405 151 579 351 1014 340 753 726
internal_value=-0.00013618 0.00417775 -0.00246552 0.00808 0.00673394 -0.0032004 -4.88599e-05 -0.0040625 -0.00226205 -0.00790055 -0.00665934 -0.00182632 0.000466321 -0.00433396
internal_weight=8151 2858 5293 1865 1635 993 3674 960 809 1619 1365 2224 1158 1066
internal_count=8151 2858 5293 1865 1635 993 3674 960 809 1619 1365 2224 1158 1066
cat_boundaries=0 3 7 11 14 17 20
cat_threshold=823533956 23216634 4410566 923447400 285282312 2250674501 9 203443305 1342243841 2116026913 4 134482053 110766146 2031168008 537141252 6291504 2 1079002370 4211072 4195344
is_linear=0
shrinkage=0.03


Tree=25
num_leaves=15
num_cat=8
split_feature=7 0 0 6 0 0 6 0 1 3 0 6 7 0
split_gain=83.988 63.9061 63.5611 26.206 20.5205 19.4754 14.3045 14.23 13.5795 17.0083 14.6122 11.4183 16.3323 15.8688
threshold=-0.010195007055808778 0 1 -0.074890231681088423 2 3 -0.019879282923335847 4 5 9.5902141210617486 6 0.11566226310112883 0.0023086880273881509 7
decision_type=8 9 9 10 9 9 8 9 1 2 9 10 8 9
left_child=2 6 -1 7 -3 -5 -2 -4 10 -10 -8 12 -6 -13
right_child=1 4 3 5 11 -7 8 -9 9 -11 -12 13 -14 -15
leaf_value=-9.9252524021154083e-05 0.00090194284617589756 -0.00022643717530214396 0.0030841737013058241 -6.2927329224154343e-05 -5.4008373260318713e-05 0.00087056358768194855 -6.542849034600101e-05 0.0023391291755165407 0.00026823799773566481 -0.00026624142508307986 0.00031503122713969487 7.6969060803461832e-06 -1.2524502833135848e-05 -0.0022373816560632793
leaf_weight=844 311 1353 205 323 370 516 395 490 189 400 680 213 1563 339
leaf_count=844 311 1353 205 323 370 516 395 490 189 400 680 213 1563 339
internal_value=-0.00015749 -0.00210046 0.00459209 0.00819948 -0.00435031 0.00468415 0.00228212 0.0125612 0.0011899 -0.00245409 0.00317972 -0.00270541 -0.00162959 -0.00652174
internal_weight=8191 5813 2378 1534 3838 839 1975 695 1664 589 1075 2485 1933 552
internal_count=8191 5813 2378 1534 3838 839 1975 695 1664 589 1075 2485 1933 552
cat_boundaries=0 4 7 11 15 19 20 24 27
cat_threshold=144723335 1276152900 2018517512 4 337028230 157438392 2149712194 3238531648 292098058 2265028944 17 41943080 33817665 89399937 16 41943096 1375732737 84410368 20 155 2099204 33796 272637952 4 608436240 570573072 393220
is_linear=0
shrinkage=0.03


Tree=26
num_leaves=15
num_cat=8
split_feature=6 0 7 0 0 6 7 6 3 0 1 0 0 1
split_gain=92.6426 54.0298 31.5153 42.4494 34.4817 17.3174 16.8467 13.4333 13.1859 12.7436 12.1728 15.4941 13.0074 11.0665
threshold=-0.22494340744364824 0 -0.0077234771267149496 1 2 0.252700762674051 0.20666396621761554 -0.024592623589972714 8.6871890949606758 3 4 5 6 7
decision_type=8 9 8 9 9 10 8 8 2 9 1 9 9 1
left_child=6 7 3 10 5 -4 -1 9 -6 13 11 -3 -12 -2
right_child=1 2 4 -5 8 -7 -8 -9 -10 -11 12 -13 -14 -15
leaf_value=0.0044071928362450115 0.00087488456079062068 -0.00092248165853982549 -0.00020597134464723897 0.00057082895148388593 0.0015375850908700562 -0.00476313782927005 -0.00074040909891895683 7.2852013074642565e-05 -7.5286475946514321e-05 0.0010667954879259207 -6.2951154624814527e-05 0.00075059805434522819 -0.00074108539608337589 -0.00043668988204145542
leaf_weight=519 123 112 757 790 52 129 71 1784 2820 282 215 171 232 100
leaf_count=519 123 112 757 790 52 129 71 1784 2820 282 215 171 232 100
internal_value=0.000143435 -0.000749306 -0.00241679 0.00122368 -0.00389569 -0.00904018 0.0115932 0.00309265 -0.00226926 0.00742574 -0.00397297 0.000921502 -0.00702407 0.00167382
internal_weight=8157 7567 5278 1520 3758 886 590 2289 2872 505 730 283 447 223
internal_count=8157 7567 5278 1520 3758 886 590 2289 2872 505 730 283 447 223
cat_boundaries=0 3 7 11 14 15 18 22 23
cat_threshold=140528771 1142581254 946602554 345284612 692326832 67253441 24 1090560600 278987272 33591365 16 1154 149506 136839706 26 1343492 134217856 192 336855040 134484096 193 16 266
is_linear=0
shrinkage=0.03


Tree=27
num_leaves=15
num_cat=7
split_feature=7 0 0 0 6 1 1 6 3 2 0 0 6 6
split_gain=81.0183 76.9101 49.4806 27.2422 22.278 20.3617 20.0855 19.1303 16.5904 15.1913 14.5439 13.5116 12.8619 12.0801
threshold=-0.042781460093452843 0 1 2 -0.003992990836865217 3 4 -0.30880271389628694 9.0507580544757698 1996.5000000000002 5 6 -0.020989385867687279 -0.044094878024125699
decision_type=8 9 9 9 10 1 1 10 2 2 9 9 10 10
left_child=2 4 8 6 11 10 9 -4 -1 -3 -6 -2 -8 -5
right_child=1 3 7 13 5 -7 12 -9 -10 -11 -12 -13 -14 -15
leaf_value=0.0022945492370285039 0.00013062956026241524 -0.00038991399355135109 0.0083202770564073138 0.00017633852508324463 -6.1955379752487308e-05 -9.219398557466038e-05 -0.00020568756834809932 0.0014281616762730355 -0.000266191707856673 -3.3928697699960019e-05 0.00033970339334707926 0.00077299535831066007 -0.00055152848370144502 -4.9122912130541861e-05
leaf_weight=119 324 351 167 585 314 689 230 706 419 688 477 500 472 2144
leaf_count=119 324 351 167 585 314 689 230 706 419 688 477 500 472 2144
internal_value=0.000157605 -0.00120461 0.00669738 -0.00349554 0.00324114 0.00105405 -0.0064249 0.0110419 -0.000547445 -0.00368923 0.00430712 0.00720874 -0.0103652 -0.00161008
internal_weight=8185 6774 1411 4470 2304 1480 1741 873 538 1039 791 824 702 2729
internal_count=8185 6774 1411 4470 2304 1480 1741 873 538 1039 791 824 702 2729
cat_boundaries=0 4 7 11 12 13 17 20
cat_threshold=140004743 1276283909 1476665512 4 807280646 2490874 2281998561 3078725648 564138008 67162453 26 79 155 4721666 1207993345 262176 4 1575300 201492480 270464
is_linear=0
shrinkage=0.03


Tree=28
num_leaves=15
num_cat=1
split_feature=6 6 3 1 7 7 10 6 7 6 6 8 6 8
split_gain=84.1983 30.2153 18.9586 16.3564 13.3007 13.2731 13.2161 13.0997 11.5239 10.4949 18.3611 15.5229 12.2402 12.1247
threshold=-0.11252936934307466 0.11870540680184762 8.0594042983760321 0 0.26551762197589085 0.017519026183651313 20.625000000000004 -0.22494340744364824 0.019259115902703797 0.0016930479740144835 -0.020989385867687279 9.5251779972918804 0.0036793829376602365 8.8443464318019505
decision_type=8 10 2 1 8 10 2 10 10 8 10 2 8 2
left_child=2 3 -1 5 7 -2 -3 -4 -7 10 -5 -12 -11 -14
right_child=1 6 4 9 -6 8 -8 -9 -10 12 11 -13 13 -15
leaf_value=0.014461388660073135 8.3508039863940654e-05 -0.0012363267382489911 0.0038965072324981106 -3.6420199978766823e-05 -0.00037536217375065965 -0.00112003604461605 -0.00027251386896506884 0.00076840353976431047 -4.4722958928786165e-05 0.00016359695027406393 -5.0884587346112633e-05 -5.2146090114764607e-05 0.00084784799303545789 -5.156776771587651e-05
leaf_weight=46 1834 788 464 636 120 36 551 526 1039 62 100 557 48 1289
leaf_count=46 1834 788 464 636 120 36 551 526 1039 62 100 557 48 1289
internal_value=-0.000281621 -0.00153026 0.00721453 -0.0005624 0.00643243 0.000996917 -0.00557879 0.00757576 -0.00164651 -0.00224278 -0.00419954 -0.00771689 -0.000450322 -0.0010546
internal_weight=8096 6940 1156 5601 1110 2909 1339 990 1075 2692 1293 657 1399 1337
internal_count=8096 6940 1156 5601 1110 2909 1339 990 1075 2692 1293 657 1399 1337
cat_boundaries=0 1
cat_threshold=58
is_linear=0
shrinkage=0.03


Tree=29
num_leaves=15
num_cat=8
split_feature=7 0 0 6 0 1 0 6 6 0 7 1 0 7
split_gain=80.7691 60.7213 59.0778 23.1292 18.9475 18.0527 16.6968 15.6169 14.3333 22.4231 13.0736 27.0605 21.2676 14.1632
threshold=-0.023850300466386806 0 1 -0.22494340744364824 2 3 4 0.11870540680184762 0.010878560080524126 5 0.0023086880273881509 6 7 -0.0063048520960040646
decision_type=8 9 9 10 9 1 9 10 10 9 8 1 9 10
left_child=1 -1 5 -3 -4 -2 -5 10 -7 -10 11 -6 -12 -13
right_child=2 3 4 6 7 8 -8 -9 9 -11 12 13 -14 -15
leaf_value=-0.00015925748798689546 -1.7435538919622038e-05 0.0049358454405317729 -6.8085644255063275e-05 0.00013496770126062904 -1.6230246774920962e-05 0.00025891470214414156 0.0010877543916128372 -0.0018175619828034882 0.00045641743602125234 -0.0001261966843620756 9.1442081533236105e-05 -0.00012498440230684853 -0.0004223365021383373 -6.8760399724879511e-05
leaf_weight=542 1113 334 1977 341 235 506 655 427 215 367 378 86 833 160
leaf_count=542 1113 334 1977 341 235 506 655 427 215 367 378 86 833 160
internal_value=-0.000150569 0.00532051 -0.00177704 0.00873134 -0.00390161 0.00218453 0.00650602 -0.005876 0.00491803 0.00175258 -0.00460993 -0.00879418 -0.00294798 -0.0154687
internal_weight=8169 1872 6297 1330 4096 2201 996 2119 1088 582 1692 481 1211 246
internal_count=8169 1872 6297 1330 4096 2201 996 2119 1088 582 1692 481 1211 246
cat_boundaries=0 4 8 12 13 16 20 21 25
cat_threshold=806756486 23200248 67109056 8 140791171 1150594052 2080375370 4 278532644 172118098 2155178112 10 433 109150208 135532544 537700391 134497665 0 134218240 4 282 106496 285212704 16778241 1
is_linear=0
shrinkage=0.03


Tree=30
num_leaves=15
num_cat=2
split_feature=6 7 6 1 6 6 7 10 3 7 1 2 6 7
split_gain=73.2981 21.6354 19.9151 19.1496 19.3166 27.9662 15.7338 14.2508 13.8914 13.5067 9.82986 11.4843 11.5332 16.4073
threshold=-0.1071601938228026 -0.18326412077226403 0.11870540680184762 0 0.0016930479740144835 -0.0018062611742548638 -0.014350164338995162 19.883333333333336 8.6871890949606758 -0.043952377790775536 1 2007.5000000000002 -0.022015434916530904 0.00071594533395336068
decision_type=8 8 10 1 8 10 10 2 2 8 1 2 10 10
left_child=1 -1 3 -2 5 10 -7 -3 -6 -4 -5 12 -12 -14
right_child=2 7 9 4 8 6 -8 -9 -10 -11 11 -13 13 -15
leaf_value=0.0064594631850053933 5.8570027193066229e-05 0.0021266783815262068 0.0010125280728344301 -0.00023975641632717579 0.00033348953873931121 2.5030709391843922e-05 -4.1545881454134722e-05 0.00011468121633487048 -1.5697922797199069e-05 -0.00078856159800071244 1.0972345462341489e-05 0.0010148994763615664 -0.00015400912466629626 4.9013695327282961e-05
leaf_weight=236 2374 517 129 163 63 62 255 430 1658 1178 609 56 221 145
leaf_count=236 2374 517 129 163 63 62 255 430 1658 1178 609 56 221 145
internal_value=-0.000281621 0.00661877 -0.00146246 -0.00068498 -0.00218384 -0.00466578 -0.0125868 0.00459345 -1.74317e-05 -0.00479725 -0.00256281 -0.0014121 -0.00218462 -0.00639344
internal_weight=8096 1183 6913 5606 3232 1511 317 947 1721 1307 1194 1031 975 366
internal_count=8096 1183 6913 5606 3232 1511 317 947 1721 1307 1194 1031 975 366
cat_boundaries=0 1 2
cat_threshold=26 516
is_linear=0
shrinkage=0.03


Tree=31
num_leaves=15
num_cat=6
split_feature=7 0 0 6 0 6 0 0 7 6 8 7 0 3
split_gain=67.636 61.7503 50.7637 30.0872 20.8119 20.1208 37.523 28.8537 22.9075 14.9417 13.6951 13.5886 14.5893 13.5168
threshold=-0.013686960105315114 0 1 -0.22494340744364824 2 -0.010613482553319285 3 4 0.0018806747115021063 -0.042499610266002456 9.1515746098471649 0.016231945258382122 5 10.254654838503098
decision_type=8 9 9 10 9 10 9 9 8 8 2 10 9 2
left_child=1 10 9 -3 -5 6 -4 8 -7 -2 -1 12 -8 -13
right_child=2 3 5 4 -6 7 11 -9 -10 -11 -12 13 -14 -15
leaf_value=0.00079209056793909187 0.0011707451298023338 0.0049150718843538948 -0.00051876369158132942 0.00010054282803777728 0.00098929691854441368 -7.5593563524759414e-05 0.0012333632960072098 -0.00028557482187379138 -8.1535003275697107e-07 4.0992166469936384e-05 -0.00037789164007598548 0.0012123286656100791 0.00014204992975272549 -0.00091023198119589478
leaf_weight=116 217 333 323 553 639 221 100 1420 979 1892 585 129 445 174
leaf_count=116 217 333 323 553 639 221 100 1420 979 1892 585 129 445 174
internal_value=-0.000251046 0.00420485 -0.0019322 0.00756352 0.00538591 -0.00400158 -0.000742955 -0.00547328 -0.00198347 0.00179802 -0.00316456 0.00258741 0.00544954 -0.00247525
internal_weight=8126 2226 5900 1525 1192 3791 1171 2620 1200 2109 701 848 545 303
internal_count=8126 2226 5900 1525 1192 3791 1171 2620 1200 2109 701 848 545 303
cat_boundaries=0 3 7 11 15 19 23
cat_threshold=808854662 24519098 2218787840 145902727 236096512 946350600 4 75595776 704663616 540457414 24 319619088 538968112 1073943554 16 302776624 541094132 1074988210 16 4194304 1073741835 67108864 8
is_linear=0
shrinkage=0.03


Tree=32
num_leaves=15
num_cat=7
split_feature=7 0 0 7 0 0 1 7 0 3 7 7 0 7
split_gain=65.5521 42.1909 30.7009 18.5675 20.0141 15.2605 17.4221 11.3376 14.1014 11.2988 10.678 10.2075 15.927 11.3448
threshold=-0.097413477023805747 0 1 0.16171629345534358 2 3 4 -0.010811314909094259 5 11.796162672613235 -0.18326412077226403 -0.0036372076266570903 6 0.0010939005237511348
decision_type=8 9 9 10 9 9 1 8 9 2 10 8 9 8
left_child=2 7 -1 5 -5 6 -3 9 -9 -2 -4 12 -7 -13
right_child=1 3 10 4 -6 11 -8 8 -10 -11 -12 13 -14 -15
leaf_value=-0.00029740256881059568 0.00089347582827417377 -0.00035629829197905097 0.0069432079811472267 0.00016820534647730013 -0.0029493800099283929 -0.00014712352590132399 -7.0394488781123463e-05 0.00013393799669788128 -1.8853742820772466e-05 -0.00021494826534610627 0.0021451355576584466 -2.0819575050737258e-05 0.00040709239722871283 -4.6569476029178662e-05
leaf_weight=204 405 301 230 102 265 328 1226 600 1502 84 292 213 525 1881
leaf_count=204 405 301 230 102 265 328 1226 600 1502 84 292 213 525 1881
internal_value=7.35474e-05 -0.000766954 0.00867769 -0.00241806 -0.00891008 -0.00189093 -0.0043136 0.00231834 0.00137012 0.00644172 0.012406 -0.00061887 0.00214537 -0.00174785
internal_weight=8158 7432 726 4841 367 4474 1527 2591 2102 489 522 2947 853 2094
internal_count=8158 7432 726 4841 367 4474 1527 2591 2102 489 522 2947 853 2094
cat_boundaries=0 4 7 10 13 14 17 20
cat_threshold=3359657089 1276152900 2087193288 4 100925444 136712208 134283392 537133060 4096 360449 822583376 557846696 300304 320 129 68159488 939524168 76546310 2368272 139267
is_linear=0
shrinkage=0.03


Tree=33
num_leaves=15
num_cat=10
split_feature=7 0 0 7 0 0 1 0 0 5 7 0 1 0
split_gain=57.7531 58.9993 44.4096 17.0736 19.0016 13.7514 10.831 14.9498 12.1899 15.3789 11.569 13.2735 9.40858 12.5937
threshold=-0.013686960105315114 0 1 -0.13177793123544432 2 3 4 5 6 10.034164829014767 0.1243128145449597 7 8 9
decision_type=8 9 9 10 9 9 1 9 9 10 8 9 1 9
left_child=1 12 6 -3 -5 -4 7 -2 9 -8 11 -10 -1 -14
right_child=2 3 5 4 -6 -7 8 -9 10 -11 -12 -13 13 -15
leaf_value=-0.00040142034076797866 0.00041868262697454414 0.0049920894710202366 -0.00023835915099934413 0.0010225657116448936 0.00026089336224360501 -4.1583301277121514e-05 0.00017400106796223969 7.0178286446462515e-05 -5.7344952313016509e-07 -0.00025740187612068553 -0.00022100086389063235 0.00030657477453106358 -0.00033918642377632897 0.00051564916151370429
leaf_weight=222 470 346 1430 450 734 2395 200 488 268 211 225 249 214 268
leaf_count=222 470 346 1430 450 734 2395 200 488 268 211 225 249 214 268
internal_value=5.14076e-05 0.00416294 -0.00149596 0.00744156 0.00577703 -0.00341851 0.00199434 0.00433884 2.57954e-05 -0.00406176 0.00231383 0.00481625 -0.00302521 -0.000609756
internal_weight=8170 2234 5936 1530 1184 3825 2111 958 1153 411 742 517 704 482
internal_count=8170 2234 5936 1530 1184 3825 2111 958 1153 411 742 517 704 482
cat_boundaries=0 4 8 11 15 16 20 24 27 28 31
cat_threshold=808854918 158597432 4326464 8 2296401027 1318095872 941105769 4 138952776 302187527 1478043936 1896456280 18903755 100667668 17 26 142623873 1217396736 1573384 4 142623744 1074790400 1573376 4 4194304 134251520 268435520 773 1441922 137363488 131136
is_linear=0
shrinkage=0.03


Tree=34
num_leaves=15
num_cat=3
split_feature=6 6 7 1 7 3 7 6 1 9 6 9 1 5
split_gain=56.3798 27.5825 17.4445 15.2255 11.6071 10.9724 10.6422 14.0833 10.1051 9.45299 13.3392 11.7803 9.39483 8.51593
threshold=-0.12426852602457837 0.11870540680184762 -0.17165357704065173 0 0.131463292149713 11.4567518601503 -0.030926872629523313 0.39782280392846842 1 4.5341571752535792 0.0012348021674704059 4.3411288490906221 2 10.300096808843545
decision_type=8 10 8 1 10 2 8 10 1 2 8 2 1 10
left_child=2 3 -1 4 5 -2 7 -3 -8 10 13 -12 -4 -5
right_child=1 6 12 9 -6 -7 8 -9 -10 -11 11 -13 -14 -15
leaf_value=0.005844027265465063 0.0004286443424720473 0.0013431744019438672 0.0015503627143833559 -0.00013355727326055432 -0.0014743008102180359 -0.00028852043542946739 -0.0010610754546994045 -0.003759753510313562 -0.0004587329735716931 -1.0946139924032823e-06 6.8356078234216191e-05 -0.00021957999744456186 0.0002919629239162001 -3.6972954752912876e-05
leaf_weight=261 681 108 424 232 42 59 646 36 545 4121 341 81 391 195
leaf_count=261 681 108 424 232 42 59 646 36 545 4121 341 81 391 195
internal_value=6.98273e-05 -0.000901651 0.0064684 0 0.00386364 0.00478378 -0.00478652 0.00291667 -0.00571788 -0.000614458 -0.00349823 0.00028436 0.00430675 -0.00723653
internal_weight=8163 7087 1076 5752 782 740 1335 144 1191 4970 849 422 815 427
internal_count=8163 7087 1076 5752 782 740 1335 144 1191 4970 849 422 815 427
cat_boundaries=0 1 2 3
cat_threshold=2 360 778
is_linear=0
shrinkage=0.03


Tree=35
num_leaves=15
num_cat=6
split_feature=6 0 0 6 6 1 0 6 0 0 10 6 2 3
split_gain=61.0702 45.8873 16.3484 14.8486 13.4525 12.1719 17.7537 12.8244 11.9983 11.8153 11.4522 13.3662 10.3346 10.1317
threshold=-0.22494340744364824 0 1 -0.042499610266002456 0.32887465309591507 2 3 0.3123854340940922 4 5 19.217500000000005 -0.70671115642307469 2001.5000000000002 9.0507580544757698
decision_type=8 9 9 8 10 1 9 10 9 9 2 10 2 2
left_child=10 3 4 9 -3 6 -5 8 -7 -2 -1 -12 -6 -4
right_child=1 2 13 5 12 7 -8 -9 -10 -11 11 -13 -14 -15
leaf_value=0.0042147386926080013 -0.00012879947169867914 -9.2907395205819822e-05 0.00015795834940885529 0.0006673843463195616 -0.0075679097379154625 -4.6312010956525841e-05 3.1204179485768135e-05 -0.0028208125849580865 7.2996362478900062e-05 0.00110222907409842 0.014864814893955964 0.0005722052197297485 -0.0017613819455083507 -6.5439297118734884e-05
leaf_weight=281 109 1395 227 229 58 515 564 67 673 279 44 242 54 3406
leaf_count=281 109 1395 227 229 58 515 564 67 673 279 44 242 54 3406
internal_value=-2.5789e-05 -0.000736536 -0.00234175 0.00264922 -0.00496374 0.00164062 0.00452055 -0.000213439 0.000505051 0.00804124 0.0094709 0.00524476 -0.015 -0.00124348
internal_weight=8143 7576 5140 2436 1507 2048 793 1255 1188 388 567 286 112 3633
internal_count=8143 7576 5140 2436 1507 2048 793 1255 1188 388 567 286 112 3633
cat_boundaries=0 3 7 8 11 14 17
cat_threshold=140772545 1415220228 957964810 2701242904 25190568 33591637 2 526 263169 1074790400 134742536 263297 1073742852 74242 262144 163840 134283776
is_linear=0
shrinkage=0.03


Tree=36
num_leaves=15
num_cat=7
split_feature=6 0 0 6 0 7 1 0 6 0 2 10 0 3
split_gain=62.6853 51.4748 30.027 21.4388 18.3962 15.5756 15.5517 14.0479 12.889 18.6352 19.0556 12.6595 12.0182 10.9524
threshold=-0.11718469673434305 0 1 0.20010370128022539 2 -0.17165357704065173 3 4 0.023929203468267882 5 1997.5000000000002 17.628750000000004 6 9.0286983252390733
decision_type=8 9 9 10 9 8 1 9 10 9 2 2 9 2
left_child=2 8 -1 4 6 -4 -3 -7 12 10 -10 -5 -2 -6
right_child=1 3 5 11 13 7 -8 -9 9 -11 -12 -13 -14 -15
leaf_value=-0.0006572246950736322 4.9448898831677014e-05 -0.00011403398323259442 0.0070390819443581672 -0.0021013862138934067 0.0011905691761785564 0.0027729234877604883 -6.8199026870898954e-05 0.00095149370536007035 0.000172622593795188 0.0001800107490265871 -0.00071154560036382631 -0.0008346149549259479 0.00029306741505871065 -2.7923622174049047e-05
leaf_weight=214 723 494 206 253 159 107 660 617 135 688 218 351 632 2670
leaf_count=214 723 494 206 253 159 107 660 617 135 688 218 351 632 2670
internal_value=0.000151347 -0.000915079 0.00666084 -0.00277355 -0.00198092 0.00893617 -0.00515464 0.00696133 0.00264339 0.000144092 -0.0053719 -0.00804636 0.00458303 -0.000665727
internal_weight=8127 6983 1144 4587 3983 930 1154 724 2396 1041 353 604 1355 2829
internal_count=8127 6983 1144 4587 3983 930 1154 724 2396 1041 353 604 1355 2829
cat_boundaries=0 3 7 11 12 16 19 22
cat_threshold=2289058945 1141960005 2016150088 327685 538972506 0 17 17183256 21103264 100663553 20 449 8388674 402654208 16785408 4 2147483648 1073800197 2097216 141575169 18752 1611137032
is_linear=0
shrinkage=0.03


Tree=37
num_leaves=15
num_cat=6
split_feature=7 0 0 7 0 10 7 0 2 0 4 3 5 0
split_gain=47.9143 57.3172 46.8885 17.3719 16.7956 13.6696 11.5594 11.5422 11.1056 14.9499 12.1332 9.26776 9.04519 14.2775
threshold=-0.045149271449324672 0 1 -0.14518536190521478 2 20.285000000000004 0.080322933703399282 3 1998.5000000000002 4 12.101742153903809 9.0705034201748926 10.165947961605397 5
decision_type=8 9 9 10 9 2 10 9 2 9 8 2 8 9
left_child=1 -1 6 -3 -4 -5 8 -8 10 -10 -2 -7 13 -6
right_child=2 3 4 5 12 11 7 -9 9 -11 -12 -13 -14 -15
leaf_value=-0.00034078965349304807 -0.00022073785854188042 0.0063303377174392878 0.00010696741446995085 0.0016503560936295171 -0.00017115832887163392 0.0030598610037372207 -0.00011310789927256363 -0.0020084068547085651 6.3303361718951368e-05 -0.00013170629018969008 9.6434064697559374e-06 -9.7908415251870011e-05 4.8150893708123597e-06 5.761956440308922e-07
leaf_weight=448 590 280 2291 369 354 34 100 240 363 517 191 211 1778 423
leaf_count=448 590 280 2291 369 354 34 100 240 363 517 191 211 1778 423
internal_value=4.76249e-05 0.005231 -0.000968307 0.00955752 0.000630148 0.00684039 -0.0048185 -0.00988235 -0.00381096 -0.0015 -0.00641485 0.00134694 -0.00104094 -0.00374517
internal_weight=8189 1342 6847 894 4846 614 2001 340 1661 880 781 245 2555 777
internal_count=8189 1342 6847 894 4846 614 2001 340 1661 880 781 245 2555 777
cat_boundaries=0 3 7 10 13 17 20
cat_threshold=638984326 407242072 2149582848 654484056 25694906 117477716 24 2151961735 1175587844 2016699049 604012560 4096 16777216 33587264 8913072 32768 24 269486080 409206848 2147483650
is_linear=0
shrinkage=0.03


Tree=38
num_leaves=15
num_cat=5
split_feature=6 0 6 3 0 1 7 10 3 6 7 0 0 6
split_gain=52.9604 45.0673 22.545 15.1523 16.0639 16.4009 14.8313 12.614 13.782 11.3954 10.4475 23.2694 12.0937 9.77177
threshold=-0.23451726743524401 0 -0.018702126716118702 8.6871890949606758 1 2 0.051525266523736242 19.545000000000005 9.2712002591262017 -0.35283807330270361 -0.013686960105315114 3 4 -0.033008632673500841
decision_type=8 9 8 2 9 1 10 2 2 10 8 9 9 8
left_child=7 2 6 -3 5 -5 -2 -1 9 -9 11 -6 13 -12
right_child=1 3 -4 4 10 -7 -8 8 -10 -11 12 -13 -14 -15
leaf_value=0.0042788511719568734 0.00068045108862835335 0.00037068132419399775 2.0305001994676603e-05 -7.6461256157348722e-05 -0.00043324067632865182 -0.00038861589718862779 -0.00055205475288274102 0.009223531853331567 -0.00028084557658880529 3.0983075102534521e-05 0.00042738160352942322 0.00065284261732930036 -0.0004250399487710436 -3.129388503948785e-05
leaf_weight=276 542 162 1980 789 307 636 63 73 147 49 208 598 990 1357
leaf_count=276 542 162 1980 789 307 636 63 73 147 49 208 598 990 1357
internal_value=-6.23701e-05 -0.000707547 0.00250867 -0.00235515 -0.00265916 -0.00533101 0.00758678 0.00897248 0.00434944 0.0118033 -0.0015389 0.00122652 -0.00252446 -0.000857143
internal_weight=8177 7632 2585 5047 4885 1425 605 545 269 122 3460 905 2555 1565
internal_count=8177 7632 2585 5047 4885 1425 605 545 269 122 3460 905 2555 1565
cat_boundaries=0 4 8 9 13 17
cat_threshold=140529057 1947831301 3625017352 2 553820180 18899368 536875154 16 539 278134786 138674192 69207040 8 2492727298 138678288 88346208 12
is_linear=0
shrinkage=0.03


Tree=39
num_leaves=15
num_cat=7
split_feature=0 6 6 6 0 0 5 0 2 0 1 10 1 4
split_gain=46.7367 27.4766 26.7657 19.9786 27.1888 23.9512 15.2937 13.7669 13.6715 13.9209 16.6124 13.4988 13.0187 12.9861
threshold=0 -0.22494340744364824 -0.0025463322769825321 0.11870540680184762 1 2 11.796945840569077 3 2003.5000000000002 4 5 19.355000000000004 6 10.512804353883469
decision_type=9 8 8 10 9 9 10 9 2 9 1 2 1 10
left_child=2 11 7 5 -5 6 8 -1 9 -3 -11 -2 13 -9
right_child=1 3 -4 4 -6 -7 -8 12 -10 10 -12 -13 -14 -15
leaf_value=0.00031351648274895866 0.0040723628038857283 -2.7065532944279778e-05 1.257020072307743e-05 0.00039476676728005357 -0.0015139774402802752 1.3862945696160739e-05 -0.00041859072286794003 0.0021049587569503792 4.6751320300911764e-05 -5.6330547194150361e-05 -0.00031660782329542505 0.00022852154399099432 0.0010260357126114627 -0.00045998932503942387
leaf_weight=373 169 632 1636 218 683 2470 162 50 449 221 363 222 423 57
leaf_count=373 169 632 1636 218 683 2470 162 50 449 221 363 222 423 57
internal_value=8.12008e-05 -0.00145205 0.00344841 -0.00203155 -0.00609323 -0.00117989 -0.00377246 0.00760797 -0.00293694 -0.00458882 -0.00787879 0.00621483 0.0106667 0.000769231
internal_weight=8128 5589 2539 5198 901 4297 1827 903 1665 1216 584 391 530 107
internal_count=8128 5589 2539 5198 901 4297 1827 903 1665 1216 584 391 530 107
cat_boundaries=0 4 7 10 13 16 17 18
cat_threshold=1352664713 370839044 1480090121 4 541327364 134238544 4456448 2702123284 155197864 2151812484 270532736 101877760 135275008 537198608 134226056 2147486852 538 160
is_linear=0
shrinkage=0.03


Tree=40
num_leaves=15
num_cat=5
split_feature=0 7 0 7 0 0 0 3 10 5 4 9 5 3
split_gain=43.6225 33.0704 27.0491 23.8512 23.5298 18.2605 17.7092 13.5563 13.4997 13.028 11.2178 10.3976 12.4476 10.0431
threshold=0 -0.047330631360475099 1 0.013550247461028066 2 3 4 8.9444195785479703 20.030000000000005 10.25949970930707 10.147589915843854 7.3634063035133703 8.8972721037821341 12.015931559827752
decision_type=9 8 9 8 9 9 9 2 2 10 10 2 10 2
left_child=3 2 10 6 -3 9 -1 -4 -9 -5 11 12 -2 -6
right_child=1 4 7 5 13 -7 -8 8 -10 -11 -12 -13 -14 -15
leaf_value=7.3286029462338808e-05 0.0038913599360885119 -0.00025054952889454158 0.0067818369684176632 2.0367403795908626e-05 -9.0920984815605661e-08 0.00022973982124548318 0.00080489220325538147 0.0021598896838389572 0.00025386157372021112 -0.00071801272834937264 -0.00063054749992351997 0.0020528346284081028 -0.00089324362867640656 -0.0003151960034389219
leaf_weight=540 31 1814 73 277 2608 934 514 239 257 212 211 85 112 329
leaf_count=540 31 1814 73 277 2608 934 514 239 257 212 211 85 112 329
internal_value=0.000189412 -0.00124285 0.00369048 0.00351025 -0.00229215 0.000990864 0.00694497 0.00792746 0.00629032 -0.00366733 -0.00193764 0.00263158 -0.00230769 -0.00062097
internal_weight=8236 5759 1008 2477 4751 1423 1054 569 496 489 439 228 143 2937
internal_count=8236 5759 1008 2477 4751 1423 1054 569 496 489 439 228 143 2937
cat_boundaries=0 4 8 12 16 20
cat_threshold=3498068107 1452805126 1477976585 6 575938564 153485656 2426880 1 621457968 2388648 67358996 17 2147483656 1082655746 1573377 2 276840578 336594944 1477451776 4
is_linear=0
shrinkage=0.03


Tree=41
num_leaves=15
num_cat=6
split_feature=6 0 0 6 7 0 1 0 0 6 9 3 7 7
split_gain=50.5919 45.521 43.4434 25.134 18.1198 17.8742 16.8186 27.3832 26.2473 16.1213 14.5798 14.1185 12.7982 10.301
threshold=-0.047406134243228586 0 1 0.063947421894372539 -0.17165357704065173 2 3 4 5 -0.022015434916530904 4.2917591203807648 8.8952869877123568 0.18367099632679376 0.033524169600873684
decision_type=8 9 9 8 8 9 1 9 9 10 2 2 10 10
left_child=1 11 3 10 -3 -6 8 -8 -4 -9 -2 -1 -10 -11
right_child=2 4 6 -5 5 -7 7 9 12 13 -12 -13 -14 -15
leaf_value=0.0024654277481151602 -0.00066845493822919385 0.0071486084559958547 0.00021338765415857545 -0.0013015159651606054 0.0014528358810943071 0.00046060810262528164 2.5098921654641294e-05 0.00018710177145275398 -1.9032945793882801e-05 -8.8874895305882196e-05 -1.6641561484148698e-05 -0.00035872370118961568 -0.0018816985675169343 -0.0013845913951134358
leaf_weight=88 35 167 1308 727 437 629 867 162 1352 537 903 571 73 278
leaf_count=88 35 167 1308 727 437 629 867 162 1352 537 903 571 73 278
internal_value=-0.00020654 0.00409091 -0.00150913 -0.00564179 0.00745776 0.0060788 6.54022e-06 -0.00220065 0.00149836 -0.0056231 -0.0024307 -0.002287 -0.00131707 -0.00739877
internal_weight=8134 1892 6242 1665 1233 1066 4577 1844 2733 977 938 659 1425 815
internal_count=8134 1892 6242 1665 1233 1066 4577 1844 2733 977 938 659 1425 815
cat_boundaries=0 4 8 12 13 17 21
cat_threshold=5578756 694333914 136513684 1 3852644408 537203744 101487889 16 547358825 1375798277 3523752225 4 91 5570692 504416470 3372367882 2 4212103 1165117696 405807754 13
is_linear=0
shrinkage=0.03


Tree=42
num_leaves=15
num_cat=6
split_feature=6 0 7 6 0 7 0 8 6 0 0 2 7 0
split_gain=41.7207 37.7376 32.3619 18.56 11.3648 13.5959 13.277 11.3413 10.9204 17.5779 13.6298 13.3793 11.3916 10.8744
threshold=-0.37303678043615379 0 -0.010811314909094259 0.1936667594551951 1 0.034192670141456556 2 9.0247892691455114 -0.0049854761894838609 3 4 1994.5000000000002 0.074241026539098712 5
decision_type=8 9 8 10 9 10 9 2 8 9 9 2 8 9
left_child=-1 2 -2 4 -3 7 -7 -6 10 11 -4 -10 -12 -5
right_child=1 3 8 13 5 6 -8 -9 9 -11 12 -13 -14 -15
leaf_value=0.0057521939444076034 0.00088029744088936228 -5.9699214784586267e-05 0.00068250195042399663 7.4111295072572085e-05 0.0013764428099105107 0.00016156886958410582 -0.00067660882828633295 3.7910414655429413e-05 -0.00021203321828742051 -9.6993684596852621e-05 0.00040961638435439474 9.4009984294818382e-05 -0.0012779420058301823 -0.0019807641972547215
leaf_weight=275 536 2478 214 116 105 232 407 1683 165 757 146 563 77 447
leaf_count=275 536 2478 214 116 105 232 407 1683 165 757 146 563 77 447
internal_value=-3.29228e-05 -0.000431491 0.00264992 -0.00181818 -0.00122936 0.000233894 -0.00352113 0.00157718 0.000842872 -0.000383838 0.00501144 0.00292683 -0.000386266 -0.00698046
internal_weight=8201 7926 2458 5468 4905 2427 639 1788 1922 1485 437 728 223 563
internal_count=8201 7926 2458 5468 4905 2427 639 1788 1922 1485 437 728 223 563
cat_boundaries=0 4 8 11 14 18 21
cat_threshold=2285915841 1444548100 2015903816 5 17178892 694284777 2214724869 24 42991618 8388608 18098304 134218880 1174538240 403193928 4211713 268438532 270532608 4 268697620 4096 327808
is_linear=0
shrinkage=0.03


Tree=43
num_leaves=15
num_cat=1
split_feature=6 6 10 1 7 6 3 5 7 6 9 9 2 10
split_gain=43.0943 25.135 15.5729 13.4193 12.493 12.2099 11.7721 11.5706 9.99348 8.85864 16.096 11.4273 10.0079 10.4817
threshold=-0.23451726743524401 0.3635321550797857 19.545000000000005 0 0.076979711795339259 -0.60669570726644018 8.5767819118158801 8.2318954692350186 0.14377873669655197 -0.010613482553319285 8.2945492013949096 11.079784684957559 1997.5000000000002 20.375000000000004
decision_type=8 10 2 1 10 10 2 8 10 8 2 2 2 2
left_child=2 3 -1 4 9 -4 7 -5 -6 10 -2 12 13 -11
right_child=1 -3 5 6 8 -7 -8 -9 -10 11 -12 -13 -14 -15
leaf_value=0.0039633139805587345 5.7663427805059911e-05 -0.0023256267428514517 0.0073570178203788278 -0.0016617610668727431 -0.00052394391090153543 -8.2805731216726157e-05 -4.0477953746231384e-05 0.0017577975327283996 0.00019107869511361406 0.00015462653110668252 0.00060321771487912342 -0.00028686398172560646 9.1869131164737855e-05 -9.492332414152391e-05
leaf_weight=282 611 351 65 40 288 210 3685 52 171 325 385 146 1042 410
leaf_count=282 611 351 65 40 288 210 3685 52 171 325 385 146 1042 410
internal_value=-2.60449e-05 -0.000623501 0.00802513 -0.000238994 0.00113341 0.00294545 -0.00146554 0.00913043 -0.00346405 0.00186023 0.00415663 0.000670827 0.00133371 -0.00134694
internal_weight=8063 7506 557 7155 3378 275 3777 92 459 2919 996 1923 1777 735
internal_count=8063 7506 557 7155 3378 275 3777 92 459 2919 996 1923 1777 735
cat_boundaries=0 1
cat_threshold=538
is_linear=0
shrinkage=0.03


Tree=44
num_leaves=15
num_cat=10
split_feature=6 0 0 0 1 0 0 6 0 2 0 0 4 0
split_gain=38.1616 34.5723 15.563 14.9774 14.9185 22.0251 17.8225 13.7208 11.2778 10.4793 14.0693 10.5262 13.4115 9.24184
threshold=-0.23451726743524401 0 1 2 3 4 5 -0.003992990836865217 6 2003.5000000000002 7 8 8.9461140702258621 9
decision_type=8 9 9 9 1 9 9 8 9 2 9 9 8 9
left_child=3 7 -3 -1 6 -6 -4 8 -2 11 -11 12 -7 -9
right_child=1 2 4 -5 5 9 -8 13 -10 10 -12 -13 -14 -15
leaf_value=-0.00028557049907343337 -5.6261089976244353e-05 -0.00013829672999120051 -0.00012625718919928279 0.0034372605147747716 1.6251350558065572e-05 0.00020546362135690058 0.00010208696692010344 0.00022162172872086455 0.00049998084445991521 -0.00047654043118957386 8.4595431365641353e-05 -0.00015864943085273353 -0.00058856562050290913 -1.886229024379512e-05
leaf_weight=107 208 1058 897 453 703 42 1356 497 558 102 242 456 328 1160
leaf_count=107 208 1058 897 453 703 42 1356 497 558 102 242 456 328 1160
internal_value=-0.000165299 -0.000721704 -0.00210243 0.00739286 -0.00126209 -0.0032342 0.000384445 0.00223181 0.00556136 -0.00574576 -0.00139535 -0.00762712 -0.0113684 0.000706095
internal_weight=8167 7607 5184 560 4126 1873 2253 2423 766 1170 344 826 370 1657
internal_count=8167 7607 5184 560 4126 1873 2253 2423 766 1170 344 826 370 1657
cat_boundaries=0 4 8 12 13 17 20 24 28 32 35
cat_threshold=2422230177 1980927110 1476681992 2 1091706880 9179144 536904705 16 603979776 2228232 327680 8 602 570490946 151060545 2215248118 1 570528258 151076928 84021494 268435456 100829186 134225920 2 134217736 16 1114624 4 67141896 6292256 6291456 8 129 101844994 402653184
is_linear=0
shrinkage=0.03


Tree=45
num_leaves=15
num_cat=8
split_feature=0 7 0 0 7 0 1 0 2 8 2 7 0 0
split_gain=42.416 25.0337 30.3555 24.9635 19.4078 13.1635 11.6284 11.8797 11.0264 10.9092 12.1803 10.8858 16.6865 11.6321
threshold=0 -0.045149271449324672 1 2 -0.010811314909094259 3 4 5 2007.5000000000002 9.2971167963453745 2001.5000000000002 0.082135990426800212 6 7
decision_type=9 8 9 9 8 9 1 9 2 2 2 10 9 9
left_child=4 2 9 6 5 -1 -3 -8 -4 10 -2 13 -13 -6
right_child=1 3 8 -5 11 -7 7 -9 -10 -11 -12 12 -14 -15
leaf_value=0.00011001989091919483 0.0033316431173298672 -0.00049368031979022114 0.0012304955657994267 -1.0747814434094723e-05 0.00018532196842442741 0.0013093077004220047 6.7926929841755825e-05 -0.00020577830261986159 0.0047043419310797549 -0.00061191970600512583 -0.0008702450668145712 0.00031564901472708125 -0.00094255835034904743 1.1086606174864764e-05
leaf_weight=214 63 1025 555 2605 571 302 289 731 44 343 48 111 211 1024
leaf_count=214 63 1025 555 2605 571 302 289 731 44 343 48 111 211 1024
internal_value=0.000117994 -0.00129704 0.00287749 -0.00224516 0.00342612 0.00860465 -0.00471533 -0.00238835 0.00724138 -0.00297414 0.00513514 0.00205008 -0.00298137 0.00306583
internal_weight=8136 5703 1053 4650 2433 516 2045 1020 599 454 111 1917 322 1595
internal_count=8136 5703 1053 4650 2433 516 2045 1020 599 454 111 1917 322 1595
cat_boundaries=0 4 8 12 15 16 20 24 27
cat_threshold=2288012827 1451788294 1342710376 4 638984196 137757016 136577024 8 1996660832 556028544 655462677 16 136316938 1073774592 8800 354 33587200 18874368 32785 16 1025 100696064 0 4 134219787 1350567936 8200
is_linear=0
shrinkage=0.03


Tree=46
num_leaves=15
num_cat=2
split_feature=6 6 7 1 7 7 5 8 9 7 5 1 10 4
split_gain=43.7133 31.4058 16.3775 11.632 12.1729 11.3034 9.28682 6.7032 6.9308 14.664 11.8064 11.0656 15.4292 13.2772
threshold=-0.23451726743524401 0.11870540680184762 0.19279559735566035 0 0.11226076840826639 -0.082102698693071283 9.7981548138845049 8.1122245947326395 8.1599464921264673 -0.0040966592840003804 12.015257115046447 1 26.880000000000006 10.227670243081002
decision_type=8 10 8 1 10 8 8 2 2 10 10 1 2 10
left_child=2 7 -1 4 6 -5 -3 -2 10 11 -9 -10 13 -13
right_child=1 3 -4 5 -6 -7 -8 8 9 -11 -12 12 -14 -15
leaf_value=0.003499857658060916 0.0070416059919287937 4.5555275954462894e-05 -0.0014815807435442654 0.0040763274000495484 -0.0044147208777084897 -0.00043141795968377816 -0.0015310419940102436 -4.3574535750306617e-07 0.00047381741442827021 -4.1055889089856043e-06 -0.00029885356580377706 0.00056655709906710205 0.0011656157861365589 -0.00020513832529602766
leaf_weight=461 36 117 68 46 124 917 148 3362 674 1508 219 206 32 242
leaf_count=461 36 117 68 46 124 917 148 3362 674 1508 219 206 32 242
internal_value=0.000110294 -0.000467829 0.00844991 -0.00461538 -0.00894737 -0.00274409 -0.00554717 0.000425227 0.000350793 0.00151014 -0.00051103 0.00405546 0.000489796 -0.0009375
internal_weight=8160 7631 529 1352 389 963 265 6279 6243 2662 3581 1154 480 448
internal_count=8160 7631 529 1352 389 963 265 6279 6243 2662 3581 1154 480 448
cat_boundaries=0 1 2
cat_threshold=288 282
is_linear=0
shrinkage=0.03


Tree=47
num_leaves=15
num_cat=2
split_feature=7 1 1 9 2 8 3 9 7 6 3 9 9 3
split_gain=31.1449 21.0337 19.7696 16.9143 16.0807 13.3349 10.9311 10.1312 9.98002 9.84532 9.501 8.61484 8.21347 8.05323
threshold=-0.013686960105315114 0 1 5.6766614042117984 2003.5000000000002 8.6691089923285354 12.006340391021297 9.7586972123689915 0.06049459508802358 -0.12129034882548594 8.8952869877123568 7.428811944710378 3.3345023470232538 8.7759348494497775
decision_type=8 1 1 2 2 2 2 2 10 10 2 2 2 2
left_child=2 12 3 -1 -5 -3 13 -8 -9 -6 11 -4 -2 -7
right_child=1 5 10 4 9 6 7 8 -10 -11 -12 -13 -14 -15
leaf_value=2.8861390755255214e-05 -0.0011235216156371742 0.0037597946269113678 0.00079336207757481347 0.0005862496122531599 0.0045094965366663511 -4.3105319294523656e-05 -0.00026725763924397033 0.00037117604747082087 -0.00049665341655472897 0.00092635494234493212 -8.90419750954814e-05 0.0056722685931333587 -0.00010497111597184718 1.0529370984516868e-05
leaf_weight=364 113 66 79 627 102 31 404 138 43 185 821 33 1812 3297
leaf_count=364 113 66 79 627 102 31 404 138 43 185 821 33 1812 3297
internal_value=0.000151571 -0.000985772 0.0031886 0.00559006 0.00781182 0.000263224 3.83338e-05 -0.00374359 0.0021547 0.0136934 -0.000159067 0.00803571 -0.00355039 0.000703125
internal_weight=8115 5904 2211 1278 914 3979 3913 585 181 287 933 112 1925 3328
internal_count=8115 5904 2211 1278 914 3979 3913 585 181 287 933 112 1925 3328
cat_boundaries=0 1 2
cat_threshold=416 282
is_linear=0
shrinkage=0.03


Tree=48
num_leaves=15
num_cat=6
split_feature=0 6 0 0 3 6 0 0 6 6 5 0 2 5
split_gain=33.6228 36.9149 32.8208 20.2504 15.08 15.575 19.5964 11.8642 11.453 10.8322 9.90397 9.50526 9.2127 9.72363
threshold=0 -0.042499610266002456 1 2 8.0594042983760321 0.11870540680184762 3 4 0.20674512775184176 -0.20783449970626575 11.608558267939186 5 1999.5000000000002 9.5469554453359766
decision_type=9 10 9 9 2 8 9 9 10 8 8 9 2 10
left_child=4 2 10 8 -1 7 -7 -6 -3 -4 -2 12 -5 -14
right_child=1 3 9 11 5 6 -8 -9 -10 -11 -12 -13 13 -15
leaf_value=0.0059856403588187694 0.00045619664820530526 -8.5280543483509238e-05 0.0034892686363265191 1.3087615832774739e-05 -0.000419112514645176 -6.693711551558279e-05 -0.0018911664487136061 -1.7492420485674235e-05 -0.0017324096467950215 0.00058445591794284576 -0.00039107729080122743 5.5190979871937722e-06 -2.0525125202282448e-05 0.00049108980688092915
leaf_weight=48 339 955 291 196 254 210 298 1730 190 788 248 2361 54 192
leaf_count=48 339 955 291 196 254 210 298 1730 190 788 248 2361 54 192
internal_value=-3.67918e-05 0.00125889 0.005006 -0.000319149 -0.00289412 -0.00322632 -0.00791339 -0.00202621 -0.00366234 0.00807163 -0.000753769 0.00105581 0.00504425 0.00902439
internal_weight=8154 5614 1666 3948 2540 2492 508 1984 1145 1079 587 2803 442 246
internal_count=8154 5614 1666 3948 2540 2492 508 1984 1145 1079 587 2803 442 246
cat_boundaries=0 4 8 12 16 18 21
cat_threshold=621424900 23409112 537041218 24 302336129 545931298 3355706536 2 1086423672 1207960069 103809044 1 131076 20971848 131138 8 536879364 4194312 2147745793 67241984 134217736
is_linear=0
shrinkage=0.03


Tree=49
num_leaves=15
num_cat=7
split_feature=6 0 0 1 6 0 10 0 0 2 0 3 9 9
split_gain=34.0186 27.5142 11.8166 11.3929 15.7853 13.2783 12.6995 12.4222 10.7236 8.5375 8.4062 8.01818 6.98631 6.88445
threshold=-0.25296294129871372 0 1 2 -0.064380189902329729 3 27.341666666666672 4 5 1997.5000000000002 6 9.8723322235351496 6.7059755789202997 5.4338290171391774
decision_type=8 9 9 1 10 9 2 9 9 2 9 2 2 2
left_child=10 3 -3 5 7 9 8 12 13 -2 -1 -8 -5 -6
right_child=1 2 -4 4 6 -7 11 -9 -10 -11 -12 -13 -14 -15
leaf_value=0.0059341988553734248 -0.00036662223412918331 0.0001248990552273851 -1.5204885940793798e-07 -0.0019582460920943806 -0.00088001578196961726 6.8300596973706911e-05 0.00038218876834661153 0.00087893383733928876 -0.00022780449876862757 -7.6026749317814062e-05 0.002031648144684625 -0.0015711387290485131 -0.00020142617934178393 -0.00038976038973337205
leaf_weight=109 161 1271 4174 39 40 534 36 181 742 292 383 30 68 66
leaf_count=109 161 1271 4174 39 40 534 36 181 742 292 383 30 68 66
internal_value=3.69185e-05 -0.000455855 0.000687443 -0.00328786 -0.00524752 -0.000872618 -0.00722101 0.000833333 -0.00820755 -0.00460043 0.00768293 0.00545455 -0.00692308 -0.017069
internal_weight=8126 7634 5445 2189 1202 987 914 288 848 453 492 66 107 106
internal_count=8126 7634 5445 2189 1202 987 914 288 848 453 492 66 107 106
cat_boundaries=0 4 7 8 12 16 20 24
cat_threshold=1904550400 31732393 542150676 25 2281704577 1142425666 402678056 527 1610678784 8663168 4231172 8 270336 4736 32768 17 16785408 32 0 16 67215360 33554944 32768 4
is_linear=0
shrinkage=0.03


Tree=50
num_leaves=15
num_cat=7
split_feature=0 7 7 0 0 7 0 6 0 6 0 1 6 3
split_gain=41.2931 27.3553 21.6636 50.1536 34.4079 13.5411 24.2104 12.8525 19.7182 19.8541 18.8279 16.7538 12.137 14.7683
threshold=0 -0.058063571869059409 0.032157656839918232 1 2 0.12087108407307491 3 0.017908723891472359 4 1.0000000180025095e-35 5 6 -0.37303678043615379 9.9393130828875318
decision_type=9 8 10 9 9 8 9 10 9 10 9 1 10 2
left_child=1 -1 4 -4 12 -3 -7 8 9 -6 -9 -10 13 -2
right_child=2 5 3 -5 7 6 -8 10 11 -11 -12 -13 -14 -15
leaf_value=0.002430437254517965 0.0016790484085846635 8.3307384898589801e-05 0.00011004191839535068 -0.00097203289720078172 -3.5121844232461674e-05 0.00037812833661592208 -0.00067032558780176857 0.00019884127067213423 4.5533889329008555e-06 6.4062067883051757e-05 -0.00051659529522376526 0.0008224900818433247 -9.0917518480036598e-05 -0.00019034796369567125
leaf_weight=280 95 1620 665 920 798 218 294 335 274 175 408 544 1419 96
leaf_count=280 95 1620 665 920 798 218 294 335 274 175 408 544 1419 96
internal_value=-0.000114237 0.00317093 -0.00150026 -0.0044858 -0.000361969 0.00202627 -0.00222656 0.00181604 0.00319933 0.000274669 -0.00149394 0.0065942 -0.00377778 0.00329843
internal_weight=8141 2412 5729 1585 4144 2132 512 2534 1791 973 743 818 1610 191
internal_count=8141 2412 5729 1585 4144 2132 512 2534 1791 973 743 818 1610 191
cat_boundaries=0 4 8 12 16 19 22 23
cat_threshold=2149633929 302032902 1359505451 20 1380188182 223498688 138806336 1 588128262 230838696 132096 9 2131080 32768 1342709792 4 1544617984 3211344 2319515856 479264768 1073807440 676397568 688
is_linear=0
shrinkage=0.03


Tree=51
num_leaves=15
num_cat=1
split_feature=6 6 7 7 10 9 8 1 9 10 6 6 9 2
split_gain=36.3832 25.3761 14.7693 8.94344 13.0538 9.34176 8.55132 9.44322 14.5996 13.8279 10.792 10.0841 9.28603 9.66296
threshold=-0.23451726743524401 0.20010370128022539 -0.097413477023805747 0.20118788956944969 9.6625000000000032 4.3990574822249018 8.3969278809830126 0 4.4900949144666322 26.845000000000002 -1.0000000180025095e-35 0.0036793829376602365 8.1599464921264673 1998.5000000000002
decision_type=8 10 8 8 2 2 2 1 2 2 8 8 2 2
left_child=2 6 -1 -3 -5 -6 -2 8 -8 -9 12 -12 13 -11
right_child=1 3 -4 4 5 -7 7 9 -10 10 11 -13 -14 -15
leaf_value=0.0039190620821579593 0.0022501280443497636 -0.00057648054469741248 0.00069475560586820351 -0.0091807796286588698 -0.0058466377573499536 -0.00081027242723613895 -6.6945737713213329e-05 -3.060922317229519e-05 0.00011455356792624736 -0.00019785474722793057 2.1355325394848519e-05 7.4482540173382081e-05 0.0010118871364667601 6.1333819263475337e-06
leaf_weight=333 76 557 215 41 57 147 439 3070 2492 84 76 359 37 147
leaf_count=333 76 557 215 41 57 147 439 3070 2492 84 76 359 37 147
internal_value=0.000199262 -0.00034028 0.00766423 -0.00538653 -0.0101633 -0.00705882 0.000256637 0.000143198 0.00141789 -0.000848533 0.00294452 0.00586207 -0.00179104 -0.00402597
internal_weight=8130 7582 548 802 245 204 6780 6704 2931 3773 703 435 268 231
internal_count=8130 7582 548 802 245 204 6780 6704 2931 3773 703 435 268 231
cat_boundaries=0 1
cat_threshold=26
is_linear=0
shrinkage=0.03


Tree=52
num_leaves=15
num_cat=8
split_feature=0 7 0 0 3 0 4 1 3 2 1 0 2 0
split_gain=38.1021 35.3525 18.7945 15.5285 14.1377 9.41508 15.9662 9.30743 8.70679 8.73517 7.91282 15.7273 9.86789 8.85843
threshold=0 -0.097413477023805747 1 2 8.0594042983760321 3 10.539032024061692 4 8.7097125697845197 2006.5000000000002 5 6 1996.5000000000002 7
decision_type=9 8 9 9 2 9 8 1 2 2 1 9 2 9
left_child=4 3 7 -2 -1 6 -6 -3 -7 -10 11 -4 -13 -12
right_child=1 2 10 -5 5 8 -8 -9 9 -11 13 12 -14 -15
leaf_value=0.0087956729118148606 -0.00012129170156184833 -7.7266436658890959e-06 -0.00056920043693748452 0.0030603690912893357 -0.002508502429071397 0.0035461764900823834 -6.9167364448348417e-07 0.00017886955004318964 -0.00014111505351869727 5.7325059824358044e-05 3.8590480639149054e-05 0.00025070627953266569 -0.00030366356029218767 -3.3984778279475296e-05
leaf_weight=37 111 567 227 336 148 48 109 1721 2066 244 768 217 416 1127
leaf_count=37 111 567 227 336 148 48 109 1721 2066 244 768 217 416 1127
internal_value=-5.15844e-05 0.00137455 0.000660321 0.00946309 -0.00299775 -0.0032696 -0.00865169 0.00266319 -0.00263514 -0.00290909 -0.00100904 -0.00337931 -0.00088647 7.87402e-05
internal_weight=8142 5490 5043 447 2652 2615 257 2288 2358 2310 2755 860 633 1895
internal_count=8142 5490 5043 447 2652 2615 257 2288 2358 2310 2755 860 633 1895
cat_boundaries=0 4 8 12 15 16 17 20 23
cat_threshold=656091140 23417944 606215424 8 144725451 1184532610 3623895080 6 262144 134348800 134545536 1 536879104 2097160 536870912 660 289 262160 544 17080834 262160 536879136 17670722
is_linear=0
shrinkage=0.03


Tree=53
num_leaves=15
num_cat=10
split_feature=7 0 0 0 1 0 0 0 1 1 4 7 0 7
split_gain=26.2973 49.1919 48.6021 21.3439 21.523 18.2164 16.8905 15.4364 14.9651 14.2914 18.3566 13.7418 10.0285 9.96541
threshold=0.034192670141456556 0 1 2 3 4 5 6 7 8 9.0571309140274874 -0.027249224865289353 9 0.0045940971642970405
decision_type=8 9 9 9 1 9 9 9 1 1 10 10 9 10
left_child=1 8 -2 13 7 -6 -4 11 -1 -8 -11 -5 -12 -3
right_child=2 3 6 4 5 -7 9 -9 -10 10 12 -13 -14 -15
leaf_value=-3.8257134834724606e-05 -0.00069941637801769463 0.0020295564938747198 0.00019612612060889578 0.0012168840243252344 9.6238200508339203e-05 -6.4328422028023393e-05 0.00020608305341723353 0.00039874481642246146 -2.0658367187319593e-05 0.00027209926931954771 -0.00023267765273492298 -7.0507744722826316e-05 -0.00098357610639289482 3.5685581582946733e-05
leaf_weight=306 952 266 914 279 470 763 291 943 1364 274 352 382 413 114
leaf_count=306 952 266 914 279 470 763 291 943 1364 274 352 382 413 114
internal_value=0.000144748 0.00152855 -0.00197121 0.00369073 0.00277134 -0.000217216 0.000452529 0.00505576 -0.00264286 -0.00170149 -0.00334604 0.00147541 -0.00576471 0.0103077
internal_weight=8083 4887 3196 3217 2837 1233 2244 1604 1670 1330 1039 661 765 380
internal_count=8083 4887 3196 3217 2837 1233 2244 1604 1670 1330 1039 661 765 380
cat_boundaries=0 3 7 10 11 15 19 23 24 25 29
cat_threshold=563486750 156553676 1078068288 1175068776 547947058 2219085847 17 2147485761 42467840 671617036 339 35717152 538970128 2166464531 17 143950085 223402376 1342186568 4 35684384 538970131 2200002962 17 65 524 270617746 268436544 16908320 8
is_linear=0
shrinkage=0.03


Tree=54
num_leaves=15
num_cat=9
split_feature=0 7 0 0 1 6 1 6 0 6 0 0 7 0
split_gain=32.0132 20.3783 37.9225 29.4331 15.3523 13.778 12.9113 11.6507 15.2655 11.4675 13.6476 11.0458 10.5775 10.153
threshold=0 0.035776396279147533 1 2 3 -0.70671115642307469 4 0.010428789344447688 5 0.09781189380838208 6 7 0.24702330221006011 8
decision_type=9 8 9 9 1 8 1 10 9 10 9 9 8 9
left_child=5 3 6 -2 -5 -1 12 13 -9 10 -4 -11 -3 -6
right_child=1 2 9 4 7 -7 -8 8 -10 11 -12 -13 -14 -15
leaf_value=0.011658404841025821 4.9689698110250189e-06 -0.00027408953787719828 -0.00098903970257686337 -1.9020094162677236e-05 0.0011647582892106963 -8.1625627395093443e-05 0.00030827240768643561 -0.00024124706208699469 0.00045015991448895824 -0.0003787326744494974 1.7163161656165716e-05 -0.0020443486472563714 0.00014766389112673235 0.00019843986714538635
leaf_weight=37 1782 173 224 234 374 2541 890 216 273 109 465 250 100 400
leaf_count=37 1782 173 224 234 374 2541 890 216 273 109 465 250 100 400
internal_value=-7.43679e-06 0.00128727 -0.000936228 0.00279048 0.00587259 -0.00275889 0.00278772 0.00718775 0.00361963 -0.00504726 -0.00283019 -0.0094429 -0.00286219 0.00953488
internal_weight=8068 5490 2211 3279 1497 2578 1163 1263 489 1048 689 359 273 774
internal_count=8068 5490 2211 3279 1497 2578 1163 1263 489 1048 689 359 273 774
cat_boundaries=0 4 8 11 12 13 17 21 24 28
cat_threshold=588914688 19165849 33803345 9 407143607 1011910916 3510641312 4 415531158 1813152100 4050649760 644 272 65632 66560 67375114 20 67109192 131136 67375106 16 8 33685568 1310720 2214675553 268436480 4360 20
is_linear=0
shrinkage=0.03


Tree=55
num_leaves=15
num_cat=6
split_feature=6 0 6 0 0 7 0 0 6 10 0 6 4 7
split_gain=32.0527 31.3098 14.5643 29.2953 20.5153 12.8801 17.6352 9.4842 11.7077 18.9039 14.4258 11.0092 10.7224 9.35621
threshold=-0.37303678043615379 0 -0.042499610266002456 1 2 0.18367099632679376 3 4 0.0001835708207869047 24.946666666666669 5 -0.0018062611742548638 9.9680338858685307 0.016231945258382122
decision_type=8 9 10 9 9 8 9 9 10 2 9 10 10 10
left_child=-1 5 3 -3 -4 7 -7 8 9 12 -10 -9 -2 -12
right_child=1 2 4 -5 -6 6 -8 11 10 -11 13 -13 -14 -15
leaf_value=0.0039602803620681394 0.00030509413503877796 0.00099599603403782776 0.00010354071228014594 -9.9612212105415464e-06 -2.2862690885283894e-05 0.00025365787652428492 -0.0012224561009694125 -3.3511196514806318e-05 0.00019982909437865151 -0.00023107267031929443 0.0001950533310104372 -0.00025970509087244362 -7.6062774094384585e-05 -0.0010362945089049979
leaf_weight=271 155 688 713 788 3213 115 328 409 246 92 146 531 251 167
leaf_count=271 155 688 713 788 3213 115 328 409 246 92 146 531 251 167
internal_value=0.000151609 -0.000198929 0.00107539 0.00361789 0.000122262 -0.00301224 -0.00765237 -0.001998 -2.81162e-05 -0.00337349 0.0029517 -0.00416842 -0.000591133 -0.00139319
internal_weight=8113 7842 5402 1476 3926 2440 443 1997 1057 498 559 940 406 313
internal_count=8113 7842 5402 1476 3926 2440 443 1997 1057 498 559 940 406 313
cat_boundaries=0 4 8 11 14 18 21
cat_threshold=654876940 35926458 694581 16 1217466595 1343292932 1431380480 5 2147762177 885131264 134217736 536870924 262280 524288 67633408 35664176 169988 16 256 35651888 131072
is_linear=0
shrinkage=0.03


Tree=56
num_leaves=15
num_cat=5
split_feature=0 6 6 7 0 1 3 10 10 9 1 3 9 1
split_gain=31.4626 19.3954 15.3235 15.1828 14.65 11.225 11.7783 10.4549 9.4608 11.3999 9.1905 9.09296 15.7832 8.34585
threshold=0 -0.23451726743524401 0.3635321550797857 -0.13177793123544432 1 2 8.8255598118844834 14.525000000000002 26.880000000000006 8.9713722276579606 3 8.2236219951711558 3.3345023470232538 4
decision_type=9 8 10 8 9 1 2 2 2 2 1 2 2 1
left_child=3 10 4 7 5 -3 -7 -1 9 -4 -2 -5 -13 -8
right_child=1 2 8 11 -6 6 13 -9 -10 -11 -12 12 -14 -15
leaf_value=0.0060282606900568855 0.0038335347166062938 0.00019904164859236491 8.4914752082410933e-06 0.0028320691168004812 2.0434286987850529e-06 0.00057565031697444271 -0.00044929031540387926 0.00039946505221418322 -0.0060105400701971545 -0.0040851368593302897 0.001176344680171196 -0.0019928504578649369 -0.00011513243786253277 1.2134069912352313e-05
leaf_weight=33 221 1039 145 52 3042 49 148 163 34 49 147 62 2266 748
leaf_count=33 221 1039 145 52 3042 49 148 163 34 49 147 62 2266 748
internal_value=0.000234203 0.00149148 0.00102779 -0.0025058 0.00137286 0.00337011 0.000973822 0.0055102 -0.00657895 -0.00402062 0.00815217 -0.00317647 -0.00345361 0.000200893
internal_weight=8198 5622 5254 2576 5026 1984 945 196 228 194 368 2380 2328 896
internal_count=8198 5622 5254 2576 5026 1984 945 196 228 194 368 2380 2328 896
cat_boundaries=0 4 8 9 10 11
cat_threshold=889336068 84686168 102930052 9 2281720451 1885341732 4160823625 2 206 330 32
is_linear=0
shrinkage=0.03


Tree=57
num_leaves=15
num_cat=5
split_feature=0 6 0 0 7 3 8 2 7 2 0 3 2 0
split_gain=35.1877 35.9742 18.7744 16.514 15.678 12.3339 13.1249 13.4102 10.1537 10.2884 9.20578 13.9922 9.57989 9.19235
threshold=0 -0.11718469673434305 1 2 0.17523377741282345 8.7097125697845197 9.0490158876038382 2003.5000000000002 -0.010811314909094259 2007.5000000000002 3 9.8596923802566234 1998.5000000000002 4
decision_type=9 8 9 9 10 2 2 2 8 2 9 2 2 9
left_child=5 3 4 -2 -3 -1 7 -7 9 -4 -8 12 -12 -10
right_child=1 2 8 -5 -6 6 10 -9 13 -11 11 -13 -14 -15
leaf_value=0.00075782938299478705 0.0001342537790934925 -1.4824488665572805e-05 0.00030492325903366227 0.0021860926341662076 -0.0024236599527315546 -0.00039272562099517013 -0.00041510131423635972 0.00027698057864659865 0.00011508519129701682 0.0020561390709578557 -2.474542601250758e-05 -9.0722373762974268e-05 0.0003252432636154093 2.1231456877319037e-06
leaf_weight=127 234 2006 486 517 143 117 497 37 503 32 148 1427 202 1658
leaf_count=127 234 2006 486 517 143 117 497 37 503 32 148 1427 202 1658
internal_value=0.000184411 0.00151906 0.000571665 0.00762983 -0.00151459 -0.00272515 -0.00321252 -0.0116883 0.00224247 0.00602317 -0.00263852 -0.00159485 0.00377143 0.0013466
internal_weight=8134 5579 4828 751 2149 2555 2428 154 2679 518 2274 1777 350 2161
internal_count=8134 5579 4828 751 2149 2555 2428 154 2679 518 2274 1777 350 2161
cat_boundaries=0 4 8 12 15 18
cat_threshold=658911264 23097657 100832400 9 3489713168 981796544 555311367 16 132 1611006016 136642566 16 587210752 4206848 33554560 387 68159488 2147483656
is_linear=0
shrinkage=0.03


Tree=58
num_leaves=15
num_cat=5
split_feature=0 7 6 3 5 10 1 0 0 7 6 0 5 7
split_gain=24.8515 18.813 15.0333 13.5691 13.1389 11.737 11.5531 17.1487 10.8389 14.5627 10.5459 17.3039 10.154 9.89914
threshold=0 -0.097413477023805747 0.3635321550797857 8.6871890949606758 8.8972721037821341 20.197500000000002 1 2 3 -0.08915842449837362 0.063947421894372539 4 11.344317310683179 -0.0050413732043321771
decision_type=9 8 10 2 8 2 1 9 9 8 10 9 10 10
left_child=1 -1 3 -2 5 -5 7 -3 12 -10 -8 -12 -6 -14
right_child=2 6 -4 4 8 -7 10 -9 9 -11 11 -13 13 -15
leaf_value=0.0028765093442942439 0.001207316069175295 -7.4632675927513504e-05 -0.0020482316731119483 -0.00013662591102861876 -2.6295344934555763e-05 -8.4754594583921373e-05 6.7851892488932636e-05 0.00063229990582425026 0.0016869905499871701 -3.3355507735125421e-06 -0.0011592770360521975 7.0607752575416248e-05 -3.2096109061652069e-05 -0.00036179281440954278
leaf_weight=225 171 219 218 47 1423 92 1157 337 257 2972 228 300 211 294
leaf_count=225 171 219 218 47 1423 92 1157 337 257 2972 228 300 211 294
internal_value=1.10416e-05 0.00252019 -0.00107989 -0.000773733 -0.0010423 -0.0101439 0.00170013 0.00540636 -0.000796975 0.000268601 0.000442478 -0.00306818 -0.00256966 -0.00623762
internal_weight=8151 2466 5685 5467 5296 139 2241 556 5157 3229 1685 528 1928 505
internal_count=8151 2466 5685 5467 5296 139 2241 556 5157 3229 1685 528 1928 505
cat_boundaries=0 4 5 9 13 16
cat_threshold=3225453395 1452444674 19210411 4 3 32784 310411264 17104930 4 721697796 541864280 1234176 10 2147516418 1073742850 2105513
is_linear=0
shrinkage=0.03


Tree=59
num_leaves=15
num_cat=1
split_feature=6 7 1 9 10 7 7 7 4 8 4 10 6 6
split_gain=32.6101 14.7415 10.4744 10.4542 9.42821 11.7823 9.20982 8.61217 8.15742 10.6446 8.1295 8.21778 7.60073 7.45309
threshold=-0.23451726743524401 -0.097413477023805747 0 4.2474081938846009 20.775000000000002 0.0076632568247738684 -0.000341659629339297 -0.0096027166145078429 9.1248369112841523 9.0490158876038382 11.731582692736456 20.249375000000004 -0.028225951444804661 0.29537857785887939
decision_type=8 8 1 2 2 10 8 8 8 2 8 2 10 10
left_child=1 -1 3 6 5 13 -2 -5 9 12 11 -8 -6 -4
right_child=2 -3 4 7 8 -7 10 -9 -10 -11 -12 -13 -14 -15
leaf_value=0.0035876299972213395 -0.00015744266373145688 0.001039100477540299 -6.3877398063823253e-07 0.00041692121471564587 0.0012023597404121243 -0.00046795136770081579 -0.0015213429372645543 1.031661602612348e-05 -5.6079122755744068e-06 0.0018359859123595742 0.00012054182665930708 -1.7739498055464483e-05 4.6159679861253101e-06 -0.0035098054892951599
leaf_weight=330 149 226 1053 699 42 891 30 2196 2029 30 81 150 166 45
leaf_count=330 149 226 1053 699 42 891 30 2196 2029 30 81 150 166 45
internal_value=0.000218061 0.00723022 -0.00029758 0.000968326 -0.00127989 -0.00279035 -0.0035122 0.00160622 3.97e-05 0.00529412 -0.000114943 -0.00366667 0.00288462 -0.000710383
internal_weight=8117 556 7561 3305 4256 1989 410 2895 2267 238 261 180 208 1098
internal_count=8117 556 7561 3305 4256 1989 410 2895 2267 238 261 180 208 1098
cat_boundaries=0 1
cat_threshold=586
is_linear=0
shrinkage=0.03


Tree=60
num_leaves=15
num_cat=8
split_feature=0 7 7 1 0 3 7 0 7 1 5 1 0 1
split_gain=26.9968 16.3926 13.4456 10.7064 10.3979 11.214 9.47179 10.2775 9.86837 13.7857 11.8818 8.78321 8.47922 7.62764
threshold=0 -0.36463587705577222 0.013550247461028066 1 2 8.2236219951711558 0.20666396621761554 3 0.0072760049876117181 4 9.0286983252390733 5 6 7
decision_type=9 8 8 1 9 2 10 9 8 1 8 1 9 1
left_child=2 -2 4 -4 -1 -6 7 8 9 -3 -10 -7 -5 -12
right_child=1 6 3 12 5 11 -8 -9 10 -11 13 -13 -14 -15
leaf_value=0.00013515793928455531 0.013393273403157664 2.742976317455047e-05 3.7367428989422724e-05 -0.00024708651998433953 0.0088287281217133851 0.00019885129611556569 -0.0013617127942977996 9.2864982683281719e-06 0.0013417853959882661 0.00062712140747143454 -0.00018293499771392905 -0.00010189241138438599 -0.00066592025601742446 0.00012760486906231744
leaf_weight=459 48 254 279 492 32 106 214 3994 33 351 317 651 442 476
leaf_count=459 48 254 279 492 32 106 214 3994 33 351 317 651 442 476
internal_value=0.000154639 0.00129015 -0.00246459 -0.00472383 -0.000288462 -0.00236546 0.00114382 0.00138802 0.00356003 0.00649587 0.00145278 -0.00313078 -0.00622881 0.000718789
internal_weight=8148 5687 2461 1213 1248 789 5639 5425 1431 605 826 757 934 793
internal_count=8148 5687 2461 1213 1248 789 5639 5425 1431 605 826 757 934 793
cat_boundaries=0 4 5 8 11 12 13 16 17
cat_threshold=659497752 2634456 637535106 8 545 4784664 2621952 100664066 2157969601 42205190 3358236680 54 528 637796632 8768 536871810 337
is_linear=0
shrinkage=0.03


Tree=61
num_leaves=15
num_cat=7
split_feature=0 6 6 0 5 1 8 0 1 6 0 0 6 2
split_gain=29.5519 19.7043 15.7563 13.784 13.161 12.2354 10.6335 10.5991 12.7186 9.67518 25.7701 14.2064 9.05781 9.08166
threshold=0 0.22508739159639826 -0.60669570726644018 1 9.3317167774244094 2 8.1122245947326395 3 4 -0.019879282923335847 5 6 -0.35283807330270361 2003.5000000000002
decision_type=9 10 8 9 8 1 2 9 1 10 9 9 8 2
left_child=1 6 -2 5 -3 -4 -1 -8 -9 10 -5 -11 -10 -14
right_child=2 4 3 9 -6 -7 7 8 12 11 -12 -13 13 -15
leaf_value=0.0041814569901802183 0.011459025632141117 0.00036675351933088639 -0.00017020052212245095 -8.2328645117778413e-05 -0.0023858707124812975 0.00031146591602569532 -0.00062563970625176637 0.00033012392420177152 0.0025094611723556338 -4.7820803958251283e-05 0.00055890362988863487 2.2454615737083593e-05 -9.2278564920242746e-05 1.7735026362722503e-05
leaf_weight=30 73 58 127 801 159 582 316 273 63 1552 858 1567 1183 456
leaf_count=30 73 58 127 801 159 582 316 273 63 1552 858 1567 1183 456
internal_value=0.000133366 -0.00254317 0.00135727 0.00117551 -0.0111982 0.00504868 -0.00174494 -0.0019773 -0.0011335 0.000588972 0.00244123 -0.000394357 -0.0021028 -0.00254423
internal_weight=8098 2538 5560 5487 217 709 2321 2291 1975 4778 1659 3119 1702 1639
internal_count=8098 2538 5560 5487 217 709 2321 2291 1975 4778 1659 3119 1702 1639
cat_boundaries=0 4 7 8 10 11 15 19
cat_threshold=621490516 153383545 576721152 8 3221229185 526336 135266816 160 536879108 2101312 2 270794786 650248578 1091437771 19 311459882 1343325188 67496101 5
is_linear=0
shrinkage=0.03


Tree=62
num_leaves=15
num_cat=7
split_feature=0 7 7 0 0 7 1 8 4 0 3 7 1 1
split_gain=22.1522 12.2923 11.1996 43.4796 21.8274 14.8161 14.367 12.454 9.83157 9.16152 8.94706 7.86601 7.75831 7.61227
threshold=0 -0.25468724325874742 -0.030926872629523313 1 2 0.087674050965147479 3 8.8825715027368481 9.0571309140274874 4 8.6871890949606758 -0.036812267221955956 5 6
decision_type=9 8 8 9 9 10 1 2 8 9 2 10 1 1
left_child=1 -1 3 7 5 8 -5 -2 10 -8 -4 12 -9 -10
right_child=2 -3 4 6 -6 -7 9 11 13 -11 -12 -13 -14 -15
leaf_value=0.01418233537564372 0.002074844578033174 7.2832222503921778e-05 7.2769181291865681e-06 -0.00011100014340302389 1.0303286742094845e-06 -0.0019212932666288287 0.002121045088152103 -0.00012387176403127144 -0.00024960834624170578 0.00072834812348097043 -0.00046090952336089511 0.0011663551341341326 -0.00079712216572237716 -5.6877777044249541e-07
leaf_weight=39 58 2398 30 191 2788 365 207 123 484 343 72 33 236 771
leaf_count=39 58 2398 30 191 2788 365 207 123 484 343 72 33 236 771
internal_value=0.000125338 0.00251328 -0.000898267 0.00168766 -0.00158315 -0.00422633 0.00611185 -0.0056087 -0.00280766 0.00857143 -0.0117647 -0.00765306 -0.0089415 -0.00207968
internal_weight=8138 2437 5701 1191 4510 1722 741 450 1357 550 102 392 359 1255
internal_count=8138 2437 5701 1191 4510 1722 741 450 1357 550 102 392 359 1255
cat_boundaries=0 4 7 11 12 16 17 18
cat_threshold=2281738963 781256963 1359480521 4 605429764 23462136 2151942144 662775848 19404296 772837652 27 161 8978472 5632 3149844 8 131 386
is_linear=0
shrinkage=0.03


Tree=63
num_leaves=15
num_cat=7
split_feature=0 7 0 3 0 1 0 0 7 0 7 10 6 7
split_gain=25.8147 19.2963 25.909 18.9085 18.0772 12.5718 14.5566 11.3325 10.613 9.57276 8.43315 8.11796 7.87747 10.8838
threshold=0 -0.023850300466386806 1 8.0594042983760321 2 3 4 5 0.11640196325161913 6 0.074241026539098712 28.005000000000006 -0.0018062611742548638 -0.25468724325874742
decision_type=9 8 9 2 9 1 9 9 10 9 10 2 8 10
left_child=3 2 12 -1 11 7 -7 -6 9 -5 -9 -3 13 -2
right_child=1 4 -4 8 5 6 -8 10 -10 -11 -12 -13 -14 -15
leaf_value=0.005806103362745456 0.0084776500885732249 6.5496157399892651e-05 0.0011608678158538011 -0.0013436333081967566 0.00010660735645387295 3.7958425474565402e-05 -0.00035606816817926925 -6.0907791758596416e-06 -0.0018011902936561387 -4.0209427038564403e-05 -0.0012256241104641229 -0.001042218164399212 0.0006163963526311431 -0.00066414208945818679
leaf_weight=67 32 2221 713 114 634 260 528 548 254 2125 190 32 113 315
leaf_count=67 32 2221 713 114 634 260 528 548 254 2125 190 32 113 315
internal_value=-0.000243064 0.000900643 0.00432225 -0.00273152 -6.7981e-06 -0.00196313 -0.00496241 -0.000217077 -0.00316486 -0.00250558 -0.00272727 0.0018692 -0.0012766 -0.00354467
internal_weight=8146 5586 1173 2560 4413 2160 788 1372 2493 2239 738 2253 460 347
internal_count=8146 5586 1173 2560 4413 2160 788 1372 2493 2239 738 2253 460 347
cat_boundaries=0 4 8 12 13 17 20 21
cat_threshold=861544972 6697144 604147861 16 136577026 1209024832 2152015938 12 3357808003 1292897283 423963720 4 218 65536 310394884 16416 10 67158032 49472 3221750274 536879108
is_linear=0
shrinkage=0.03


Tree=64
num_leaves=15
num_cat=2
split_feature=6 7 6 9 1 9 7 6 8 10 3 1 9 9
split_gain=17.5822 14.3752 13.9395 9.83108 8.49047 10.1103 12.4782 11.4102 9.98251 8.83516 12.844 8.0576 7.90752 7.87487
threshold=-0.25296294129871372 0.20666396621761554 0.11870540680184762 8.4838401330780879 0 7.8885206060325102 0.080322933703399282 0.051909732434794804 12.651002511247274 20.625000000000004 11.954462057277285 1 6.5736791916468151 3.6242520361853052
decision_type=8 8 10 2 1 2 10 10 2 2 2 1 2 2
left_child=1 11 4 13 5 9 8 -8 -7 -2 -11 12 -1 -4
right_child=2 -3 3 -5 -6 6 7 -9 -10 10 -12 -13 -14 -15
leaf_value=0.0030637432499630215 0.00011135657465462127 -0.0017309999431840508 -0.0018514584941440608 -0.00085497293290941146 -7.1335412228464419e-06 0.00026970479570055157 -0.0014897662778762086 0.00044887665736840273 -0.00019340317544040301 -1.9846136041776964e-05 -0.00084186693069949851 0.0015765505982038154 0.006868532672729996 -1.132863212171504e-06
leaf_weight=66 495 50 124 464 3577 1132 65 46 100 804 80 271 93 768
leaf_count=66 495 50 124 464 3577 1132 65 46 100 804 80 271 93 768
internal_value=5.53165e-05 0.005625 -0.000293926 -0.0030531 0.000300048 0.0015593 0.00341772 -0.00621622 0.00428571 -0.000239304 -0.0020362 0.00739535 0.0126036 -0.00121076
internal_weight=8135 480 7655 1356 6299 2722 1343 111 1232 1379 884 430 159 892
internal_count=8135 480 7655 1356 6299 2722 1343 111 1232 1379 884 430 159 892
cat_boundaries=0 1 2
cat_threshold=26 258
is_linear=0
shrinkage=0.03


Tree=65
num_leaves=15
num_cat=8
split_feature=0 6 7 0 0 0 0 3 6 0 0 7 1 7
split_gain=33.7641 23.1487 18.901 26.6287 16.1223 15.1038 12.9905 12.9316 11.1494 15.942 8.87981 9.10282 8.48434 12.4368
threshold=0 -0.40126807656866154 -0.058063571869059409 1 2 3 4 9.6069665110604436 0.12966821702217859 5 6 -0.32388810626735504 7 0.0037516066717580014
decision_type=9 10 8 9 9 9 9 2 10 9 9 10 1 8
left_child=1 4 3 -2 -1 12 -5 -6 10 -10 11 -3 13 -4
right_child=2 8 5 6 7 -7 -8 -9 9 -11 -12 -13 -14 -15
leaf_value=-0.00091820681897122588 0.0031482469562606921 -0.00078350468980563121 -0.00013159980602182059 -0.0013511582506100441 0.008168873326023349 -1.2351280237704132e-05 0.00086802215294061707 0.00024605190958975563 0.00016687080289207087 -0.0021577109803448185 -0.0001051487669427696 -9.1131363587765251e-06 0.0001049412146056296 9.4466448688161359e-05
leaf_weight=102 208 58 132 100 61 2830 361 110 111 325 1102 868 1503 241
leaf_count=102 208 58 132 100 61 2830 361 110 111 325 1102 868 1503 241
internal_value=-0.000406805 -0.00311249 0.00097493 0.00569507 0.00516484 0.000305992 0.00146497 0.010442 -0.00404221 -0.0083945 -0.00310651 -0.000897436 0.002386 -0.00164491
internal_weight=8112 2737 5375 669 273 4706 461 171 2464 436 2028 926 1876 373
internal_count=8112 2737 5375 669 273 4706 461 171 2464 436 2028 926 1876 373
cat_boundaries=0 4 8 11 15 18 21 25 26
cat_threshold=660021248 140828824 605061526 9 8421424 301990400 17301505 20 604307456 2129936 2 2283800455 622004226 1478633512 6 6 131328 136314880 537133056 49160 128 117637120 136323088 536871170 9 672
is_linear=0
shrinkage=0.03


Tree=66
num_leaves=15
num_cat=4
split_feature=0 7 0 7 0 0 5 2 7 7 7 2 10 10
split_gain=27.2259 16.388 17.4577 14.8239 17.1299 14.9076 13.6396 13.3733 9.16355 9.38009 11.1521 8.75349 14.3311 11.086
threshold=0 0.045672287212531699 1 -0.070975940592078221 2 3 9.0958268280154346 2007.5000000000002 0.18367099632679376 0.1473769486393888 0.1037898707795253 1998.5000000000002 24.710555555555562 23.900000000000002
decision_type=9 10 9 8 9 9 10 2 10 10 10 2 2 2
left_child=1 -1 -3 5 8 -2 -7 -8 9 10 -5 13 -13 -4
right_child=3 2 11 4 -6 6 7 -9 -10 -11 -12 12 -14 -15
leaf_value=-1.6071048546780015e-05 -0.0012740406610403647 -0.0018707289583586636 1.3786197143090226e-06 -4.8339840768276664e-06 7.4971094078676054e-05 0.0085398445598179433 0.0010257170001070704 0.0068407006573566569 -0.0022557125053543178 0.0010253894990264461 -0.0012928203934860453 -0.00025342312872297424 0.0008626953610449805 -0.0015546892600614506
leaf_weight=1967 110 230 58 2044 2576 37 462 41 164 60 122 127 80 54
leaf_count=1967 110 230 58 2044 2576 37 462 41 164 60 122 127 80 54
internal_value=2.21348e-05 -0.00256532 -0.00715847 0.00118379 0.000628272 0.00544615 0.00741818 0.00626243 -0.0012 -0.000700809 -0.00102493 -0.00227964 0.00130435 -0.00910714
internal_weight=8132 2516 549 5616 4966 650 540 503 2390 2226 2166 319 207 112
internal_count=8132 2516 549 5616 4966 650 540 503 2390 2226 2166 319 207 112
cat_boundaries=0 4 8 12 15
cat_threshold=927609152 812918024 2772439300 24 100671488 270795776 603983876 16 8488984 1250513651 35430593 5 1048710 135168 136314880
is_linear=0
shrinkage=0.03


Tree=67
num_leaves=15
num_cat=6
split_feature=0 7 0 0 7 1 3 10 5 0 0 6 6 10
split_gain=25.355 15.9942 27.155 15.426 17.874 10.8472 10.1407 9.04974 9.04911 11.7112 8.59442 8.199 8.19593 10.3292
threshold=0 -0.023850300466386806 1 2 0.24702330221006011 3 7.8019973345292053 28.005000000000006 11.118615384162393 4 5 -0.11718469673434305 -0.25296294129871372 16.575000000000003
decision_type=9 8 9 9 10 1 2 2 8 9 9 8 10 2
left_child=6 2 -2 7 5 10 -1 11 9 -7 -5 -3 13 -4
right_child=1 3 12 4 -6 8 -8 -9 -10 -11 -12 -13 -14 -15
leaf_value=0.0070871454054416737 -0.00015055497525622491 0.0018148701755196926 0.0050900829259614717 0.00015715707727983295 -0.003418617820126289 0.00013973989591022516 -5.7094663035096545e-05 -0.0002614778440747196 -0.00014700652006352657 -0.00020767573023931074 -3.8594185652335163e-05 5.9261695857734939e-05 0.00073830374107488532 0.001505228600173773
leaf_weight=41 433 88 75 376 81 214 2719 49 439 390 801 1766 573 79
leaf_count=41 433 88 75 376 81 214 2719 49 439 390 801 1766 573 79
internal_value=-2.95421e-05 0.00117231 0.0042931 0.000313987 -0.00133708 -0.000837838 -0.00236101 0.00230528 -0.00304843 -0.000695364 0.00113732 0.00265372 0.00777476 0.014026
internal_weight=8124 5364 1160 4204 2301 2220 2760 1903 1043 604 1177 1854 727 154
internal_count=8124 5364 1160 4204 2301 2220 2760 1903 1043 604 1177 1854 727 154
cat_boundaries=0 3 7 11 12 16 19
cat_threshold=659435520 543439336 2684650197 403701894 1208090642 207751202 12 1487930247 1561494544 268509224 6 106 17408 33554436 71453696 8 84016 65536 141033474
is_linear=0
shrinkage=0.03


Tree=68
num_leaves=15
num_cat=7
split_feature=0 6 6 6 0 7 1 0 0 7 0 6 0 7
split_gain=33.4117 14.4397 11.5588 11.2593 9.86255 11.0043 10.8402 9.81789 9.19612 8.4918 8.33738 20.3091 7.79411 10.2394
threshold=0 -0.60669570726644018 -0.37303678043615379 0.3635321550797857 1 -0.058063571869059409 2 3 4 0.17523377741282345 5 0.1211973816798242 6 0.1473769486393888
decision_type=9 8 8 10 9 8 1 9 9 10 9 10 9 10
left_child=2 -2 -1 4 5 8 7 -7 -3 -6 11 -4 -8 -14
right_child=1 3 10 -5 9 6 12 -9 -10 -11 -12 -13 13 -15
leaf_value=0.0028695241123762737 0.0093050048817257033 0.00016537331888435351 -0.00015404484190987975 -0.0016611957969859823 7.6484009752685867e-06 6.7420874632558532e-05 2.539272093785019e-05 -0.00022251200481628199 0.0019314815344102689 -0.00095126905595946756 -3.2172287223588835e-05 -0.0032290209087403082 0.00019487664398163906 0.0014935640418039515
leaf_weight=82 84 102 674 232 3160 201 495 416 179 118 1458 152 730 42
leaf_count=82 84 102 674 232 3160 201 495 416 179 118 1458 152 730 42
internal_value=-1.10769e-05 0.00122205 -0.00300505 0.00104141 0.00131729 0.00288276 0.00207006 -0.00119617 0.00843416 0.000273723 -0.00341506 -0.0058134 0.00364135 0.0055243
internal_weight=8125 5759 2366 5675 5443 2165 1884 617 281 3278 2284 826 1267 772
internal_count=8125 5759 2366 5675 5443 2165 1884 617 281 3278 2284 826 1267 772
cat_boundaries=0 3 7 8 12 16 19 23
cat_threshold=860299280 2372042 574787956 3363864805 881460772 1477181960 21 416 1073741824 269090820 402915336 16 132 805437440 262144 1 16982016 2363400 570458368 1082163232 814219776 786440 20
is_linear=0
shrinkage=0.03


Tree=69
num_leaves=15
num_cat=7
split_feature=0 6 6 0 7 1 0 0 0 10 0 10 3 6
split_gain=26.5603 13.4471 12.6516 13.7865 12.9068 19.6704 16.2763 11.7684 11.2096 10.1018 9.99067 10.9452 9.74216 9.21433
threshold=0 0.084506336833855236 -0.19737862286595662 1 0.0080112479753355909 2 3 4 5 26.795000000000005 6 18.411250000000006 8.8545219490920832 0.00079732319228753578
decision_type=9 10 8 9 10 1 9 9 9 2 9 2 2 8
left_child=1 12 10 -4 5 7 -7 -5 -6 -3 -2 -12 -1 -9
right_child=2 9 3 4 8 6 -8 13 -10 -11 11 -13 -14 -15
leaf_value=0.0028880180220143357 0.0048451649542296084 -0.0014100144317879832 5.2289596233099588e-05 7.312941379487419e-05 -0.00059694866596999186 -0.00014112685726669734 0.00041304406332939105 -0.00042657755394949742 -4.1106950852573709e-05 0.00024740509166997176 0.0020022504565525186 -0.00017089546656960024 -4.6377004788591202e-05 -3.0610621805023114e-05
leaf_weight=99 101 419 2348 101 440 340 784 175 1010 53 167 187 1793 110
leaf_count=99 101 419 2348 101 440 340 784 175 1010 53 167 187 1793 110
internal_value=-3.32226e-05 -0.0027043 0.0010653 0.000655614 -0.000707071 0.00123179 0.00322751 -0.00454545 -0.00273103 -0.00724576 0.00586813 0.00313187 -0.00158562 -0.00762712
internal_weight=8127 2364 5763 5308 2960 1510 1124 386 1450 472 455 354 1892 285
internal_count=8127 2364 5763 5308 2960 1510 1124 386 1450 472 455 354 1892 285
cat_boundaries=0 4 8 9 13 16 19 22
cat_threshold=601498384 6557288 637800804 24 136584333 1427243158 1477069826 2 645 1073774624 33574912 16785921 4 67108864 536903680 2164260864 32832 622593 2149613713 32800 167772160 129
is_linear=0
shrinkage=0.03


Tree=70
num_leaves=15
num_cat=6
split_feature=0 6 3 0 0 7 0 6 0 6 0 7 5 8
split_gain=26.8387 25.4786 13.6644 13.3006 10.9581 9.83681 10.9706 14.166 9.98678 9.0187 14.8581 15.5008 8.61463 7.99322
threshold=0 -0.29051556279133356 8.0594042983760321 1 2 0.0093332100210075115 3 0.13294945321630983 4 0.10742074725120078 5 0.013058337482910078 12.349087898068875 11.073350303401563
decision_type=9 8 2 9 9 8 9 10 9 10 9 8 8 2
left_child=2 -2 -1 -4 9 6 7 -5 12 -3 -11 -12 13 -7
right_child=1 4 3 5 -6 8 -8 -9 -10 10 11 -13 -14 -15
leaf_value=0.006140704382669439 0.0038938338243888551 1.6447106323893342e-06 -0.00052520415466522673 0.00037505953987937939 6.2160099228586598e-05 -0.001008312367715664 -8.7389292176685488e-05 -0.0017525680788195678 -8.1038280099449161e-05 -0.0016009333119927844 0.001928014109467117 -0.00032356840845066407 -0.0017840226775268934 0.00016262128376963401
leaf_weight=66 238 2061 224 417 2966 196 604 33 671 205 62 255 101 86
leaf_count=66 238 2061 224 417 2966 196 604 33 671 205 62 255 101 86
internal_value=0.000120953 0.0012265 -0.00254153 -0.0029331 0.000816363 -0.00215297 -0.000113852 0.0033913 -0.00421252 -0.000613189 -0.00413793 9.17431e-05 -0.00801527 -0.00553191
internal_weight=8185 5787 2398 2332 5549 2108 1054 450 1054 2583 522 317 383 282
internal_count=8185 5787 2398 2332 5549 2108 1054 450 1054 2583 522 317 383 282
cat_boundaries=0 4 7 11 15 19 22
cat_threshold=659169876 538992856 574636469 24 553656324 0 536870912 3499131138 163911457 87331394 4 105381952 2097152 33554741 16 101187648 2097152 277 16 32770 134480897 2134016
is_linear=0
shrinkage=0.03


Tree=71
num_leaves=15
num_cat=7
split_feature=0 7 0 0 1 0 0 7 2 3 4 7 7 1
split_gain=22.4606 26.5113 24.7468 12.6457 11.4438 12.9948 12.6706 10.2718 12.0143 11.1365 9.59103 8.8699 7.22846 8.35239
threshold=0 -0.058063571869059409 1 2 3 4 5 -0.045149271449324672 2003.5000000000002 8.8545219490920832 11.107600337953032 -0.0040966592840003804 -0.36463587705577222 6
decision_type=9 8 9 9 1 9 9 10 2 2 10 10 10 1
left_child=4 2 -2 -3 5 10 -6 9 -9 -8 -1 -12 -4 -14
right_child=1 3 12 -5 6 -7 7 8 -10 -11 11 -13 13 -15
leaf_value=0.00016245480875888939 -0.00038769269500953801 4.6476241311131017e-05 0.016059124694341207 -3.0335377405176226e-05 3.167157440588952e-05 -0.00015736809279154237 0.0032139918647202856 -0.00046959586289850396 -4.2853728380432572e-05 -0.00033049724799418553 -0.00037477789567263509 9.3955337784473763e-05 0.00053157784006954451 0.0017848170594081754
leaf_weight=374 213 2346 49 2799 377 376 32 421 200 276 65 73 121 443
leaf_count=374 213 2346 49 2799 377 376 32 421 200 276 65 73 121 443
internal_value=8.4507e-05 0.00103829 0.00602906 0.000239067 -0.00250454 0.00013363 -0.00428571 -0.00616613 -0.00845411 -0.00175325 0.00321839 -0.00347826 0.00900482 0.00819149
internal_weight=8165 5971 826 5145 2194 888 1306 929 621 308 512 138 613 564
internal_count=8165 5971 826 5145 2194 888 1306 929 621 308 512 138 613 564
cat_boundaries=0 4 7 10 11 15 18 19
cat_threshold=1733702400 19169960 637534624 1 268435462 135398736 134488064 404769927 1817323783 3357696072 583 101974272 16777888 128 1 4329472 2392064 67108896 160
is_linear=0
shrinkage=0.03


Tree=72
num_leaves=15
num_cat=6
split_feature=0 6 6 10 0 6 0 6 4 1 0 5 0 5
split_gain=23.0715 19.6451 11.5102 11.09 10.8911 9.75026 19.0272 8.89572 8.59105 8.496 10.9667 10.6015 8.4543 9.72973
threshold=0 -0.70671115642307469 0.2119689025597076 20.355625000000003 1 -0.024592623589972714 2 0.1412377165038077 9.7708410906327412 3 4 12.015257115046447 5 8.5093601540966706
decision_type=9 8 10 2 9 8 9 10 10 1 9 8 9 10
left_child=2 8 9 -4 5 6 -3 -6 -2 10 11 -1 -9 -14
right_child=1 4 3 -5 7 -7 -8 12 -10 -11 -12 -13 13 -15
leaf_value=0.00018048177467595107 0.01610820799212578 -7.0441545904091488e-05 -0.0046566414909517935 -0.00047953983353181027 6.789324870311317e-06 1.2062724061460483e-05 0.00085813495126275583 -0.0022123997388251563 0.0054422138981861778 -9.7548157160772116e-05 -5.4967451095109045e-05 -0.000516586611917229 -0.0043845281848228822 5.752619681830386e-05
leaf_weight=384 33 219 84 80 2818 1766 409 216 30 973 711 92 37 335
leaf_count=384 33 219 84 80 2818 1766 409 216 30 973 711 92 37 335
internal_value=-4.76365e-05 0.000955219 -0.00257069 -0.0102439 0.000775862 0.00232113 0.0055414 -0.000316159 0.017619 -0.002 -0.000275689 0.00320988 -0.00367347 -0.00078534
internal_weight=8187 5863 2324 164 5800 2394 628 3406 63 2160 1187 476 588 372
internal_count=8187 5863 2324 164 5800 2394 628 3406 63 2160 1187 476 588 372
cat_boundaries=0 4 8 11 12 15 19
cat_threshold=659173636 538992873 710957136 2 3358885529 272735488 1409942056 4 3407888 4231424 131072 539 71827712 2113569 671094784 65538 1074003968 32899 9
is_linear=0
shrinkage=0.03


Tree=73
num_leaves=15
num_cat=7
split_feature=6 0 6 0 7 0 0 7 4 4 5 1 0 0
split_gain=27.5624 23.6877 13.3218 11.4312 10.4746 15.1234 13.8961 10.6774 9.50343 8.36921 8.27383 7.55627 19.7208 10.8709
threshold=-0.70671115642307469 0 -0.19737862286595662 1 0.04687670914656606 2 3 0.0080112479753355909 10.908905730130927 8.9461140702258621 8.5093601540966706 4 5 6
decision_type=8 9 8 9 8 9 9 10 10 10 10 1 9 9
left_child=-1 4 10 11 6 9 7 8 -2 -6 -3 12 -4 -13
right_child=1 2 3 -5 5 -7 -8 -9 -10 -11 -12 13 -14 -15
leaf_value=0.012339097559148584 -0.00043963764232260363 -0.0010641062359338597 -0.00011883683582293957 -6.0723525284287963e-06 0.00068109136386429946 -0.00097315103052788253 2.0710636589759066e-05 -0.00050270348582981471 0.00013255710072774046 -0.00028521036706873661 0.0016547175391427335 1.2353644659148892e-05 0.00017350095282500508 0.0001166797477917703
leaf_weight=88 159 46 343 2771 119 413 1229 111 107 326 330 837 371 874
leaf_count=88 159 46 343 2771 119 413 1229 111 107 326 330 837 371 874
internal_value=0.00034712 0.000164261 0.00124686 0.000854503 -0.00227971 -0.00496503 -0.000859278 -0.00581395 -0.00270677 -0.000989011 0.00670213 0.00235318 -0.000248619 0.00343405
internal_weight=8124 8036 5572 5196 2464 858 1606 377 266 445 376 2425 714 1711
internal_count=8124 8036 5572 5196 2464 858 1606 377 266 445 376 2425 714 1711
cat_boundaries=0 4 8 12 15 16 19 23
cat_threshold=660742160 14695193 1917059205 11 2283014667 890470496 2350088744 20 39845904 4198665 809500801 1 33562624 4198409 536870913 224 134479880 83886112 68190752 1049090 538148928 2214789128 16
is_linear=0
shrinkage=0.03


Tree=74
num_leaves=15
num_cat=6
split_feature=0 6 7 0 1 0 2 5 6 0 7 7 0 7
split_gain=23.4137 16.1079 13.4504 19.7329 15.13 14.626 12.9667 12.746 12.2583 9.15783 7.64512 8.08638 7.43226 9.32352
threshold=0 -0.60669570726644018 0.0080112479753355909 1 2 3 2002.5000000000002 11.394141903617061 0.0086716446970811507 4 -0.0045971567684874861 -0.097413477023805747 5 0.17523377741282345
decision_type=9 8 10 9 1 9 2 10 8 9 8 10 9 10
left_child=2 -2 4 6 5 -1 -4 9 -7 10 11 -6 -3 -14
right_child=1 12 3 -5 7 8 -8 -9 -10 -11 -12 -13 13 -15
leaf_value=0.00042416690406690296 0.011968924632374128 0.00010868835469553924 -0.00036099298805304517 -0.00075817078988093731 -5.5139170257290649e-05 0.00010857062936803073 0.00019980116438870094 -5.077567426790298e-05 -0.00028306887626549195 7.3748764631293909e-05 6.9899674492005655e-07 -0.0004223052691695761 2.6137003921369078e-06 -0.0013283431145050121
leaf_weight=226 80 1994 282 503 63 320 187 111 199 325 115 141 3430 165
leaf_count=226 80 1994 282 503 63 320 187 111 199 325 115 141 3430 165
internal_value=-0.000180567 0.000882198 -0.0026108 -0.00537037 -0.00084 0.00218543 -0.000814196 -0.00380392 -0.000623819 -0.00223602 -0.00574468 -0.00941176 0.000692432 -0.000124827
internal_weight=8141 5669 2472 972 1500 745 469 755 519 644 319 204 5589 3595
internal_count=8141 5669 2472 972 1500 745 469 755 519 644 319 204 5589 3595
cat_boundaries=0 3 6 7 10 13 17
cat_threshold=658747660 560538506 608211968 608239876 20980096 4195328 154 32776 65794 71335936 4431876 20971784 32768 1076907745 1107427349 135077924 6
is_linear=0
shrinkage=0.03


Tree=75
num_leaves=15
num_cat=8
split_feature=0 6 1 2 6 0 0 0 1 9 0 0 9 8
split_gain=25.9465 13.7041 17.8699 15.4384 13.1967 32.0147 14.9811 12.4394 10.0319 9.96417 9.38121 9.19079 8.38402 7.73189
threshold=0 -0.010613482553319285 1 1998.5000000000002 -0.14553320064262373 2 3 4 5 9.9157085651463142 6 7 5.864822935994332 10.09140852164256
decision_type=9 8 1 2 10 9 9 9 1 2 9 9 2 2
left_child=1 7 11 9 5 -2 -6 8 -1 12 -7 -3 -4 -5
right_child=4 2 3 13 6 10 -8 -9 -10 -11 -12 -13 -14 -15
leaf_value=0.0009561933080448992 0.0021393693208945231 -0.00013416600060922154 1.3113774155420407e-06 0.0004473722529293588 0.0001297264517586252 0.0011192896761368543 -2.8078271407301101e-07 -0.00015151371974945232 -0.00025485517430969641 0.00019292517419749309 -0.00030613247863071268 -0.00070466382428934166 -0.00060318492760832044 -2.9164303872774846e-06
leaf_weight=255 339 211 98 124 675 219 3982 547 128 67 379 360 293 473
leaf_count=255 339 211 98 124 675 219 3982 547 128 67 379 360 293 473
internal_value=0.000184049 -0.00231489 -0.00398524 -0.00160563 0.00132762 0.00457844 0.000676401 0.000580645 0.00465649 -0.00576419 0.000296053 -0.00820998 -0.00759591 0.00155779
internal_weight=8150 2556 1626 1055 5594 937 4657 930 383 458 598 571 391 597
internal_count=8150 2556 1626 1055 5594 937 4657 930 383 458 598 571 391 597
cat_boundaries=0 4 5 9 12 16 17 21 24
cat_threshold=390620720 2110056 2986642192 24 864 9469962 1241531396 86057089 4 2147489921 16779282 134217768 71320608 4608 570458112 16 122 536936448 806617088 1576964 1 301990912 4704 268437776
is_linear=0
shrinkage=0.03


Tree=76
num_leaves=15
num_cat=5
split_feature=0 6 0 6 0 0 6 6 8 7 4 8 0 6
split_gain=26.7032 13.7886 10.1752 9.58894 15.4415 11.0609 9.31707 8.03778 8.97501 7.79779 6.30051 7.61914 6.48117 9.02936
threshold=0 -0.60669570726644018 1 0.039585429230005083 2 3 0.34741309400423775 0.030584722420513803 8.9350089400415538 -0.042781460093452843 10.816442634551967 12.018841440074427 4 0.0026665076668912495
decision_type=9 8 9 10 9 9 10 10 2 8 10 2 9 10
left_child=3 -2 -3 5 -5 9 -4 8 -7 -1 12 -12 13 -10
right_child=1 2 6 4 -6 7 -8 -9 10 -11 11 -13 -14 -15
leaf_value=0.0013966760084449738 0.0084896779600744238 -1.960080925801855e-06 6.6098572237906545e-05 -8.3272392841110548e-06 -0.0011268716115889635 0.00064311250062602928 -0.0015413551709628631 0.00044372321714916592 7.0817617499835566e-06 -3.0282898870951256e-05 2.6770952538505043e-06 -0.00066020839180534036 -0.0006083539107862464 -0.00024360938033828888
leaf_weight=225 80 2928 2750 321 405 76 107 34 149 508 272 75 196 56
leaf_count=225 80 2928 2750 321 405 76 107 34 149 508 272 75 196 56
internal_value=5.13322e-05 0.00112851 0.000959378 -0.00266867 -0.00553719 -0.00137649 0.00222881 -0.00366359 -0.00429612 0.00133244 -0.00529412 -0.00233429 -0.00785536 -0.00348837
internal_weight=8182 5865 5785 2317 726 1591 2857 858 824 733 748 347 401 205
internal_count=8182 5865 5785 2317 726 1591 2857 858 824 733 748 347 401 205
cat_boundaries=0 4 8 11 15 18
cat_threshold=2802329712 543511273 570579200 8 1347584268 1241524480 72722167 16 537397296 4280392 33687552 2248149104 537133577 4352 8 0 86208 16384
is_linear=0
shrinkage=0.03


Tree=77
num_leaves=15
num_cat=5
split_feature=0 6 1 0 6 5 6 7 0 6 5 0 7 10
split_gain=19.3801 19.1523 13.5454 14.5463 11.3135 10.8588 9.68053 9.29547 8.49072 9.33862 7.66839 6.67986 10.283 10.4727
threshold=0 -0.19737862286595662 1 2 0.75669377845877517 10.04207487713373 -0.84443303788702007 -0.11638901106244635 3 -0.1071601938228026 8.8298848966967682 4 0.1683270553032932 24.775000000000002
decision_type=9 8 1 9 10 8 8 8 9 8 8 9 10 2
left_child=1 5 3 -3 6 -1 -2 -7 9 -4 -11 12 -8 -14
right_child=4 2 8 -5 -6 7 11 -9 -10 10 -12 -13 13 -15
leaf_value=0.0044763610354242051 0.008940068069212331 1.1954635018009145e-05 0.0013671679530519476 0.00029323399511873904 -0.0062098042161484292 0.0021729187629838465 -3.5937499952920851e-05 -0.00073163028013313299 -0.00014923812554829994 -7.8299449874367692e-06 5.9998600448148807e-05 1.0593224281792851e-06 -0.0034644616949295157 0.00016830161880389751
leaf_weight=91 46 458 34 501 62 54 2338 69 811 34 555 2982 89 36
leaf_count=91 46 458 34 501 62 54 2338 69 811 34 555 2982 89 36
internal_value=0.000198529 0.00232709 0.00156707 0.00430341 -0.000803523 0.0109346 -0.000661082 0.00512195 -0.000290859 0.00232227 0.00147708 -0.00077686 -0.00192883 -0.01032
internal_weight=8160 2607 2393 959 5553 214 5491 123 1434 623 589 5445 2463 125
internal_count=8160 2607 2393 959 5553 214 5491 123 1434 623 589 5445 2463 125
cat_boundaries=0 4 5 9 13 17
cat_threshold=279560369 125889537 1345852426 6 11 2211840 41992193 269489152 6 2179072 25206785 269489160 2 793783048 3805404 708839553 17
is_linear=0
shrinkage=0.03


Tree=78
num_leaves=15
num_cat=5
split_feature=0 6 2 0 0 7 5 9 7 0 0 3 7 7
split_gain=21.6138 19.1702 11.8546 25.8144 17.4957 10.7451 10.2064 12.131 10.0242 30.138 24.3825 9.62453 9.59747 9.55556
threshold=0 -0.26476653851356419 1999.5000000000002 1 2 0.15150277564090645 9.0958268280154346 7.0433654990876002 -0.013686960105315114 3 4 8.7759348494497775 -0.19454873426994543 -0.005740817121066665
decision_type=9 8 2 9 9 10 8 2 10 9 9 2 10 10
left_child=2 6 4 5 11 -4 -2 12 9 -3 13 -1 -8 -10
right_child=1 8 3 -5 -6 -7 7 -9 10 -11 -12 -13 -14 -15
leaf_value=0.00091071896117899689 0.0082286577137757385 0.00050434523392756711 0.00017314314524016029 -0.00021416167058460782 -2.4479872120758373e-05 -0.0040768478429670293 -0.0035457229681980832 0.0043264092393957843 -0.00025187726753984831 -8.2861401433936821e-06 -3.7779489166078363e-05 -0.00035528780785195479 0.0020037279410478857 7.2446057098753247e-05
leaf_weight=41 45 719 497 715 682 37 58 137 88 1141 1917 428 55 1513
leaf_count=41 45 719 497 715 682 37 58 137 88 1141 1917 428 55 1513
internal_value=0.00039019 0.00139891 -0.0019917 2.40192e-05 -0.00419635 0.00496324 0.00884746 0.00648 0.000992934 0.00277419 5.11654e-05 -0.00858038 -0.00079646 0.00277467
internal_weight=8073 5673 2400 1249 1151 534 295 250 5378 1860 3518 469 113 1601
internal_count=8073 5673 2400 1249 1151 534 295 250 5378 1860 3518 469 113 1601
cat_boundaries=0 4 8 12 16 20
cat_threshold=1732392964 6368057 587333796 24 1073874944 67872 16908292 24 553658368 67880 16908292 8 135266936 1896906818 1413022032 6 2419868067 235016192 2286185546 1
is_linear=0
shrinkage=0.03


Tree=79
num_leaves=15
num_cat=7
split_feature=0 1 0 6 0 0 0 3 0 6 4 6 6 6
split_gain=22.4833 14.3875 25.0111 29.4181 21.3393 19.2515 12.0588 11.7671 10.1381 9.73657 9.71524 9.48799 8.81024 8.61184
threshold=0 1 2 0.010428789344447688 3 4 5 8.3539663561800577 6 -0.35283807330270361 9.6805627033843091 0.17178690937771982 0.099752205714184874 0.065131527523250923
decision_type=9 1 9 8 9 9 9 2 9 10 10 10 10 10
left_child=7 2 11 6 -5 -3 -4 9 10 -1 -9 12 -2 -7
right_child=1 5 3 4 -6 13 -8 8 -10 -11 -12 -13 -14 -15
leaf_value=0.0096525537407376009 -2.6264875264340051e-05 5.9583089969572606e-05 0.00086337447275005609 0.00047295817266348826 -5.5891618387857682e-05 -2.5781884104833508e-05 0.00015042230333991207 -0.0039499789260112215 -5.5632751107845671e-05 0.0003176139873680299 -0.00019303373265483421 0.00036309721620635013 -0.00069631676098421639 -0.00084486640371867448
leaf_weight=37 605 1390 426 317 792 1159 429 50 2298 64 70 88 46 373
leaf_count=37 605 1390 426 317 792 1159 429 50 2298 64 70 88 46 373
internal_value=0.000346267 0.00140018 0.00297457 0.00474164 0.00154193 -6.13915e-05 0.00894737 -0.00200474 -0.00243176 0.0080198 -0.0106154 -0.0017223 -0.00299539 -0.00237354
internal_weight=8144 5625 2703 1964 1109 2922 855 2519 2418 101 120 739 651 1532
internal_count=8144 5625 2703 1964 1109 2922 855 2519 2418 101 120 739 651 1532
cat_boundaries=0 4 5 9 12 16 20 23
cat_threshold=1934832388 6296024 570692066 8 75 2360320 159416324 1158366229 2 147 1196065 136325632 136610817 865649156 2232110109 6 8437994 1912604160 274759688 17 553656320 0 536870912
is_linear=0
shrinkage=0.03


Tree=80
num_leaves=15
num_cat=1
split_feature=6 3 7 6 9 9 1 7 9 8 10 9 7 4
split_gain=18.8337 12.7037 11.6567 11.0329 9.82265 11.9472 9.0777 9.67626 7.73358 7.06371 8.20769 11.0927 7.7661 12.7501
threshold=0.3635321550797857 8.0594042983760321 -0.08915842449837362 -0.30880271389628694 3.2668508124140332 9.0725989783537848 0 -0.075765274348559938 11.491548597332018 9.936621317907063 19.883333333333336 4.2474081938846009 0.030673585564380716 10.498994337034366
decision_type=10 2 10 10 2 2 1 8 2 2 2 2 8 10
left_child=1 3 -2 -1 -4 -6 7 -3 -9 10 11 -8 -11 -14
right_child=2 6 4 -5 5 -7 9 8 -10 12 -12 -13 13 -15
leaf_value=0.014113888248026335 -0.009917493971131907 0.0012406075527819488 -0.0057672402708459402 0.00035842484598315238 9.0541045310166642e-05 -0.0020143578807767389 -0.0011430361304828596 2.4625419023153725e-05 0.00055662929353704406 3.2061424669607427e-06 -9.809331086111847e-07 0.00037106692734323251 -0.00044726288037011451 4.8471592255079671e-06
leaf_weight=46 45 289 31 36 209 66 43 2368 47 2100 1129 555 587 637
leaf_count=46 45 289 31 36 209 66 43 2368 47 2100 1129 555 587 637
internal_value=0.000388373 0.000692867 -0.00641026 0.012439 -0.00431373 -0.00250909 0.000568665 0.00196758 0.00135404 -0.000183758 0.00137232 0.00421405 -0.00099278 -0.00289216
internal_weight=8188 7837 351 82 306 275 7755 2704 2415 5051 1727 598 3324 1224
internal_count=8188 7837 351 82 306 275 7755 2704 2415 5051 1727 598 3324 1224
cat_boundaries=0 1
cat_threshold=522
is_linear=0
shrinkage=0.03


Tree=81
num_leaves=15
num_cat=6
split_feature=0 3 0 4 4 1 0 0 4 0 2 10 5 5
split_gain=25.5154 10.5246 14.2329 10.9362 10.7608 10.2062 13.7205 9.82175 10.9876 9.73466 9.5308 9.11725 8.81613 8.35748
threshold=0 8.9868217425135288 1 9.2712002591262017 8.6912304968504177 2 3 4 9.00632518417863 5 1999.5000000000002 21.272500000000004 12.004568268851846 9.9273261417180212
decision_type=9 2 9 8 10 1 9 9 8 9 2 2 8 10
left_child=5 2 4 -4 -2 9 12 8 11 -1 -11 -3 13 -7
right_child=1 7 3 -5 -6 6 -8 -9 -10 10 -12 -13 -14 -15
leaf_value=0.000122814820306883 6.1667181127424573e-05 -0.0037715982868892924 0.0006689562151467477 0.010252233684584805 -0.00064406803143371319 -0.00018905996132805378 0.00033107524221150591 -2.7119443244490343e-06 -4.9523542346662284e-05 2.6904274677378111e-05 -0.00014882388231174027 -0.00015252575660351395 -0.00033168718007110505 0.00017363484629055615
leaf_weight=505 54 43 254 49 51 137 797 3074 2124 290 295 32 119 310
leaf_count=505 54 43 254 49 51 137 797 3074 2124 290 295 32 119 310
internal_value=0.000287681 -0.00081708 0.00382353 0.00699681 -0.00547826 0.002838 0.00456664 -0.0011777 -0.00270258 0.000654545 -0.00196639 -0.014 0.0009375 0.00288591
internal_weight=8134 5681 408 303 105 2453 1363 5273 2199 1090 585 75 566 447
internal_count=8134 5681 408 303 105 2453 1363 5273 2199 1090 585 75 566 447
cat_boundaries=0 4 7 8 12 16 20
cat_threshold=2550205633 1200655367 807419919 6 262148 2097408 512 480 67584 33589252 805306371 2 655532552 270815496 185176256 24 2147551296 34637825 805306383 2
is_linear=0
shrinkage=0.03


Tree=82
num_leaves=15
num_cat=6
split_feature=0 7 7 1 7 4 0 7 1 0 0 5 3 7
split_gain=21.4729 18.6087 11.5111 11.2975 15.2237 11.0567 10.8227 15.5905 11.4491 21.5849 13.1252 9.8596 10.5978 9.06515
threshold=0 -0.14518536190521478 0.17523377741282345 1 0.015226978748966504 10.227670243081002 2 0.1473769486393888 3 4 5 9.7215458588096766 11.993732866227058 0.034192670141456556
decision_type=9 8 10 1 8 10 9 10 1 9 9 8 2 8
left_child=3 5 6 4 -1 -2 -3 8 9 11 -10 -8 -13 -5
right_child=1 2 -4 13 -6 -7 7 -9 10 -11 -12 12 -14 -15
leaf_value=-0.00012643791564591775 0.0032018521147206664 -0.00012461241754679132 -0.0011791996246182355 0.00024106992676724379 0.00017313368806855305 -3.6520511539581028e-05 -0.00060074396680443007 0.0011218017539030968 -0.00011694576950423212 0.0002041398947577412 -2.7194688851481152e-06 7.6773908785253463e-05 -0.00057790236351715175 3.8103675829781906e-05
leaf_weight=223 201 1359 312 1029 213 116 82 71 710 775 1833 315 76 794
leaf_count=223 201 1359 312 1029 213 116 82 71 710 775 1833 315 76 794
internal_value=0.000233074 -0.000726962 -0.0011332 0.00271045 -0.00161435 0.00634069 -0.000798698 1.54959e-05 -0.000245318 0.00209857 -0.00139835 -0.00291925 -0.000997442 0.00374795
internal_weight=8109 5850 5533 2259 436 317 5221 3862 3791 1248 2543 473 391 1823
internal_count=8109 5850 5533 2259 436 317 5221 3862 3791 1248 2543 473 391 1823
cat_boundaries=0 4 5 9 10 13 16
cat_threshold=2696692961 345121792 173559864 6 672 1224749572 606280 34183 25 522 306249728 33854084 1611014144 35098 1648363555 576
is_linear=0
shrinkage=0.03


Tree=83
num_leaves=15
num_cat=7
split_feature=0 3 7 0 0 6 1 7 5 0 8 6 1 0
split_gain=23.6971 17.1385 12.4823 17.1818 15.0869 10.3376 8.51641 14.0357 8.2588 8.01427 7.18706 6.84088 7.66868 20.1441
threshold=0 8.9868217425135288 0.085564027485142816 1 2 0.26107512470792044 3 0.0076632568247738684 9.1770935858068494 4 10.027907328534983 -0.52958449008407971 5 6
decision_type=9 2 10 9 9 10 1 10 10 9 2 8 1 9
left_child=11 5 4 -4 6 9 7 -3 -5 -2 -10 -1 13 -13
right_child=1 2 3 8 -6 -7 -8 -9 10 -11 -12 12 -14 -15
leaf_value=0.0044873491308894155 4.608938182994767e-05 0.00059544598750255705 0.00032613122461669526 -0.0036645745351253458 7.9446023238430121e-07 -0.0027460519915399385 -1.3006439584489907e-06 4.4402424712578962e-05 6.0857678050732942e-05 0.0025150233351416019 -0.00074441568536338519 6.7601354705810302e-05 -3.5254597405148969e-05 -0.00035448451986859567
leaf_weight=46 104 616 230 65 3076 47 394 439 122 218 302 214 1970 340
leaf_count=46 104 616 230 65 3076 47 394 439 122 218 302 214 1970 340
internal_value=5.49921e-05 0.00114707 0.000709382 -0.00296245 0.00129282 0.00739837 0.00380398 0.00521127 -0.00607214 0.00931677 -0.00466981 -0.00232558 -0.00254358 -0.0056383
internal_weight=8183 5613 5244 719 4525 369 1449 1055 489 322 424 2570 2524 554
internal_count=8183 5613 5244 719 4525 369 1449 1055 489 322 424 2570 2524 554
cat_boundaries=0 4 8 12 13 16 17 20
cat_threshold=21439292 157286616 55599506 1 343982208 33738752 262144 4 2149586945 1653098242 1007193600 2 410 603979776 256 268435980 257 4390916 150995072 1048848
is_linear=0
shrinkage=0.03


Tree=84
num_leaves=15
num_cat=7
split_feature=0 6 7 1 0 0 2 1 0 0 4 7 9 3
split_gain=21.5658 14.9951 10.9699 14.5776 15.7806 12.5681 16.4379 14.8956 12.0887 10.5197 9.08087 6.93131 7.26994 9.61686
threshold=0 -0.26476653851356419 -0.0023114549590319551 1 2 3 2005.5000000000002 4 5 6 8.9461140702258621 0.076979711795339259 9.2403678368684368 11.512810451743201
decision_type=9 8 8 1 9 9 2 1 9 9 10 8 2 2
left_child=2 -2 3 4 -1 6 7 -4 -5 -3 -6 12 -7 -14
right_child=1 9 5 8 10 11 -8 -9 -10 -11 -12 -13 13 -15
leaf_value=0.00058397112747737335 0.0022050769386641597 6.7032715865696695e-05 2.2643421808922826e-05 -0.00021837927365070403 0.0010128714551635931 -3.637158158851466e-05 0.00018798416505755056 -0.0002897574558402125 0.00055830387371276079 -3.0105080297292357e-06 -0.00061538054353138278 -0.0014811398908279429 -0.00055389715114044751 -1.7597597203539426e-05
leaf_weight=124 296 1792 310 215 30 308 145 337 389 3538 200 338 81 43
leaf_count=124 296 1792 310 215 30 308 145 337 389 3538 200 338 81 43
internal_value=9.57525e-05 0.00112846 -0.00220553 0.000313152 -0.00445055 -0.0037644 -0.00104738 -0.00310665 0.00312704 0.000765478 -0.009 -0.00646154 -0.00402778 -0.0101613
internal_weight=8146 5626 2520 958 354 1562 792 647 604 5330 230 770 432 124
internal_count=8146 5626 2520 958 354 1562 792 647 604 5330 230 770 432 124
cat_boundaries=0 4 5 9 13 14 18 22
cat_threshold=1996628748 136843656 107124756 26 613 100663304 128 32768 24 805437700 134218112 6422532 16 617 570433540 128 131092 24 2148010131 340942866 402998344 5
is_linear=0
shrinkage=0.03


Tree=85
num_leaves=15
num_cat=6
split_feature=0 7 0 0 1 6 7 10 7 5 0 0 2 6
split_gain=22.0986 13.9576 19.5341 10.8148 10.5139 9.53102 6.94272 8.79716 6.92854 6.01602 18.1416 13.8835 10.1012 7.03158
threshold=0 -0.058063571869059409 1 2 3 -0.42672018232967796 -0.36463587705577222 18.190000000000001 0.17523377741282345 11.015994522354781 4 5 2000.5000000000002 0.076336925613552445
decision_type=9 8 9 9 1 8 10 2 10 10 9 9 2 10
left_child=5 2 4 8 -2 -1 -4 -8 -3 11 -11 12 -7 -12
right_child=1 3 6 -5 -6 9 7 -9 -10 10 13 -13 -14 -15
leaf_value=0.0044894317638100477 -0.001119906616289448 -3.8014736334288438e-06 0.014343074905236574 5.7066242054241043e-05 0.00083276465337784656 -5.0973249136597245e-05 0.0017552072814256245 0.00059504745909390842 -0.0011686604460101181 -0.00023112097556045655 -5.7749647591442153e-05 -0.00044588741046518106 0.00026467719228853503 0.00061320902541503236
leaf_weight=82 108 2019 35 2601 104 548 225 246 158 364 366 697 442 63
leaf_count=82 108 2019 35 2601 104 548 225 246 158 364 366 697 442 63
internal_value=0.000290395 0.00136215 0.00526462 0.000778568 -0.00243243 -0.00200622 0.00837209 0.00757962 -0.000781893 -0.00234677 -0.00450189 -0.00133373 0.00096 -0.000205011
internal_weight=8058 5496 718 4778 212 2562 506 471 2177 2480 793 1687 990 429
internal_count=8058 5496 718 4778 212 2562 506 471 2177 2480 793 1687 990 429
cat_boundaries=0 4 7 11 12 16 20
cat_threshold=620897052 6361545 39889604 17 307494914 134610960 134479872 316183584 864567808 2366968083 8 601 67240716 257 37748928 1 604111116 449 4194884 1
is_linear=0
shrinkage=0.03


Tree=86
num_leaves=15
num_cat=0
split_feature=3 6 3 6 5 10 10 9 7 9 10 5 10 7
split_gain=14.8342 11.1268 11.2996 9.46143 9.20508 8.64528 16.309 6.94558 7.84167 11.5208 6.98758 9.13534 6.36913 9.26961
threshold=8.0594042983760321 0.3635321550797857 12.963249221348677 -0.84443303788702007 11.991467505459896 27.235000000000003 21.855000000000004 3.4101413523741582 -0.000341659629339297 1.5246365202410106 25.265000000000004 11.284775647518453 28.135000000000002 0.029355795111566611
decision_type=2 10 2 8 8 2 2 2 8 2 2 8 2 8
left_child=-1 2 3 -2 5 6 -3 8 9 -5 11 -10 13 -12
right_child=1 4 -4 7 -6 -7 -8 -9 10 -11 12 -13 -14 -15
leaf_value=0.0082383948427796078 0.01075970376917529 -0.0016502630912755658 -0.0012456437479806486 0.00018802293773800686 -0.0049211086390708947 -0.0059637946992051813 0.0010288736209356443 8.9842925367735568e-06 -0.0030061258159327065 -0.00033223238131246729 -3.3933737992902116e-06 6.0194586528135271e-05 -0.00055223381772290117 0.00046278859865022938
leaf_weight=94 40 205 30 44 35 40 65 7114 42 191 101 38 41 100
leaf_count=94 40 205 30 44 35 40 65 7114 42 191 101 38 41 100
internal_value=0.000278729 0.000140984 0.00037592 0.000447413 -0.00513043 -0.00348387 -0.00155556 0.000371529 -0.00285458 -0.00702128 0.000186335 -0.0075 0.00272727 0.00492537
internal_weight=8180 8086 7741 7711 345 310 270 7671 557 235 322 80 242 201
internal_count=8180 8086 7741 7711 345 310 270 7671 557 235 322 80 242 201
is_linear=0
shrinkage=0.03


Tree=87
num_leaves=15
num_cat=7
split_feature=0 6 6 0 0 6 1 0 0 10 5 8 2 1
split_gain=22.3788 19.2139 12.5906 15.3974 14.8011 9.96389 9.06485 13.2536 10.617 8.35957 7.64395 8.32964 7.62455 7.07013
threshold=0 -0.52958449008407971 0.20010370128022539 1 2 -0.19737862286595662 3 4 5 10.001000000000001 9.3575095942615238 8.9350089400415538 1998.5000000000002 6
decision_type=9 8 10 9 9 10 1 9 9 2 10 2 2 1
left_child=6 -2 3 5 -4 -3 7 -1 10 12 11 -8 -6 -7
right_child=1 2 4 -5 9 13 8 -9 -10 -11 -12 -13 -14 -15
leaf_value=0.00017154506216361868 0.0077750306224564037 0.0011699214884738375 -0.0027971627608776996 7.3044304848972821e-07 -0.0026203125437718436 -1.3406945605624514e-05 0.00086217405414629157 -0.00023809428269439735 -0.00026074094122329665 0.00015304470580765591 3.7614222913184631e-05 -0.00030118299578251937 -0.00057037769492931597 0.00014255878273659783
leaf_weight=451 101 255 210 3460 33 450 59 353 873 291 422 132 65 990
leaf_count=451 101 255 210 3460 33 450 59 353 873 291 422 132 65 990
internal_value=3.68324e-06 0.000987212 0.00076121 0.00123957 -0.00335559 0.00357185 -0.00250435 7.37101e-05 -0.00389037 0.000225564 -0.00081862 -0.00581152 -0.00734694 0.002625
internal_weight=8145 5855 5754 5155 599 1695 2290 804 1486 389 613 191 98 1440
internal_count=8145 5855 5754 5155 599 1695 2290 804 1486 389 613 191 98 1440
cat_boundaries=0 3 7 11 12 15 18 19
cat_threshold=635452172 544220552 462388 3389620323 1351354371 941641984 2 33554466 402915840 137396225 8 600 75497484 7348488 68128 559941632 536872064 394260 688
is_linear=0
shrinkage=0.03


Tree=88
num_leaves=15
num_cat=7
split_feature=0 3 1 0 0 0 9 0 3 3 5 4 3 1
split_gain=19.2093 10.2615 10.9625 33.0694 23.2057 9.89251 9.26796 8.79623 11.8998 9.12292 7.90242 6.43868 6.33485 10.9595
threshold=0 12.963249221348677 1 2 3 4 7.7362480028406866 5 11.56725263948413 11.666096992806844 9.7215458588096766 9.3588465468388424 11.780583283687523 6
decision_type=9 2 1 9 9 9 2 9 2 2 8 10 2 1
left_child=12 2 3 10 6 -5 -4 8 -6 -10 -2 -7 13 -1
right_child=1 -3 4 5 7 11 -8 -9 9 -11 -12 -13 -14 -15
leaf_value=0.00014607966447642231 -0.00072175229842681677 -0.0012591730741073365 -0.00040143570331212269 0.00089108548930519457 0.00012936341632763547 -0.00024646518027252577 -0.00020107401394717952 -3.2226236615158388e-05 -0.00038881900838712605 -7.2520272033203056e-05 -5.2467477030988378e-05 0.0001654426381226351 -1.1535395490439132e-05 9.7038868227585965e-05
leaf_weight=434 157 33 328 108 825 111 577 2087 39 140 784 868 351 1328
leaf_count=434 157 33 328 108 825 111 577 2087 39 140 784 868 351 1328
internal_value=0.000271726 -0.000588429 -0.000498008 0.00129539 -0.00140789 0.00484047 -0.00560656 -0.000164463 0.00213018 -0.00486034 -0.00280757 0.00379171 0.00272727 0.00347333
internal_weight=8170 6057 6024 2028 3996 1087 905 3091 1004 179 941 979 2113 1762
internal_count=8170 6057 6024 2028 3996 1087 905 3091 1004 179 941 979 2113 1762
cat_boundaries=0 4 5 9 12 14 18 19
cat_threshold=3263203913 999825924 268436677 4 522 960192516 67471553 575131904 10 536879506 1080164651 1073747976 258 1073741856 1130496 67469504 541573168 2 141
is_linear=0
shrinkage=0.03


Tree=89
num_leaves=15
num_cat=7
split_feature=0 7 0 0 1 7 0 0 2 7 5 1 10 5
split_gain=28.9043 12.736 14.1987 10.1352 8.899 10.7895 16.3313 12.7225 10.6007 7.5378 7.21578 7.20278 12.8939 7.17361
threshold=0 -0.058063571869059409 1 2 3 -0.014350164338995162 4 5 1994.5000000000002 -0.32388810626735504 9.7480318510386059 6 17.022500000000004 10.174373099653975
decision_type=9 8 9 9 1 10 9 9 2 10 10 1 2 10
left_child=4 2 9 -3 8 6 -6 -7 10 -2 -1 12 -4 -13
right_child=1 3 11 -5 5 7 -8 -9 -10 -11 -12 13 -14 -15
leaf_value=-0.00014028436542602672 0.016687795753077984 4.1441199446086266e-05 0.0017912427727950456 -1.3701438917616002e-06 0.00064938297048940856 -1.6408594407820534e-05 -0.00028433415966572836 -0.0004567218887924126 5.5387562737796733e-05 0.0013703003878823238 -0.00065886947598076139 0.0015989330807741672 -0.0001826053417907253 -0.00038188934072246332
leaf_weight=138 30 1624 72 3222 336 386 401 549 812 184 71 106 53 192
leaf_count=138 30 1624 72 3222 336 386 401 549 812 184 71 106 53 192
internal_value=0.000176125 0.00142545 0.00541601 0.000903838 -0.00236404 -0.00370987 -0.00101764 -0.00587166 -0.00014549 0.0115179 -0.00617225 0.00200924 0.00777778 -0.000584416
internal_weight=8176 5483 637 4846 2693 1672 737 935 1021 214 209 423 125 298
internal_count=8176 5483 637 4846 2693 1672 737 935 1021 214 209 423 125 298
cat_boundaries=0 4 8 12 13 16 20 21
cat_threshold=654782546 689963915 671449474 9 8437800 301989888 17829889 20 2419082885 71469092 2236512 2 531 65618 536871809 537231744 67502080 536871296 134480130 8 324
is_linear=0
shrinkage=0.03


Tree=90
num_leaves=15
num_cat=7
split_feature=0 6 1 0 0 6 0 5 6 0 0 9 7 3
split_gain=23.2126 16.1204 11.1659 30.1832 23.9596 9.67735 8.55966 7.9088 7.4893 10.9926 9.90971 8.075 7.87919 8.88858
threshold=0 -0.52958449008407971 1 2 3 -0.16915397603952617 4 11.669454550091324 0.11870540680184762 5 6 5.040188859666439 -0.036812267221955956 10.293602105847844
decision_type=9 8 1 9 9 8 9 8 10 9 9 2 8 2
left_child=-1 -2 3 -3 5 7 -5 -4 10 -10 12 -11 13 -6
right_child=1 2 4 6 8 -7 -8 -9 9 11 -12 -13 -14 -15
leaf_value=-8.0106688413112399e-05 0.0072460758786030179 0.00011035073754218366 0.0032469252839035286 -1.905773854972261e-05 -2.7502243842862286e-05 0.00016254257559166361 -0.00021674250474656219 0.00033094812995177858 0.00019019906834842802 3.2975205856849222e-05 7.7380635403525701e-05 -0.0012384842371188011 -5.8988627129234614e-06 -0.00094191683367088796
leaf_weight=2279 95 752 76 599 56 1379 487 31 113 56 1394 220 554 69
leaf_count=2279 95 752 76 599 56 1379 487 31 113 56 1394 220 554 69
internal_value=0.000323529 0.00131896 0.00111994 -0.000811688 0.00201617 0.00501337 -0.00399635 0.0137383 0.000194175 -0.00362468 0.000911722 -0.00671329 -0.00204644 -0.00888
internal_weight=8160 5881 5786 1838 3948 1486 1086 107 2462 389 2073 276 679 125
internal_count=8160 5881 5786 1838 3948 1486 1086 107 2462 389 2073 276 679 125
cat_boundaries=0 3 4 8 12 16 19 22
cat_threshold=688464404 539327193 537169152 736 67534882 1212672 3645055043 1 3531654561 1552417826 271712804 4 49299593 1224736772 2621440 20 262152 1212672 524416 262144 5406980 2168471616
is_linear=0
shrinkage=0.03


Tree=91
num_leaves=15
num_cat=7
split_feature=0 6 7 1 0 0 6 1 0 1 8 3 5 6
split_gain=22.1593 12.9297 11.2356 11.2256 14.2103 12.7253 9.55895 7.95174 6.54149 10.9761 7.78061 7.15994 10.6249 6.54305
threshold=0 -0.70671115642307469 -0.058063571869059409 1 2 3 0.3635321550797857 4 5 6 10.939332597921405 8.8255598118844834 8.9633521199214581 0.20674512775184176
decision_type=9 8 8 1 9 9 10 1 9 1 2 2 8 8
left_child=2 -2 -1 4 -4 -5 8 -8 9 10 -3 -10 -13 -14
right_child=1 6 3 5 -6 -7 7 -9 11 -11 -12 12 13 -15
leaf_value=0.00099628689737197781 0.0062973075338979461 0.0001760818972466842 0.00019661250960835799 0.00023452177989366371 -0.00010484110306179726 1.472983102208735e-05 -0.0048329485881700883 -0.00031410513358094645 0.00049337607164584932 -7.9567047338195164e-05 2.3007549265270773e-05 -0.001941197122150014 6.6620578441144571e-06 -0.00037817787320426014
leaf_weight=279 70 47 338 386 720 709 101 158 170 1458 84 82 3105 403
leaf_count=279 70 47 338 386 720 709 101 158 170 1458 84 82 3105 403
internal_value=0.00021455 -0.000812236 0.00260442 0.0018811 -0.000337079 0.00399095 -0.000973609 -0.00660232 -0.000701066 -0.00230769 0.00574468 -1.59151e-05 -0.000300836 -5.13113e-05
internal_weight=8110 5678 2432 2153 1058 1095 5608 259 5349 1589 131 3760 3590 3508
internal_count=8110 5678 2432 2153 1058 1095 5608 259 5349 1589 131 3760 3590 3508
cat_boundaries=0 4 5 9 12 13 16 17
cat_threshold=3363884033 1133166693 470483016 6 481 1073758208 688193 134348872 2 134218753 1073758240 403243008 288 286666752 5255304 16829074 516
is_linear=0
shrinkage=0.03


Tree=92
num_leaves=15
num_cat=2
split_feature=6 6 1 9 9 1 10 3 7 8 2 8 10 7
split_gain=14.1151 9.46335 11.9759 7.7364 8.9924 6.10856 8.74748 8.30178 10.3684 7.68254 10.1033 7.24731 7.43482 7.41824
threshold=-0.84443303788702007 0.3635321550797857 0 8.3984132529297657 4.5849164556591502 1 26.845000000000002 10.136304167761354 -0.14518536190521478 11.97911829725299 1998.5000000000002 10.267978928077605 26.587500000000002 -0.17165357704065173
decision_type=8 10 1 2 2 1 2 2 8 2 2 2 2 8
left_child=-1 5 -3 4 -4 6 7 8 -2 10 -8 -9 13 -13
right_child=1 2 3 -5 -6 -7 9 11 -10 -11 -12 12 -14 -15
leaf_value=0.010738762091286257 0.0034500948257985679 -0.0039739992280452248 -0.0031634439333084363 -0.001810682891458165 0.00097966013315505841 1.9480030379295616e-05 -1.697474149375249e-05 -0.00091114781174730019 -5.5739299521655267e-06 -0.00034124206798745969 0.00025199578577089022 -0.0014401004750273926 -0.00014758577686061516 -2.3101602338058867e-05
leaf_weight=62 113 122 49 52 119 4609 199 119 974 56 249 39 56 1380
leaf_count=62 113 122 49 52 119 4609 199 119 974 56 249 39 56 1380
internal_value=0.00025616 0.000147493 -0.00473684 -0.00026087 0.00285714 0.000361817 -0.000647887 -0.00133159 0.000689972 0.00297619 0.00428571 -0.00271016 -0.00213559 -0.00171247
internal_weight=8198 8136 342 220 168 7794 3185 2681 1087 504 448 1594 1475 1419
internal_count=8198 8136 342 220 168 7794 3185 2681 1087 504 448 1594 1475 1419
cat_boundaries=0 1 2
cat_threshold=288 417
is_linear=0
shrinkage=0.03


Tree=93
num_leaves=15
num_cat=8
split_feature=0 6 0 1 0 0 7 6 0 2 10 7 0 0
split_gain=22.3638 13.4976 13.2551 9.6456 22.4219 14.7225 13.7731 12.1849 12.6378 8.23996 8.01525 7.35073 14.7455 13.0104
threshold=0 -0.22494340744364824 1 2 3 4 0.15677421318500032 -0.023138155805957791 5 2007.5000000000002 16.855000000000004 0.016231945258382122 6 7
decision_type=9 8 9 1 9 9 10 10 9 2 2 10 9 9
left_child=9 -2 -3 4 6 -5 -4 8 -6 11 -11 13 -13 -1
right_child=1 2 3 5 7 -7 -8 -9 -10 10 -12 12 -14 -15
leaf_value=-0.00014792842244884074 0.0016124261996173664 0.00012099614872133014 7.4307224066334014e-05 0.00018217862040912971 0.00066399859363504732 1.3038541161480734e-07 -0.004386624205429724 -0.00040660557151228789 -0.00030510378117351767 0.0026665334182070762 5.2602080144560702e-05 2.4495599629415005e-05 -0.00074382071205247348 1.7086712442546583e-05
leaf_weight=488 353 1019 687 706 114 1748 39 733 258 31 119 336 526 1039
leaf_count=488 353 1019 687 706 114 1748 39 733 258 31 119 336 526 1039
internal_value=0.000322108 0.0013711 0.000995475 0.00025844 -0.00138512 0.00148539 0.00269022 -0.00406278 0.000322581 -0.00201255 0.0048 -0.00244872 -0.00466357 -0.00119843
internal_weight=8196 5657 5304 4285 1831 2454 726 1105 372 2539 150 2389 862 1527
internal_count=8196 5657 5304 4285 1831 2454 726 1105 372 2539 150 2389 862 1527
cat_boundaries=0 4 8 9 12 16 20 24 28
cat_threshold=2269392908 543693402 54640901 17 270551169 84975616 135004160 2 480 1074856000 411517184 4026668058 134350096 1073759264 2099872 4 134348800 1 68157952 4 262148 4200512 16842753 1 17047556 4200456 16640 1
is_linear=0
shrinkage=0.03


Tree=94
num_leaves=15
num_cat=6
split_feature=0 6 7 0 0 6 7 7 0 0 0 7 6 3
split_gain=21.8612 9.97693 8.43366 26.9162 13.6605 12.5153 12.0908 11.748 15.8428 11.6071 10.7568 16.5106 11.4186 7.487
threshold=0 0.2119689025597076 -0.023850300466386806 1 2 0.0048813665908546975 0.01813532655319872 0.014652314723575534 3 4 5 -0.015093531091321387 -0.0018062611742548638 7.8019973345292053
decision_type=9 10 8 9 9 8 8 10 9 9 9 10 10 2
left_child=1 13 3 5 6 -2 10 9 -9 -6 11 -4 -13 -1
right_child=2 -3 4 -5 7 -7 -8 8 -10 -11 -12 12 -14 -15
leaf_value=0.0092724225040661402 -0.00038438103196530783 -0.0019617883858605786 -0.00096913285706869926 0.00076979169711716524 4.0593888323549176e-05 0.00090833012556941733 0.00022297026441256597 3.2542489307785141e-05 -0.0005181550930815047 -2.6470983462430676e-05 1.5881603045356319e-05 5.5824649802753007e-05 -6.3493620136383268e-05 -3.7251866079781595e-05
leaf_weight=39 366 242 36 850 585 82 1354 568 662 645 420 136 231 1896
leaf_count=39 366 242 36 850 585 82 1354 568 662 645 420 136 231 1896
internal_value=0.000384615 -0.00218107 0.00132717 0.00346687 0.000731076 -0.00248908 0.00245542 -0.000801619 -0.00287805 0.00126829 -0.000400972 -0.00384988 -0.0020436 -0.00147287
internal_weight=8112 2177 5935 1298 4637 448 2177 2460 1230 1230 823 403 367 1935
internal_count=8112 2177 5935 1298 4637 448 2177 2460 1230 1230 823 403 367 1935
cat_boundaries=0 3 7 11 15 19 22
cat_threshold=2802856448 10766393 135559301 271450246 1213333890 2151809120 4 136629655 252879238 3489793056 4 281673760 809505280 16777226 9 72 1073808384 610894400 18 50180 252706944 268436512
is_linear=0
shrinkage=0.03


Tree=95
num_leaves=15
num_cat=6
split_feature=0 7 3 0 8 4 7 0 0 5 0 7 0 7
split_gain=19.2786 9.36717 9.84201 7.46947 6.43903 9.14158 6.1359 16.2064 6.6722 9.08262 11.3771 6.91612 14.4032 12.0278
threshold=0 0.12087108407307491 8.8255598118844834 1 11.401257727231288 11.456725414778498 -0.056541329820529722 2 3 12.270351749406482 4 0.032867166017122702 5 0.17523377741282345
decision_type=9 10 2 9 2 10 8 9 9 8 9 10 9 10
left_child=1 2 -1 4 -2 -6 7 -5 9 -8 -11 -10 13 -13
right_child=3 -3 -4 6 5 -7 8 -9 11 10 -12 12 -14 -15
leaf_value=0.0012403338769937508 0.00018980691418027062 -0.0016029733478875757 -2.1664246458875567e-05 -0.00058496038891935206 -0.0001380290735485999 9.9957029367325688e-05 6.4675337692588397e-05 0.00087518902736033585 4.5295526054641052e-06 0.00025664221652899798 -0.0004086440422941036 0.00021345127026586614 -0.00072961369139403149 -0.0022738310127906184
leaf_weight=133 680 286 2300 123 52 276 1437 481 1355 114 168 263 439 68
leaf_count=133 680 286 2300 123 52 276 1437 481 1355 114 168 263 439 68
internal_value=6.97248e-05 -0.00198974 -0.00139334 0.00109769 0.00341847 0 0.000565276 0.00337748 0.00012487 0.00150954 -0.00340426 -0.000997658 -0.00327273 0.0014956
internal_weight=8175 2719 2433 5456 1008 328 4448 604 3844 1719 282 2125 770 331
internal_count=8175 2719 2433 5456 1008 328 4448 604 3844 1719 282 2125 770 331
cat_boundaries=0 4 8 10 14 18 22
cat_threshold=654385162 149684472 2684652785 16 1086346241 553648128 306184448 2 393348 1179904 136710276 68311300 1208115208 5 134610944 1048832 8192 4 270041360 302022656 17825792 8
is_linear=0
shrinkage=0.03


Tree=96
num_leaves=15
num_cat=6
split_feature=0 6 0 3 7 0 0 0 4 10 7 0 3 4
split_gain=24.1496 13.1079 11.7069 9.30865 9.30567 17.5486 15.6675 9.27417 8.88405 8.58064 7.62062 8.91744 7.46677 9.49944
threshold=0 -0.52958449008407971 1 11.188973521321524 0.028000407502451367 2 3 4 10.825104005730591 9.8850000000000016 0.094319510323199754 5 12.237178737780711 12.007524124336969
decision_type=9 8 9 2 8 9 9 9 10 2 8 9 2 8
left_child=4 -2 3 7 5 -1 12 -3 -8 -7 -9 -12 13 -6
right_child=1 2 -4 -5 6 9 8 10 -10 -11 11 -13 -14 -15
leaf_value=8.3075416182364599e-06 0.0039345868377738333 -0.0013663917494616332 3.067528058000119e-07 4.0645898149703998e-05 -0.0015683678135984191 0.0012393055953380816 4.0990081718228374e-05 -1.4331837468309136e-05 0.00026657457857248723 0.00030196541986774074 -1.6125747216048756e-05 -0.001651983551781009 -0.0017712869534181564 0.00085585173075864774
leaf_weight=574 114 103 4093 443 162 165 529 873 271 444 122 193 30 36
leaf_count=574 114 103 4093 443 162 165 529 873 271 444 122 193 30 36
internal_value=0.000397448 -0.000599899 -0.000798009 -0.0028555 0.00306619 0.00489434 0.000992218 -0.00415957 0.00296296 0.00838449 -0.00330551 -0.00733333 -0.00579832 -0.00393939
internal_weight=8152 5941 5827 1734 2211 1183 1028 1291 800 609 1188 315 228 198
internal_count=8152 5941 5827 1734 2211 1183 1028 1291 800 609 1188 315 228 198
cat_boundaries=0 4 8 12 16 19 22
cat_threshold=3223437761 608887556 137105448 14 67254272 161484899 537954433 16 33152 71483652 2097184 4 2147549248 537395712 528384 2 8192 2097152 536870912 0 150999137 128
is_linear=0
shrinkage=0.03


Tree=97
num_leaves=15
num_cat=6
split_feature=0 6 4 0 7 0 6 0 0 6 7 0 7 7
split_gain=22.5505 15.4072 10.3085 9.24223 8.67402 9.00233 7.76069 26.9633 23.2598 12.0584 7.6167 8.39442 7.63496 7.39337
threshold=0 -0.52958449008407971 9.9036375300406281 1 -0.0010619683674346623 2 1.0000000180025095e-35 3 4 0.0055059616850865476 -0.01196318224878423 5 -0.085296250931883297 -0.014350164338995162
decision_type=9 8 10 9 10 9 8 9 9 8 8 9 10 8
left_child=10 2 -2 4 5 -3 7 -5 -8 -10 11 12 -1 -11
right_child=1 3 -4 6 -6 -7 8 -9 9 13 -12 -13 -14 -15
leaf_value=-0.0019429834555531849 0.0086457751994670137 -0.0002433976940271146 0.00030885566048683089 -0.00015480012952305398 -0.00014691467339279017 0.00012940783921738138 8.9411753335513519e-05 1.281350095661415e-05 6.9834154823877171e-05 0.00012127307739771858 4.56399312916381e-05 0.00067585821976710121 0.00053253991634193468 -0.0001429508601004707
leaf_weight=101 62 342 55 753 885 473 910 988 109 147 1814 331 132 1074
leaf_count=101 62 342 55 753 885 473 910 988 109 147 1814 331 132 1074
internal_value=0.000234834 -0.000774793 0.01 -0.000998064 -0.00284211 -0.000625767 -0.000202957 -0.00170592 0.000964286 -0.00156716 0.00268844 0.00574468 0.00111111 -0.00243243
internal_weight=8176 5798 117 5681 1700 815 3981 1741 2240 1330 2378 564 233 1221
internal_count=8176 5798 117 5681 1700 815 3981 1741 2240 1330 2378 564 233 1221
cat_boundaries=0 4 8 12 15 18 21
cat_threshold=3764442249 1121094660 453529640 4 75505680 808005641 2752544917 8 67117072 2109440 2147483668 8 270401796 201326706 205826 1442052 201326960 205826 538968192 1112702976 134217760
is_linear=0
shrinkage=0.03


Tree=98
num_leaves=15
num_cat=9
split_feature=0 6 1 0 0 6 6 0 7 1 0 2 0 0
split_gain=21.1288 11.2867 12.1052 15.0395 9.38145 9.4812 8.93344 9.9805 11.9874 9.91613 9.05768 8.4637 26.0422 22.8411
threshold=0 -0.70671115642307469 1 2 3 0.34741309400423775 0.11870540680184762 4 0.011548730669244557 5 6 1999.5000000000002 7 8
decision_type=9 8 1 9 9 10 10 9 10 1 9 2 9 9
left_child=6 -2 3 -3 5 -4 9 -8 -9 10 -1 12 -6 -13
right_child=1 2 4 -5 11 -7 7 8 -10 -11 -12 13 -14 -15
leaf_value=-0.00018162646540961053 0.01023062320235636 -0.00091649590132515343 8.2052103152814449e-05 8.1256038879710309e-06 0.00015378543954568894 -0.0017377651974843215 -0.0034749802591724894 0.00045946988383377391 -0.0011848973831277958 -3.1762636602540741e-05 0.00044922963656577182 0.00020305827045871187 -0.00023844977655695088 -4.4312526345693632e-05
leaf_weight=215 47 209 1871 302 633 76 109 87 230 1700 348 722 822 822
leaf_count=215 47 209 1871 302 633 76 109 87 230 1700 348 722 822 822
internal_value=0.000252655 0.00131665 0.00119296 -0.00316699 0.00164649 0.0032652 -0.00192293 -0.00591549 -0.00284404 -0.00117985 0.00225131 0.000588235 -0.00105155 0.00213731
internal_weight=8193 5504 5457 511 4946 1947 2689 426 317 2263 563 2999 1455 1544
internal_count=8193 5504 5457 511 4946 1947 2689 426 317 2263 563 2999 1455 1544
cat_boundaries=0 3 4 8 12 15 16 19 22 26
cat_threshold=2102603274 2502665 541101506 32 41992192 1207961248 3211268 16 8405137 1564509734 2382909440 22 603987968 262145 536870912 34 134349824 2097160 4228098 2150400100 34603088 2105904 33587456 8980864 1360330756 9
is_linear=0
shrinkage=0.03


Tree=99
num_leaves=15
num_cat=0
split_feature=6 6 3 10 10 9 4 10 5 4 7 9 9 4
split_gain=12.8275 10.7226 10.326 14.8546 8.33333 6.95102 9.37251 9.26347 8.13671 13.4069 9.98771 10.1893 9.86523 7.51705
threshold=-0.40126807656866154 1.1513664388264522 8.7359269535330686 17.022500000000004 26.880000000000006 3.3582825560320666 10.180323414576771 25.520000000000007 11.394141903617061 11.513385253499921 -0.0027541647178521696 10.159995748825438 10.40677481187886 11.649975030599558
decision_type=8 10 2 2 2 2 8 2 8 8 10 2 2 10
left_child=2 5 -1 -4 -5 6 -2 -8 -7 10 12 -12 -10 -9
right_child=1 -3 3 4 -6 8 7 13 9 -11 11 -13 -14 -15
leaf_value=0.0075094264818869015 -0.00019579283925229908 -0.0056114812416847718 0.003645434941371122 -0.0024652495405033466 0.001387234670354271 1.9309334995043465e-05 0.00010615360342041716 1.8339769464416261e-05 -0.00027618911734270904 1.1761704426248621e-06 -8.3479783896423405e-05 -7.0112170261804122e-05 0.00075955267911871356 -0.00059422185281055289
leaf_weight=77 276 30 71 64 32 4716 83 116 425 2003 102 46 59 52
leaf_count=77 276 30 71 64 32 4716 83 116 425 2003 102 46 59 52
internal_value=0.000110402 -9.86343e-05 0.00688525 0.00269461 -0.005 -3.04646e-05 -0.00335863 0.000836653 0.000208135 -0.00112713 -0.00493671 -0.0117568 -0.00285124 -0.00321429
internal_weight=8152 7908 244 167 96 7878 527 251 7351 2635 632 148 484 168
internal_count=8152 7908 244 167 96 7878 527 251 7351 2635 632 148 484 168
is_linear=0
shrinkage=0.03


Tree=100
num_leaves=15
num_cat=0
split_feature=6 6 9 5 10 10 10 7 7 7 4 9 4 7
split_gain=8.13144 5.6752 9.66909 13.2636 9.47368 9.65739 7.87062 7.53255 5.59441 5.4 4.27093 4.42601 13.4357 7.4883
threshold=1.1513664388264522 -0.29051556279133356 5.1474775755002211 9.0722270632558182 17.022500000000004 9.2550000000000008 19.951666666666672 -0.18326412077226403 -0.17165357704065173 -0.28091241092654767 12.897749620120292 3.3582825560320666 10.180323414576771 -0.019113280775765681
decision_type=10 8 2 8 2 2 2 10 10 8 10 2 8 8
left_child=1 2 7 -4 5 -5 -6 9 -8 -1 11 12 -3 -14
right_child=-2 10 3 4 6 -7 8 -9 -10 -11 -12 -13 13 -15
leaf_value=-0.00029417370474794479 -0.007035022654988358 -0.00030084189666237677 0.0076465107037255557 -0.00015310313267977645 -0.00093182180166788279 0.0043263857758664894 0.0052018732306178504 0.0016328099152843379 -0.0012907003521846925 -0.0024648391062683408 -0.00038066399853235684 2.2210416134324159e-06 -0.00017613113147230515 7.1110645322507591e-05
leaf_weight=30 32 256 33 38 45 74 52 54 36 30 60 7098 43 204
leaf_count=30 32 256 33 38 45 74 52 54 36 30 60 7098 43 204
internal_value=9.27644e-05 0.000152738 0.00367347 0.00669065 0.00428571 0.0107143 -0.00112782 -0.00368421 0.00409091 -0.011 -2.74116e-05 3.55216e-05 -0.0026839 0.00230769
internal_weight=8085 8053 392 278 245 112 133 114 88 60 7661 7601 503 247
internal_count=8085 8053 392 278 245 112 133 114 88 60 7661 7601 503 247
is_linear=0
shrinkage=0.03


Tree=101
num_leaves=15
num_cat=8
split_feature=0 6 0 0 6 1 7 0 0 7 3 0 1 8
split_gain=21.3701 16.4373 37.5954 30.9974 12.8157 11.7294 11.5255 9.10448 8.6284 8.58199 8.15284 8.3464 10.0477 8.47339
threshold=0 -0.0025463322769825321 1 2 0.0001835708207869047 3 0.17523377741282345 4 5 0.1683270553032932 9.1464947039047644 6 7 11.97030384566162
decision_type=9 10 9 9 10 1 10 9 9 8 2 9 1 2
left_child=-1 2 10 4 -3 8 -6 -7 -5 -9 -2 -12 13 -13
right_child=1 3 -4 5 6 7 -8 9 -10 -11 11 12 -14 -15
leaf_value=-4.2773293196862038e-05 0.001410808894085144 -0.00011258542952143744 0.00039505436394587245 -0.0006415194239690142 0.00018125328438359313 8.9303604472333131e-05 -0.00043547446300521076 -1.0351888841486247e-05 -5.9636387144222309e-05 -0.0011032572173461375 -0.0004057908660413568 0.00037270054629983643 -0.00023296211004354112 -0.00087548246661368694
leaf_weight=2811 126 66 1598 224 760 616 84 771 374 98 279 204 128 34
leaf_count=2811 126 66 1598 224 760 616 84 771 374 98 279 204 128 34
internal_value=0.000275297 0.00138496 0.00325454 -9.02105e-05 0.0045 -0.00210702 0.00554502 -0.000662207 -0.005625 -0.00262799 -0.0021895 -0.0035814 -0.000478723 0.00314516
internal_weight=8173 5362 2369 2993 910 2083 844 1485 598 869 771 645 366 238
internal_count=8173 5362 2369 2993 910 2083 844 1485 598 869 771 645 366 238
cat_boundaries=0 3 7 11 12 16 20 23 24
cat_threshold=906961188 556839240 38852804 19925120 243402800 151461890 8 3147921 113395760 134422530 2 800 8406018 1208025090 271319592 24 12632066 134219268 2097665 20 0 33685552 134414338 793
is_linear=0
shrinkage=0.03


Tree=102
num_leaves=15
num_cat=7
split_feature=0 3 0 4 3 0 8 1 0 0 9 0 4 2
split_gain=17.1724 6.82776 7.1068 7.64886 6.82078 6.87844 5.91976 9.92799 13.1903 8.05184 6.65899 6.02375 9.45302 5.55198
threshold=0 8.0594042983760321 1 9.7215458588096766 7.8019973345292053 2 11.841395508930736 3 4 5 5.1681481950316011 6 8.9461140702258621 2007.5000000000002
decision_type=9 2 9 8 2 9 2 1 9 9 2 9 8 2
left_child=1 -1 3 -3 -2 13 7 8 -7 -8 -11 -9 -13 -6
right_child=4 2 -4 -5 5 6 9 11 -10 10 -12 12 -14 -15
leaf_value=0.0049451030382487186 0.0099798053254988427 -0.0065906838945511683 -3.2255892517326344e-05 -0.00021980046380856618 5.6450144493429066e-05 0.0004629451546243077 3.6854195749222993e-05 -7.3409796146403945e-05 8.0946043689908601e-06 -0.0014946273716736566 -0.00017089556618548156 0.00079569049230650193 1.1607440537865065e-06 0.0004954566157589586
leaf_weight=44 42 46 2362 79 2115 218 217 760 457 36 279 73 1294 119
leaf_count=44 42 46 2362 79 2115 218 217 760 457 36 279 73 1294 119
internal_value=-0.000114237 -0.00216057 -0.00237636 -0.00911111 0.000811388 0.000721983 -0.000143541 0.000406852 0.00354745 -0.00304511 -0.006 -0.00060365 0.000588235 0.00200535
internal_weight=8141 2531 2487 125 5610 5568 3334 2802 675 532 315 2127 1367 2234
internal_count=8141 2531 2487 125 5610 5568 3334 2802 675 532 315 2127 1367 2234
cat_boundaries=0 4 5 8 9 12 16 19
cat_threshold=2734993676 308560226 1078203696 25 2701139968 1147226819 68299797 270206976 141 0 1744863232 553648834 32 134283272 35659777 2 32 696287240 553656399
is_linear=0
shrinkage=0.03


Tree=103
num_leaves=15
num_cat=3
split_feature=0 7 1 5 7 5 4 0 5 5 5 4 7 10
split_gain=21.9772 9.42817 9.71798 11.1668 12.6923 8.2188 6.82667 6.49774 11.8873 6.83843 10.4808 10.4447 7.90574 7.44911
threshold=0 -0.058063571869059409 1 9.7215458588096766 0.044466833347623698 11.884168280024111 8.9008897387301467 2 9.6284913133512955 10.087744620441041 9.9584726924610543 10.240191878140854 0.11640196325161913 16.415000000000003
decision_type=9 8 1 10 10 10 10 9 10 8 10 8 10 2
left_child=1 5 3 4 -3 -1 -6 8 -4 10 13 -11 -13 -9
right_child=-2 2 7 -5 6 -7 -8 9 -10 11 -12 12 -14 -15
leaf_value=0.0012231747295803298 -1.4525098045720377e-05 0.00036734397685114848 -0.00063930871774796382 -0.00012844274284894744 -0.0020533571743392696 -0.00059942242874687758 2.6118980518431371e-05 0.0018170578781750997 0.00010153293839148115 -8.8200519235465675e-05 0.0015753467167926396 0.00030107757205535146 -0.00049337061764193957 1.0781756840180339e-05
leaf_weight=298 5782 204 161 458 40 53 60 43 418 79 36 441 52 66
leaf_count=298 5782 204 161 458 40 53 60 43 418 79 36 441 52 66
internal_value=-3.2963e-05 0.00236875 0.0016035 -0.00108808 0.00335526 0.00692308 -0.0054 0.00316998 0.000764007 0.00507565 0.0109655 0.00367133 0.00529412 0.00633028
internal_weight=8191 2409 2058 762 304 351 100 1296 579 717 145 572 493 109
internal_count=8191 2409 2058 762 304 351 100 1296 579 717 145 572 493 109
cat_boundaries=0 4 5 9
cat_threshold=1075400345 312501761 872956561 5 928 65536 304104449 537412113 4
is_linear=0
shrinkage=0.03


Tree=104
num_leaves=15
num_cat=5
split_feature=0 7 9 9 0 3 3 7 0 0 3 1 5 2
split_gain=21.4867 9.37932 7.42857 7.39231 7.20729 6.77783 6.89243 6.60159 25.8009 10.3495 10.0039 10.1873 9.0205 9.86207
threshold=0 0.12087108407307491 7.3780701394678871 3.3345023470232538 1 9.1464947039047644 10.858181338977678 0.082135990426800212 2 3 10.936556341971906 4 8.6915665748331623 2007.5000000000002
decision_type=9 10 2 2 9 2 2 8 9 9 2 1 10 2
left_child=1 -1 3 -3 -2 -5 -7 9 -9 10 11 -6 -11 -14
right_child=4 2 -4 5 7 6 -8 8 -10 12 -12 -13 13 -15
leaf_value=-2.1000009810179547e-05 6.2222870464132538e-05 -0.004763528622869234 -0.0030987797894991764 0.0022230144480301496 -0.00017059854176972679 -0.0011472148771584075 0.0017385017481839065 0.00015433736433331335 -0.00051842239389562894 0.00084521916394162159 -4.6467354104749342e-05 0.00012329106924758641 5.4315577486282011e-05 0.00097730912686276377
leaf_weight=2140 1407 36 117 31 152 59 30 553 565 38 629 673 1588 104
leaf_count=2140 1407 36 117 31 152 59 30 553 565 38 629 673 1588 104
internal_value=0.00025117 -0.00211721 -0.00736264 -0.00307692 0.00125372 0.0005 -0.00370787 0.000640074 -0.00134168 0.00133794 -0.000532787 0.00163636 0.00289655 0.00258865
internal_weight=8122 2413 273 156 5709 120 89 4302 1118 3184 1454 825 1730 1692
internal_count=8122 2413 273 156 5709 120 89 4302 1118 3184 1454 825 1730 1692
cat_boundaries=0 4 8 12 16 17
cat_threshold=2887952908 2380136 151048468 24 1090520209 634421253 2450653184 2 273940768 134284288 74262240 4 5509376 134291584 73737952 4 72
is_linear=0
shrinkage=0.03


Tree=105
num_leaves=15
num_cat=9
split_feature=0 7 0 0 1 1 1 7 0 0 0 7 7 5
split_gain=19.7669 22.7485 26.6534 20.008 11.5626 11.152 9.59081 12.9935 14.3602 11.2108 9.47649 8.94709 8.2238 10.0731
threshold=0 -1.0000000180025095e-35 1 2 3 4 5 0.0093332100210075115 6 7 8 0.00017528996194915439 0.26551762197589085 10.186916627552291
decision_type=9 8 9 9 1 1 1 10 9 9 9 8 10 8
left_child=6 2 4 11 -2 -4 7 8 -1 -9 -6 -3 13 -13
right_child=1 3 5 -5 10 -7 -8 9 -10 -11 -12 12 -14 -15
leaf_value=0.00026986777576492601 -8.5341655526491021e-05 -9.5427513426706335e-06 4.3123145602001586e-05 3.5909165960011363e-05 0.00046231724263411707 0.00069715820101518369 -3.7451446192487707e-06 6.343144436589717e-05 -0.00012950851803586138 -0.00080810466619218098 -4.5375012371971467e-05 2.9020245572125985e-05 -0.0028797800828121744 -0.00020989337046275819
leaf_weight=201 285 38 255 2113 232 823 1401 103 501 290 415 503 56 1022
leaf_count=201 285 38 255 2113 232 823 1401 103 501 290 415 503 56 1022
internal_value=-5.09832e-05 0.000917942 0.00349254 -0.000466238 -0.000254777 0.00667279 -0.00227454 -0.00437104 -0.00196581 -0.00877863 0.00196347 -0.00296501 -0.00263757 -0.00222295
internal_weight=8238 5742 2010 3732 932 1078 2496 1095 702 393 647 1619 1581 1525
internal_count=8238 5742 2010 3732 932 1078 2496 1095 702 393 647 1619 1581 1525
cat_boundaries=0 3 7 11 12 13 14 17 20 23
cat_threshold=2718967040 157303787 574963910 411992198 336863248 2233609760 19 1164122216 277421060 1142462745 16 705 676 300 2147484672 18890755 536871040 33555456 134217856 4194306 268566528 268697600 67120672
is_linear=0
shrinkage=0.03


Tree=106
num_leaves=15
num_cat=9
split_feature=0 7 0 0 2 8 1 0 0 2 0 5 0 1
split_gain=14.4074 9.33332 21.1154 16.5529 8.46788 7.84645 7.74901 25.9199 12.9185 8.05064 12.5632 7.32892 9.54425 7.86549
threshold=0 -0.010195007055808778 1 2 2007.5000000000002 12.080521852858864 3 4 5 1995.5000000000002 6 11.095096736506482 7 8
decision_type=9 10 9 9 2 2 1 9 9 2 9 8 9 1
left_child=1 2 4 -3 5 -1 7 -2 11 -9 -11 13 -13 -8
right_child=6 3 -4 -5 -6 -7 8 9 -10 10 -12 12 -14 -15
leaf_value=0.00052688186053484584 0.00031280042561756974 -1.6672229378122872e-06 -0.00023042684606409193 -0.00025965547148441354 0.0020294764092866832 -0.00082092491077304173 2.5662684637742853e-05 -0.00025644134816190148 -2.9560136660074646e-05 -0.00022222986624134792 0.00017096534497657701 -0.00027647628630022349 9.7324944770265593e-05 0.00010375849507708193
leaf_weight=424 900 723 539 705 30 55 338 263 2547 229 496 105 297 431
leaf_count=424 900 723 539 705 30 55 338 263 2547 229 496 105 297 431
internal_value=-0.000126206 -0.00202735 0.000114504 -0.00361345 0.00445087 0.00356994 0.000715812 0.00227608 -8.04721e-05 -0.00108216 0.000537931 0.00251482 -0.000746269 0.00425228
internal_weight=8082 2476 1048 1428 509 479 5606 1888 3718 988 725 1171 402 769
internal_count=8082 2476 1048 1428 509 479 5606 1888 3718 988 725 1171 402 769
cat_boundaries=0 4 7 11 12 16 20 23 27 28
cat_threshold=16851720 293150856 3760437714 1 66056 270073856 1612812672 256 23142536 2147624962 1 522 616858867 1619052594 424690216 4 1110460416 637796677 100942853 18 1074925568 325 787456 2097152 33554688 1025 16 48
is_linear=0
shrinkage=0.03


Tree=107
num_leaves=15
num_cat=4
split_feature=0 7 8 10 0 9 10 2 2 0 0 2 7 2
split_gain=19.6279 8.97662 10.9524 13.7832 10.3501 7.03762 6.90197 6.37434 8.65162 19.4489 10.592 8.24754 8.21454 6.47922
threshold=0 -0.097413477023805747 9.9044177878442081 20.285000000000004 1 7.4761655957280206 17.455000000000002 1991.5000000000002 1994.5000000000002 2 3 1999.5000000000002 0.013058337482910078 1997.5000000000002
decision_type=9 8 2 2 9 2 2 2 2 9 9 2 8 2
left_child=-1 2 5 -4 -3 -2 -7 -6 9 -9 11 13 -11 -10
right_child=1 4 3 -5 7 6 -8 8 10 12 -12 -13 -14 -15
leaf_value=-7.9852117190548383e-05 0.0020298385963508094 2.6593085501713847e-05 0.0015063632428436113 -0.00076505580090301562 0.00022356481652617379 0.0044971312410231482 0.0031726103658670391 -0.00053851041625073003 4.5064934646239439e-05 0.00027475508511632112 -3.9858135209487592e-05 0.00013918780984574757 -0.00015644324465418415 -0.00033450562912661671
leaf_weight=2379 120 2368 139 110 180 31 55 214 191 89 1471 563 205 117
leaf_count=2379 120 2368 139 110 180 31 55 214 191 89 1471 563 205 117
internal_value=9.47522e-05 0.00102848 0.00507692 0.000843373 0.000689144 0.0101942 0.0167442 -0.000473684 -0.000821053 -0.00437008 -5.12383e-05 0.00255392 0.000789474 -0.00136364
internal_weight=8232 5853 455 249 5398 206 86 3030 2850 508 2342 871 294 308
internal_count=8232 5853 455 249 5398 206 86 3030 2850 508 2342 871 294 308
cat_boundaries=0 3 6 10 14
cat_threshold=68172100 1802375512 570589988 841761457 345031682 3626255426 230402 67712 16779273 8 2164392960 75904 16783368 24
is_linear=0
shrinkage=0.03


Tree=108
num_leaves=15
num_cat=1
split_feature=6 6 10 5 2 1 7 7 8 8 4 5 10 2
split_gain=7.87188 7.16273 9.38114 11.9656 5.92688 4.86137 14.404 10.0524 9.83755 7.04752 8.06329 6.63946 7.3672 4.75543
threshold=1.1513664388264522 -0.40126807656866154 19.545000000000005 10.062156579754751 2003.5000000000002 0 0.033524169600873684 0.024547789340425123 9.936621317907063 10.027907328534983 10.30740122395383 12.12375023325348 26.280000000000005 1994.5000000000002
decision_type=10 8 2 8 2 1 10 10 2 2 10 10 2 2
left_child=1 2 4 -4 -1 6 7 -3 -9 -8 -11 13 -13 -7
right_child=-2 5 3 -5 -6 11 9 8 -10 10 -12 12 -14 -15
leaf_value=0.0035599313955224721 -0.0046558320153540561 -2.5954383836730536e-07 0.0026609522159302141 -0.0029123378360103183 0.0070373516707584122 -2.0629598013327577e-05 -0.00013998573981816782 0.0013694565921204954 -4.2663102741684743e-05 -0.001335160205672222 -0.00060467592506896484 -1.4858244823766492e-05 -0.00093664280425537465 2.2418441722183297e-05
leaf_weight=81 34 1241 82 45 36 1225 369 44 35 81 156 484 56 4175
leaf_count=81 34 1241 82 45 36 1225 369 44 35 81 156 484 56 4175
internal_value=0.000287328 0.000347719 0.00540984 -0.00023622 0.0115385 0.000190694 -0.0011157 0.000636364 0.0110127 -0.0049505 -0.00898734 0.000615126 -0.00255556 0.000933333
internal_weight=8144 8110 244 127 117 7866 1926 1320 79 606 237 5940 540 5400
internal_count=8144 8110 244 127 117 7866 1926 1320 79 606 237 5940 540 5400
cat_boundaries=0 1
cat_threshold=288
is_linear=0
shrinkage=0.03


Tree=109
num_leaves=15
num_cat=7
split_feature=0 6 6 0 0 1 0 7 1 0 3 4 5 7
split_gain=15.3721 10.5048 6.79235 14.9241 11.2426 8.28691 6.95233 6.80673 5.94713 17.8908 12.9183 9.036 8.59941 6.72764
threshold=0 -0.84443303788702007 0.076336925613552445 1 2 3 4 0.0057140300119340468 5 6 9.0507580544757698 8.7939148601647332 10.210365449047659 0.094319510323199754
decision_type=9 8 8 9 9 1 9 8 1 9 2 8 10 10
left_child=2 -2 4 -4 -1 6 -6 -8 9 10 11 -3 13 -11
right_child=1 8 3 -5 5 -7 7 -9 -10 12 -12 -13 -14 -15
leaf_value=0.00042163008761687246 0.0097557637057839926 -0.00048016825012045625 -0.00050978491307869967 0.00039576683552639273 7.4973810706244163e-05 6.7579008066734968e-05 -0.00030703769443162762 1.9578021759980683e-05 -6.4109843292258956e-06 0.00037350472582846041 -0.0013446433233162594 6.5770805278340282e-05 -0.00063752339406822952 -0.00069095711187837708
leaf_weight=471 42 38 341 418 115 737 146 126 5128 271 119 61 65 66
leaf_count=471 42 38 341 418 115 737 146 126 5128 271 119 61 65 66
internal_value=0.00016945 -0.000662069 0.00220812 -0.000118577 0.00332915 0.00164021 -0.00188917 -0.00446809 -0.000772443 -0.00352381 -0.0102632 -0.00272727 0.000291262 0.00222552
internal_weight=8144 5790 2354 759 1595 1124 387 272 5748 620 218 99 402 337
internal_count=8144 5790 2354 759 1595 1124 387 272 5748 620 218 99 402 337
cat_boundaries=0 4 8 12 13 17 18 22
cat_threshold=11066819 537924099 404780129 20 10502208 537919489 4193 20 10502209 1 4097 4 209 32768 536870912 1024 16 32 574627840 1226835240 295424 8
is_linear=0
shrinkage=0.03


Tree=110
num_leaves=15
num_cat=9
split_feature=0 1 0 0 7 0 7 7 0 0 2 1 7 0
split_gain=15.7615 10.3163 23.8897 18.7793 10.8423 12.5787 8.32724 7.88843 11.887 10.0318 9.87015 8.90563 8.82136 7.86196
threshold=0 1 2 3 -0.0005973355238064747 4 0.040206027635917969 0.015655888520258014 5 6 1993.5000000000002 7 -0.017473438347341382 8
decision_type=9 1 9 9 8 9 10 8 9 9 2 1 10 9
left_child=7 2 -2 -3 5 -5 -4 9 -9 11 -11 -1 -12 -6
right_child=1 3 6 4 13 -7 -8 8 -10 10 12 -13 -14 -15
leaf_value=9.7894064790895327e-05 -0.0002012528103874692 0.00020680009327816282 4.9775150069862612e-06 -1.7419455356410798e-05 -0.00016092063775490262 0.00051728689062937629 0.00041563327838857217 -0.00090085519318925018 -4.2497303991706919e-05 0.00089344749023451055 -0.00015759088298133062 -0.0001367862299215703 7.1077229218236443e-05 3.6552084179756719e-06
leaf_weight=130 584 1430 754 350 584 457 310 367 866 64 442 431 414 944
leaf_count=130 584 1430 754 350 584 457 310 367 866 64 442 431 414 944
internal_value=0.00021041 0.00114512 -0.000832328 0.0020106 0.000345416 0.00315985 0.00184358 -0.00165198 -0.00343066 -0.000182309 0.00174194 -0.00330998 0.000911215 -0.00113874
internal_weight=8127 5413 1648 3765 2335 807 1064 2714 1233 1481 920 561 856 1528
internal_count=8127 5413 1648 3765 2335 807 1064 2714 1233 1481 920 561 856 1528
cat_boundaries=0 4 5 8 12 16 20 23 24 27
cat_threshold=894640900 6595008 2336492036 24 176 8651914 1140853793 1613758632 1084490882 1149767203 1077412322 1 16384 454184980 74752 4 553721856 2097152 33819140 16 269492996 4202688 2168455168 144 2148061265 536875016 604025872
is_linear=0
shrinkage=0.03


Tree=111
num_leaves=15
num_cat=6
split_feature=0 0 1 0 4 0 6 6 6 4 1 10 7 4
split_gain=21.0313 8.88294 10.8157 14.9846 10.362 9.1673 9.5825 8.17828 7.69954 7.27219 8.55614 7.45803 7.23669 8.17567
threshold=0 1 2 3 11.295011950993063 4 0.0091652411425089415 0.1887277660178999 0.66980692387133633 9.7215458588096766 5 10.065000000000003 -0.15238157638052693 11.850842988885228
decision_type=9 9 1 9 10 9 8 10 10 10 1 2 10 10
left_child=8 -2 5 -4 7 6 -3 9 -1 -5 -11 -12 -7 -14
right_child=1 2 3 4 -6 12 -8 -9 -10 10 11 -13 13 -15
leaf_value=-6.1329262216017774e-05 7.7052289927773135e-05 0.00029834344599749898 -0.00012909977876413275 0.00066699866336859066 -0.00027937974511546858 0.00035336654988836279 6.0768188083986609e-05 -0.0014482880119589304 -0.0075817438958032547 0.00014585485949629757 -0.0010052182732311608 -2.7968452885114792e-06 2.1727808816181027e-05 -0.00041100645174808767
leaf_weight=2401 1319 372 885 274 91 291 398 111 32 228 48 153 1226 338
leaf_count=2401 1319 372 885 274 91 291 398 111 32 228 48 153 1226 338
internal_value=8.44863e-05 0.00107591 0.000427119 -0.00136667 0.00134426 0.00165085 0.00438462 0.00243243 -0.00224724 0.00362731 0.00118881 -0.00327014 0.00049866 -0.000306905
internal_weight=8167 5734 4415 1790 905 2625 770 814 2433 703 429 201 1855 1564
internal_count=8167 5734 4415 1790 905 2625 770 814 2433 703 429 201 1855 1564
cat_boundaries=0 4 8 9 13 17 18
cat_threshold=319431540 539329256 570591528 8 2151940225 2052 3671553 5 155 746604552 1238373376 2436956290 16 612386824 156242944 6 16 260
is_linear=0
shrinkage=0.03


Tree=112
num_leaves=15
num_cat=7
split_feature=0 0 7 5 0 1 0 0 4 7 7 6 1 7
split_gain=23.6073 11.1315 11.6089 7.95671 15.0151 9.18929 9.68377 9.38529 8.52138 6.94347 8.06554 6.61805 6.03697 7.07017
threshold=0 1 -0.058063571869059409 11.482522869754996 2 3 4 5 11.513385253499921 0.13968796004076325 0.06406215606103817 -0.37303678043615379 6 0.24702330221006011
decision_type=9 9 8 10 9 1 9 9 10 10 10 8 1 8
left_child=3 2 -2 5 -5 7 -7 -1 -6 10 11 -9 -4 -14
right_child=1 -3 12 4 8 6 -8 9 -10 -11 -12 -13 13 -15
leaf_value=-0.00029117441537030586 0.0020045450976206459 8.3446950691183455e-06 -0.00022493375148746722 0.0001453403131192558 -0.00032250560338515369 -3.9906902075569611e-05 0.00020417200412167668 0.0049076654760552502 -0.00032151801488074303 -0.0014356198200807639 0.00036140341303596491 -4.5316128755605385e-05 0.00012435049922402308 -0.00022493285245376397
leaf_weight=619 161 4643 147 104 42 321 359 31 338 85 83 584 578 133
leaf_count=619 161 4643 147 104 42 321 359 31 338 85 83 584 578 133
internal_value=2.91687e-05 0.00111072 0.00393586 -0.00235248 -0.00582645 -0.0015562 0.00130435 -0.00293201 -0.00846154 -0.000718789 0.00025788 -0.000926829 0.00258741 0.00370319
internal_weight=8228 5662 1019 2566 484 2082 680 1402 380 783 698 615 858 711
internal_count=8228 5662 1019 2566 484 2082 680 1402 380 783 698 615 858 711
cat_boundaries=0 4 8 11 12 15 17 18
cat_threshold=1595318285 136392715 138568064 8 2692759696 9961472 35131473 2 16777216 136314881 134225920 482 68288512 134283265 138420224 386146305 136327177 161
is_linear=0
shrinkage=0.03


Tree=113
num_leaves=15
num_cat=3
split_feature=0 6 6 6 0 3 3 7 2 1 7 6 9 2
split_gain=16.6315 9.74702 8.30049 8.24322 6.47727 6.26937 7.56117 12.4518 10.2789 6.98197 6.20073 5.86019 8.15725 6.59725
threshold=0 -0.84443303788702007 0.75669377845877517 1.1513664388264522 1 9.7708410906327412 9.4336039088926977 0.029355795111566611 2003.5000000000002 2 0.00071594533395336068 -0.40126807656866154 4.0308869459608774 1994.5000000000002
decision_type=9 8 10 8 9 2 2 10 2 1 10 10 2 2
left_child=3 -2 4 5 -3 6 7 8 -1 10 -7 12 -6 -13
right_child=1 2 -4 -5 11 9 -8 -9 -10 -11 -12 13 -14 -15
leaf_value=7.0485389903062775e-06 0.0091667378498347645 -6.162380186190953e-05 -0.0055670783949898729 -0.00025429352019241047 -0.0026265742671934319 9.6232797134662707e-07 0.0007054165229748667 0.0022683647223863592 -0.00051117642567009977 6.6091590776105107e-05 -0.00033697053382943668 -0.00018746390632603079 0.00044002441818639769 2.0835492579471932e-06
leaf_weight=122 48 2268 63 137 31 60 153 74 50 1531 70 572 261 2789
leaf_count=122 48 2268 63 137 31 60 153 74 50 1531 70 572 261 2789
internal_value=-0.000149471 -0.000963257 -0.00107286 0.00207975 -0.000957609 0.00256311 0.00593985 0.00268293 -0.00174419 0.00175196 -0.00471429 -0.00017199 0.00390411 -0.000526629
internal_weight=8229 6032 5984 2197 5921 2060 399 246 172 1661 130 3653 292 3361
internal_count=8229 6032 5984 2197 5921 2060 399 246 172 1661 130 3653 292 3361
cat_boundaries=0 4 7 8
cat_threshold=1101023421 663359488 1209665104 2 639115328 3269278 558107041 576
is_linear=0
shrinkage=0.03


Tree=114
num_leaves=15
num_cat=1
split_feature=6 7 5 1 5 10 5 3 8 6 9 7 5 8
split_gain=9.82631 6.78778 6.31859 5.27142 7.21633 7.23725 8.63234 10.9273 13.534 11.2832 9.98028 7.12259 6.9237 11.5877
threshold=-0.52958449008407971 0.20666396621761554 10.596759717473679 0 12.270351749406482 24.946666666666669 11.827228759480345 10.216618046768565 9.936621317907063 -0.047406134243228586 7.175291488943043 -0.0036372076266570903 11.145066777574616 11.179643905416205
decision_type=8 10 8 1 8 2 10 2 2 10 2 10 10 2
left_child=2 3 -1 4 5 -2 7 8 -7 -9 -10 -11 -5 -14
right_child=1 -3 -4 12 -6 6 -8 9 10 11 -12 -13 13 -15
leaf_value=0.0054798112628320897 9.0631792971976514e-05 -0.001119148726327356 -0.00087985604107373994 -2.406657087180064e-06 -6.8726761762476603e-05 -4.1928568881869491e-06 -0.00033609372717186708 -0.00063894701353082409 -0.0011630338156735859 0.00062403644343308399 -5.4327101606754901e-05 2.817801642902972e-05 -0.00045053289858129636 -2.4430578925569167e-05
leaf_weight=130 2306 314 33 2506 808 412 140 78 58 83 50 317 54 870
leaf_count=130 2306 314 33 2506 808 412 140 78 58 83 50 317 54 870
internal_value=-0.000113985 -0.000262631 0.00717791 -8.59151e-05 0.000619427 0.00121951 -0.000738137 0.000240481 -0.00276923 0.00351464 -0.0122222 0.00555 -0.000959302 -0.00318182
internal_weight=8159 7996 163 7682 4252 3444 1138 998 520 478 108 400 3430 924
internal_count=8159 7996 163 7682 4252 3444 1138 998 520 478 108 400 3430 924
cat_boundaries=0 1
cat_threshold=602
is_linear=0
shrinkage=0.03


Tree=115
num_leaves=15
num_cat=3
split_feature=0 0 6 5 3 4 5 8 10 10 5 0 4 4
split_gain=17.2212 7.59212 15.2134 7.24682 6.81676 13.6047 10.6499 8.90353 6.36741 6.20567 10.8366 5.51512 7.00999 5.32852
threshold=0 1 0.3635321550797857 12.015257115046447 8.8255598118844834 8.3715880869100037 9.3148354879492832 11.219482702562695 27.365000000000006 21.587500000000002 8.607670936824853 2 9.4695843881708424 9.0571309140274874
decision_type=9 9 10 10 2 8 10 2 2 2 10 9 10 8
left_child=13 2 4 -3 5 -2 7 9 -5 -6 -11 -8 -13 -1
right_child=1 3 -4 8 6 -7 11 -9 -10 10 -12 12 -14 -15
leaf_value=0.00061860709327815611 -0.00032290189451045459 1.4737998544409047e-06 -0.0047847904004576875 -0.00012892479921865083 -0.00087214074836445947 0.0030067474685005376 -0.00033381523456831974 0.00023779028249559765 -0.00041886660598384134 -0.0021210870524314639 0.00038095191268688292 0.0012456378566158167 -5.8878509571221208e-06 3.9431934947479817e-05
leaf_weight=131 56 3989 96 327 139 90 321 42 44 35 30 31 511 2306
leaf_count=131 56 3989 96 327 139 90 321 42 44 35 30 31 511 2306
internal_value=1.47275e-05 -0.000886209 -0.0028435 -0.0002746 -0.00198406 0.00410959 -0.00278629 -0.00829268 -0.00428571 -0.0108824 -0.00323077 -0.00121669 0.000652174 0.00212096
internal_weight=8148 5711 1351 4360 1255 146 1109 246 371 204 65 863 542 2437
internal_count=8148 5711 1351 4360 1255 146 1109 246 371 204 65 863 542 2437
cat_boundaries=0 4 8 11
cat_threshold=2550156747 109578246 3513926146 2 587411492 538968072 536875277 8 12324 536870920 256
is_linear=0
shrinkage=0.03


Tree=116
num_leaves=15
num_cat=6
split_feature=0 6 9 0 7 0 2 2 0 7 2 1 7 0
split_gain=24.135 12.2867 8.08849 8.04228 7.99094 13.7419 8.26009 7.54607 9.84614 12.7569 7.6785 10.2526 7.48841 9.19701
threshold=0 0.2119689025597076 9.7930001984956565 1 -0.025481874346094276 2 2007.5000000000002 1993.5000000000002 3 -0.10928860440305764 1994.5000000000002 4 0.034192670141456556 5
decision_type=9 10 2 9 8 9 2 2 9 10 2 1 8 9
left_child=1 4 -3 12 5 -1 -7 8 -5 -10 11 -9 -2 -14
right_child=3 2 -4 7 -6 6 -8 10 9 -11 -12 -13 13 -15
leaf_value=-0.00054812048510598991 0.00017621403162712695 -0.0018120165967627426 -0.0022180861477909255 0.00018396538333702027 -5.3526590002968555e-05 0.00047800326546133538 0.0028607487297350443 2.4867074258226085e-05 -0.00011848895807839542 0.00055915660058631191 2.4894342031664741e-06 -0.00085611386975538342 -0.00058391334374201405 0.00020695567491632027
leaf_weight=103 930 232 53 202 1880 506 34 104 284 122 2976 112 221 404
leaf_count=103 930 232 53 202 1880 506 34 104 284 122 2976 112 221 404
internal_value=5.51268e-05 -0.00219304 -0.00810526 0.00123579 -0.00153389 0.00135303 0.00327273 0.000488189 0.00355263 0.000721154 -9.3985e-05 -0.00555556 0.00304792 0.000528
internal_weight=8163 2808 285 5355 2523 643 540 3800 608 406 3192 216 1555 625
internal_count=8163 2808 285 5355 2523 643 540 3800 608 406 3192 216 1555 625
cat_boundaries=0 4 7 9 13 14 17
cat_threshold=255893820 153159488 557073541 17 1084759554 690194 1409815090 4202500 320 269484032 269746336 73792 8 468 1084227584 524304 67112978
is_linear=0
shrinkage=0.03


Tree=117
num_leaves=15
num_cat=1
split_feature=6 5 3 5 5 9 4 8 6 10 1 2 6 9
split_gain=6.41607 6.07489 5.96487 3.97887 6.33856 6.09202 5.77169 9.36298 5.81827 5.71648 4.8409 9.51713 7.15346 10.7035
threshold=-0.84443303788702007 8.5093601540966706 8.0594042983760321 8.6915665748331623 8.8564472668751417 7.4184265329205372 8.5944318646491897 8.9350089400415538 -0.1331046120293706 24.557500000000001 0 1998.5000000000002 0.032422213952334474 7.2374183012903126
decision_type=8 8 2 8 8 2 8 2 8 2 1 2 10 2
left_child=-1 2 -2 5 9 -3 -6 8 -8 -5 11 -9 -12 -14
right_child=1 3 -4 4 6 -7 7 10 -10 -11 12 -13 13 -15
leaf_value=0.0086270009754200409 0.0011579529085227525 0.0018138191444593552 -0.00086734841187028841 -1.0221565502667589e-05 -0.0028663037985082263 -1.7102195025364629e-05 -0.00045095977871762393 -2.0591326934800778e-05 0.0011021527034914664 -0.00051575640000267305 1.3870009234309524e-06 5.4954864557166875e-05 5.5942450592912883e-05 -0.00044869463828033486
leaf_weight=57 48 45 98 106 51 37 33 1797 96 36 2231 2396 341 728
leaf_count=57 48 45 98 106 51 37 33 1797 96 36 2231 2396 341 728
internal_value=-2.96296e-05 -0.000100709 -0.00616438 1.13967e-05 -5.75816e-05 0.00658537 5.86472e-05 0.000125951 0.00813953 -0.00633803 -1.20112e-05 0.000663812 -0.000870091 -0.00289055
internal_weight=8100 8043 146 7897 7815 82 7673 7622 129 142 7493 4193 3300 1069
internal_count=8100 8043 146 7897 7815 82 7673 7622 129 142 7493 4193 3300 1069
cat_boundaries=0 1
cat_threshold=539
is_linear=0
shrinkage=0.03


Tree=118
num_leaves=15
num_cat=0
split_feature=4 6 5 9 10 10 9 9 4 4 9 7 4 3
split_gain=4.42355 3.3759 14.7227 5.54265 7.00345 9.29282 6.33236 8.5235 3.6557 9.65226 9.52035 8.37395 6.63368 7.7482
threshold=12.959425531988886 0.3635321550797857 11.991467505459896 9.0725989783537848 26.532500000000002 21.855000000000004 5.9337290162793552 7.4184265329205372 9.9795453756684616 10.036137298003112 7.7938915675232812 -0.17165357704065173 9.8841515615692312 9.8596923802566234
decision_type=10 10 8 2 2 2 2 2 8 8 2 8 10 2
left_child=1 8 3 4 5 6 -3 -8 10 -10 -1 -12 13 -13
right_child=-2 2 -4 -5 -6 -7 7 -9 9 -11 11 12 -14 -15
leaf_value=-5.2117631067667524e-06 -0.00075089567132771327 0.0014397909819927443 -0.0082914157649425502 -0.0013835208706411135 -0.0038572337987335613 0.0019681818515808816 -0.0053312729362568695 0.000313797310594909 -0.00049508362782729276 -1.6110552166210754e-06 0.0048502954987527424 9.6181749605218846e-05 0.00050067126226347239 -0.00089074273962936332
leaf_weight=1469 32 50 35 67 44 51 30 63 140 5337 64 514 162 84
leaf_count=1469 32 50 35 67 44 51 30 63 140 5337 64 514 162 84
internal_value=-0.000117907 -7.39827e-05 -0.003 -0.000885246 0.0012605 0.00371134 -0.00020979 -0.00483871 5.40541e-05 -0.000366989 0.00105975 0.00364078 0.00276316 0.00130435
internal_weight=8142 8110 340 305 238 194 143 93 7770 5477 2293 824 760 598
internal_count=8142 8110 340 305 238 194 143 93 7770 5477 2293 824 760 598
is_linear=0
shrinkage=0.03


Tree=119
num_leaves=15
num_cat=9
split_feature=0 6 0 0 1 0 0 6 1 1 7 7 1 5
split_gain=24.1883 9.1441 42.7232 30.9249 13.4193 14.645 10.4725 11.7733 10.4358 9.96042 9.84885 9.74626 9.20953 8.0397
threshold=0 -0.003992990836865217 1 2 3 4 5 0.00050167359054942306 6 7 -0.075765274348559938 0.018689983894609522 8 12.205212267692064
decision_type=9 10 9 9 1 9 9 10 1 1 8 8 1 10
left_child=-1 2 -2 8 11 -6 7 -5 -3 10 -7 -4 13 -8
right_child=1 3 4 6 5 9 12 -9 -10 -11 -12 -13 -14 -15
leaf_value=-6.804555119566332e-05 -9.4834112607489313e-05 4.1114650145501922e-05 -8.0105329761233842e-05 -2.2487242182712859e-05 0.0010339774713972437 0.0023003151999427844 0.00014509377887723463 0.00020068208486534662 -0.0001693844920453341 0.00053995089001919981 -0.000271415535469731 0.00067395271374891426 -1.0557147005068158e-05 -0.0003916744723687008
leaf_weight=2479 902 147 262 45 557 49 817 329 1023 338 165 140 750 77
leaf_count=2479 902 147 262 45 557 49 817 329 1023 338 165 140 750 77
internal_value=0.000111386 0.00120299 0.00259843 0.000150565 0.00566075 0.00737265 0.00239645 0.006875 -0.00371186 0.00373665 -0.00133929 0.000873786 0.0013422 0.00338496
internal_weight=8080 5601 2413 3188 1511 1109 2018 374 1170 552 214 402 1644 894
internal_count=8080 5601 2413 3188 1511 1109 2018 374 1170 552 214 402 1644 894
cat_boundaries=0 3 7 11 12 16 19 20 21 22
cat_threshold=1162060096 640624856 1744912514 37488772 1082163490 2181991488 16 2852128314 268436997 70292257 5 165 2961196041 138413568 341836320 13 9699460 8388640 131072 16 18 174
is_linear=0
shrinkage=0.03


Tree=120
num_leaves=15
num_cat=1
split_feature=1 7 7 10 6 5 4 10 5 6 4 7 10 10
split_gain=7.22633 13.5162 10.6951 6.43833 7.00057 6.86741 6.75486 6.10894 7.13876 6.10606 7.93121 6.63601 11.5294 8.29094
threshold=0 0.06586100101889604 0.061568571811537083 27.795000000000005 0.1887277660178999 9.7215458588096766 9.6805627033843091 27.505000000000006 9.8121668855775255 0.095331245605648554 9.9379372767643748 0.038209388457569833 25.84477272727273 24.907500000000002
decision_type=1 10 10 2 10 8 10 2 10 8 8 8 2 2
left_child=1 2 3 4 9 -6 -5 8 -3 11 -11 12 13 -1
right_child=-2 7 -4 6 5 -7 -8 -9 -10 10 -12 -13 -14 -15
leaf_value=2.2337083728057869e-06 5.6394896906823228e-06 -0.00024276086530068772 0.0011099610141865049 0.00089344252488305254 0.00017514297381726653 -0.0013877953865513151 -0.00010945489933006869 -0.003941762789917677 -0.00079569816982909595 0.00139390037496166 1.5826634710651432e-06 -0.00036360395069412379 -0.00010637040898324843 0.000132102604756549
leaf_weight=1165 5096 358 32 63 48 111 38 31 197 98 253 265 266 112
leaf_count=1165 5096 358 32 63 48 111 38 31 197 98 253 265 266 112
internal_value=-0.000173368 -0.00132918 -0.000354957 -0.000582885 -0.000905953 -0.00698113 0.00683168 -0.00542662 -0.0047027 -0.000458546 0.00316239 -0.0011615 -0.000408296 0.000775255
internal_weight=8133 3037 2451 2419 2318 159 101 586 555 2159 351 1808 1543 1277
internal_count=8133 3037 2451 2419 2318 159 101 586 555 2159 351 1808 1543 1277
cat_boundaries=0 1
cat_threshold=356
is_linear=0
shrinkage=0.03


Tree=121
num_leaves=15
num_cat=1
split_feature=7 9 3 2 8 6 1 8 9 4 7 2 3 2
split_gain=7.65036 8.04415 13.3048 13.0673 6.98385 5.7354 4.7917 6.96493 11.0892 9.04159 10.5328 7.65913 5.67658 10.0975
threshold=-0.14518536190521478 5.0730943407582343 9.2712002591262017 2005.5000000000002 9.2104070236464057 -0.26476653851356419 0 11.841395508930736 6.9907039869720302 12.823292605373128 0.06049459508802358 2005.5000000000002 9.7362516261742034 2005.5000000000002
decision_type=8 2 2 2 2 10 1 2 2 8 10 2 2 2
left_child=1 5 4 -4 -3 -1 7 12 11 10 -10 -9 13 -2
right_child=6 2 3 -5 -6 -7 -8 8 9 -11 -12 -13 -14 -15
leaf_value=-0.0016263538651376133 1.9036934632066415e-06 0.0045374344602630021 -0.00014049304884746844 0.004637964260484656 0.0095500531259383129 0.00070917669073068299 -1.241346040916415e-05 -0.00072231297631900038 0.00011257089819596547 -0.00054055390852629948 -0.00039892211968121173 0.00022043019605800864 4.369105872423206e-05 -0.000884632544069292
leaf_weight=62 436 48 162 37 41 73 3795 165 431 110 97 43 2556 73
leaf_count=62 436 48 162 37 41 73 3795 165 431 110 97 43 2556 73
internal_value=0.000114405 0.00404255 0.006875 0.00256281 0.0165169 -0.002 -0.00010122 0.000635042 -0.00177305 0.000188088 0.00181818 -0.00778846 0.00130179 -0.00159136
internal_weight=8129 423 288 199 89 135 7706 3911 846 638 528 208 3065 509
internal_count=8129 423 288 199 89 135 7706 3911 846 638 528 208 3065 509
cat_boundaries=0 1
cat_threshold=27
is_linear=0
shrinkage=0.03


Tree=122
num_leaves=15
num_cat=6
split_feature=0 1 7 0 0 0 4 2 0 6 3 9 2 7
split_gain=18.0328 10.3751 10.9201 12.0562 10.2673 10.0784 14.963 9.86921 9.26028 8.73503 7.43881 9.72684 6.24781 6.07614
threshold=0 1 0.074241026539098712 2 3 4 9.7078679671360568 1996.5000000000002 5 0.056026491988297351 10.204795123280192 7.6086225517860226 2003.5000000000002 0.024547789340425123
decision_type=9 1 8 9 9 9 8 2 9 10 2 2 2 10
left_child=1 2 3 -1 -4 6 7 -2 -3 -5 11 13 -8 -10
right_child=5 8 4 9 -6 -7 12 -9 10 -11 -12 -13 -14 -15
leaf_value=1.3990634548333488e-05 -1.969474907839372e-07 6.5924715057949458e-05 0.00070388961924216717 0.00046911545518123064 -0.0002951624295967628 -1.6227537365729346e-05 -0.00013841096540724622 -0.00098472056245084687 -0.00049431666991280412 0.00011454721667829587 -0.000422159640108868 0.00027554250697407208 0.00061176818041902298 0.00018151433685235986
leaf_weight=339 32 523 112 449 284 5558 102 95 106 166 203 85 39 45
leaf_count=339 32 523 112 449 284 5558 102 95 106 166 203 85 39 45
internal_value=-0.000221185 0.0020155 0.00370588 0.0054717 -0.000454545 -0.00111035 -0.00669065 -0.0144094 -0.00037037 0.00792 -0.0035412 0 -0.000212766 -0.00456954
internal_weight=8138 2312 1350 954 396 5826 268 127 962 615 439 236 141 151
internal_count=8138 2312 1350 954 396 5826 268 127 962 615 439 236 141 151
cat_boundaries=0 4 5 9 13 16 20
cat_threshold=2207304395 35260452 1259868169 6 271 34635776 1179652 1124073472 6 34603138 1048576 1048576 4 8192 18874368 536871168 34652224 34734084 16777217 4
is_linear=0
shrinkage=0.03


Tree=123
num_leaves=15
num_cat=4
split_feature=0 3 0 4 6 2 0 0 4 4 8 6 6 4
split_gain=21.1795 10.3234 9.87846 8.71486 7.26499 6.62181 12.6076 9.51083 8.1498 7.20667 8.62266 6.31429 6.24919 10.3974
threshold=0 8.0594042983760321 1 8.074952173736488 -0.047406134243228586 1999.5000000000002 2 3 11.621590931979298 9.2966097692597085 9.7128068569799044 -0.40126807656866154 0.051909732434794804 11.019603835350898
decision_type=9 2 9 8 8 2 9 9 10 8 2 10 8 8
left_child=5 3 4 -2 -3 7 8 11 12 -9 -11 -1 -7 -14
right_child=1 2 -4 -5 -6 6 -8 9 -10 10 -12 -13 13 -15
leaf_value=0.00069712387061376772 0.00032619471890302004 0.00096713001184512413 -5.4998176067050719e-06 0.01290888604752561 2.2101603182840583e-05 3.1439035589782018e-05 -0.00018605988907462412 0.00027533219654100085 -7.8564371187366666e-05 -0.00091914424965002764 -3.7081792234397611e-05 -0.0005186067566257536 0.00022286740366898056 0.0010143365785624508
leaf_weight=44 32 456 3531 31 1554 362 611 78 123 114 740 246 146 34
leaf_count=44 32 456 3531 31 1554 362 611 78 123 114 740 246 146 34
internal_value=-0.000244384 0.000780192 0.000644288 0.0128571 0.00231683 -0.00253589 -0.00103448 -0.00412439 0.00182222 -0.00254777 -0.00337237 -0.0088 0.00343173 0.008
internal_weight=8102 5604 5541 63 2010 2498 1276 1222 665 932 854 290 542 180
internal_count=8102 5604 5541 63 2010 2498 1276 1222 665 932 854 290 542 180
cat_boundaries=0 4 8 12 16
cat_threshold=121676552 15114584 543168868 11 3231716593 1895826051 1090937856 4 121635072 8519944 4196676 1 8448 8388616 4194308 9
is_linear=0
shrinkage=0.03


Tree=124
num_leaves=15
num_cat=3
split_feature=0 6 3 6 0 5 7 4 4 5 7 0 7 6
split_gain=25.049 10.8033 10.5962 7.43374 7.60278 7.02815 14.3536 7.57782 8.11117 12.5124 6.8778 6.69086 9.59123 6.18462
threshold=0 0.75669377845877517 7.8019973345292053 -0.52958449008407971 1 9.8121668855775255 -0.14518536190521478 9.4336039088926977 9.0571309140274874 8.8564472668751417 0.24702330221006011 2 -0.042781460093452843 0.10742074725120078
decision_type=9 10 2 8 9 10 8 10 8 10 10 9 10 10
left_child=1 2 -1 -2 10 6 -6 8 9 -8 -5 12 -7 -10
right_child=3 -3 -4 4 5 11 7 -9 13 -11 -12 -13 -14 -15
leaf_value=0.0062096358017595544 0.0064589276313219189 -0.006437026059025879 -6.1501117006004758e-05 5.9028435939257817e-07 -0.0041219186749964429 0.001656190751090366 1.6837512181150961e-05 0.00019796741451029733 -2.1113945696144678e-05 0.0015292942662376101 -0.0023284973305697258 -1.6120567379277943e-07 7.8374191290253188e-05 0.00076598422360379481
leaf_weight=44 74 37 2318 2497 33 83 111 456 338 56 89 1564 401 31
leaf_count=44 74 37 2318 2497 33 83 111 456 338 56 89 1564 401 31
internal_value=1.47565e-05 -0.00255293 -0.0023116 0.00109176 0.000970136 0.00197535 0.00400976 0.00465726 0.00223881 0.00772455 -0.000231125 0.000966797 0.0040081 -0.000243902
internal_weight=8132 2399 2362 5733 5659 3073 1025 992 536 167 2586 2048 484 369
internal_count=8132 2399 2362 5733 5659 3073 1025 992 536 167 2586 2048 484 369
cat_boundaries=0 4 8 11
cat_threshold=872620376 73958720 1778647942 26 168615458 177476232 20068353 1 2164260865 10244 67698744
is_linear=0
shrinkage=0.03


Tree=125
num_leaves=15
num_cat=8
split_feature=0 8 0 0 6 6 1 2 5 4 0 1 0 0
split_gain=21.9433 6.47317 25.232 15.2153 13.9844 12.4191 10.9958 10.8115 8.07524 7.84887 7.99892 7.82222 16.7877 13.9561
threshold=0 9.936621317907063 1 2 -0.11252936934307466 -0.26476653851356419 3 1997.5000000000002 9.9148477553628904 9.0771517189972091 4 5 6 7
decision_type=9 2 9 9 8 10 1 2 10 10 9 1 9 9
left_child=-1 2 5 -3 6 -2 7 -5 -4 -7 -11 13 -13 -6
right_child=1 3 8 4 11 9 -8 -9 -10 10 -12 12 -14 -15
leaf_value=-5.3447310070521225e-05 0.0017345863555243023 -5.3362101734972933e-05 0.00026917297589579872 -0.00070693196180472262 0.00021581555530593793 1.6304453728607937e-05 0.0020120355882717305 0.0011563367980094818 0.0024903838321020176 -7.7778483420819874e-06 -0.00053889829989440001 8.736625306647918e-05 -0.00015256750560516141 -1.401066908800129e-05
leaf_weight=2227 158 1402 804 34 768 272 179 78 66 229 296 331 588 692
leaf_count=2227 158 1402 804 34 768 272 179 78 66 229 296 331 588 692
internal_value=0.000103397 0.00106145 0.00254795 0.000397839 0.00172388 -0.000839378 0.00793814 0 0.00620455 -0.00237139 -0.00451429 0.000970996 -0.00119483 0.00232653
internal_weight=8124 5897 1825 4072 2670 955 291 112 870 797 525 2379 919 1460
internal_count=8124 5897 1825 4072 2670 955 291 112 870 797 525 2379 919 1460
cat_boundaries=0 4 7 11 12 15 16 20 24
cat_threshold=1900032284 69230856 3188590860 16 34735139 1527022660 75395 69042816 9900208 5275840 9 226 33686529 1359217664 1536 154 2097152 587729924 1073828912 2 42093665 1207992386 1075847203 4
is_linear=0
shrinkage=0.03


Tree=126
num_leaves=15
num_cat=5
split_feature=0 7 0 2 6 0 7 7 8 0 7 3 2 0
split_gain=17.2175 8.7228 18.891 10.8605 8.97697 8.11765 8.30251 7.03324 7.56364 5.85158 6.4826 5.31944 5.28124 12.9178
threshold=0 0.067187291054702683 1 2000.5000000000002 0.1887277660178999 2 -0.15238157638052693 -0.28091241092654767 9.7973987355529442 3 0.31365689599855134 11.993732866227058 2006.5000000000002 4
decision_type=9 10 9 2 10 9 8 8 2 9 10 2 2 9
left_child=1 5 4 -4 -3 6 -1 8 -2 10 -9 -8 -11 -14
right_child=7 2 3 -5 -6 -7 11 9 -10 12 -12 -13 13 -15
leaf_value=-0.0035337583045330738 0.011400648554783711 -2.0812082240614058e-05 -0.0022290227423782372 -0.000416156152424419 0.00093098647997231305 1.2653914241509689e-05 -1.0261907623583057e-05 4.2740279247411287e-05 -0.00018656389100413839 -7.0189421397090931e-06 -0.0022030165817419774 -0.00063575576082655302 -0.00013619140928846157 0.00046029516773452424
leaf_weight=58 45 75 160 182 35 1307 671 2113 33 2986 48 45 112 268
leaf_count=58 45 75 160 182 35 1307 671 2113 33 2986 48 45 112 268
internal_value=0.000125338 -0.00192293 -0.00570796 -0.00903409 0.005 -0.00111004 -0.00352041 0.00105254 0.01 0.000928171 0.00214187 -0.00268156 0.00014218 0.00347368
internal_weight=8138 2533 452 342 110 2081 774 5605 78 5527 2161 716 3366 380
internal_count=8138 2533 452 342 110 2081 774 5605 78 5527 2161 716 3366 380
cat_boundaries=0 4 7 10 13 17
cat_threshold=560341784 10879744 3019965326 26 4456448 131072 2147484162 558113280 131328 2684355328 3222311075 289519773 33584161 402718720 167772192 1073741888 4
is_linear=0
shrinkage=0.03


Tree=127
num_leaves=15
num_cat=5
split_feature=0 7 0 0 6 0 7 0 9 6 8 6 6 7
split_gain=20.314 8.10399 26.8824 22.4182 9.97963 8.79971 8.33861 9.28744 8.32935 7.7034 7.8475 7.54399 7.50033 7.16425
threshold=0 0.015655888520258014 1 2 0.091230974232209064 3 0.018689983894609522 4 10.614838519915059 0.021402972925367972 8.9350089400415538 1.0000000180025095e-35 -0.081083245996417461 -0.10042148866976051
decision_type=9 10 9 9 10 9 10 9 2 8 2 10 10 10
left_child=-1 3 4 9 5 -3 -4 11 -6 10 -2 12 -8 -12
right_child=1 2 6 -5 8 -7 7 -9 -10 -11 13 -13 -14 -15
leaf_value=3.2511999527846891e-05 0.00050907791246004917 0.00020165366270002787 -0.00091833559756214619 7.6286095617376031e-05 -0.0018068218694763194 -0.00075547400298275837 0.0010369144675206772 -5.6484932774743082e-05 -0.0014222339298347311 5.5279439573218219e-06 -0.00074446107913163308 0.00027173219027625326 -0.00028561773682614177 -2.2530712940052049e-05
leaf_weight=2293 91 101 53 1934 312 343 38 802 35 477 255 453 90 865
leaf_count=2293 91 101 53 1934 312 343 38 802 35 477 255 453 90 865
internal_value=-0.000316875 -0.00125448 -0.00268074 -0.000381005 -0.00707865 -0.00418919 -0.000207469 0.000238612 -0.0109798 -0.00289753 -0.00418662 0.00309645 -0.00328125 -0.004875
internal_weight=8142 5849 2227 3622 791 444 1436 1383 347 1688 1211 581 128 1120
internal_count=8142 5849 2227 3622 791 444 1436 1383 347 1688 1211 581 128 1120
cat_boundaries=0 4 8 12 16 19
cat_threshold=2552258208 92817444 303191105 7 1098981450 1076102667 604799380 24 555491596 440578456 2298486954 8 8388608 263168 0 8 786692 709005568 2164269090
is_linear=0
shrinkage=0.03


Tree=128
num_leaves=15
num_cat=5
split_feature=0 3 4 5 0 3 6 3 0 0 10 5 0 5
split_gain=19.65 8.49944 6.38009 6.09188 4.79784 7.32951 9.46149 8.80541 12.0772 8.93224 7.27361 6.37444 5.8916 6.46908
threshold=0 8.0594042983760321 8.5944318646491897 8.9231247485487035 1 10.180891984117229 0.20674512775184176 9.6622118483416841 2 3 20.197500000000002 10.352554700965948 4 11.394141903617061
decision_type=9 2 8 8 9 2 10 2 9 9 2 8 9 10
left_child=-1 -2 3 -3 5 7 12 9 11 -4 -8 -9 -7 -14
right_child=1 2 4 -5 -6 6 10 8 -10 -11 -12 -13 13 -15
leaf_value=6.6844132290221406e-05 0.0055290338485876698 -2.9507658668105928e-05 -0.00063487570845806654 -0.0063161805200848244 -3.4290566101293155e-06 5.0822389029695084e-05 -0.0029812638566288634 1.6489692652588779e-05 -0.00067588803224139719 4.6704315700169632e-05 -0.00011756577304893173 -0.0016669517828784522 1.1638375966234962e-05 -8.5528157952857809e-05
leaf_weight=2176 81 98 210 39 3046 520 66 207 243 377 72 39 596 338
leaf_count=2176 81 98 210 39 3046 520 66 207 243 377 72 39 596 338
internal_value=-0.000236803 -0.00113093 -0.00126645 -0.00766423 -0.00111306 -0.00203883 -0.000753769 -0.00395911 -0.00693252 -0.00148211 -0.00826087 -0.001875 -4.12655e-05 -0.00146186
internal_weight=8108 5932 5851 137 5714 2668 1592 1076 489 587 138 246 1454 934
internal_count=8108 5932 5851 137 5714 2668 1592 1076 489 587 138 246 1454 934
cat_boundaries=0 3 7 11 15 19
cat_threshold=3355988435 617119767 273212481 907158568 1243943560 671357318 18 100663336 70144 264320 16 537001984 2097152 264194 16 269484032 169869320 671094786 16
is_linear=0
shrinkage=0.03


Tree=129
num_leaves=15
num_cat=8
split_feature=0 1 0 6 7 1 0 0 6 0 0 3 5 8
split_gain=14.7669 9.64753 12.6098 10.7659 8.16663 6.78546 15.4194 12.2775 10.9336 14.4974 9.06763 7.60628 6.62215 8.57056
threshold=0 1 2 -0.40126807656866154 0.029355795111566611 3 4 5 0.016347238776487142 6 7 12.237178737780711 9.9034625519111081 9.1773230511328663
decision_type=9 1 9 10 10 1 9 9 8 9 9 2 10 2
left_child=1 2 4 -4 -1 6 11 -7 9 -8 -10 -2 13 -5
right_child=5 -3 3 12 -6 7 8 -9 10 -11 -12 -13 -14 -15
leaf_value=-7.3460206689604442e-05 -2.7792927176447792e-06 -7.220686967140549e-06 0.0010757816255600897 0.0014442295579245809 -0.001979106874342463 -8.7237725335409768e-05 0.00011014087947025262 2.5617193834312982e-05 -0.00025413106315159137 0.00076025053728523851 0.00024916492704479728 -0.00029094854878339554 2.9676403673631084e-05 -0.0010053649152055679
leaf_weight=340 1182 1762 36 38 113 1448 336 1439 229 341 499 60 233 100
leaf_count=340 1182 1762 36 38 113 1448 336 1439 229 341 499 60 233 100
internal_value=-0.000110348 -0.00196049 -0.00455172 -0.000647482 -0.00796976 0.000768398 0.001863 -0.000238177 0.00400707 0.00677991 0.00148352 -0.00057508 -0.00218329 -0.0073913
internal_weight=8156 2622 860 407 453 5534 2647 2887 1405 677 728 1242 371 138
internal_count=8156 2622 860 407 453 5534 2647 2887 1405 677 728 1242 371 138
cat_boundaries=0 4 5 9 10 14 18 21 25
cat_threshold=823685120 6506337 2785372162 26 804 554196992 6293344 536870914 24 778 172326933 891031684 403346961 1 80086402 1241514010 158859948 5 69340288 176201744 1073741988 3229614176 2058 4194632 4
is_linear=0
shrinkage=0.03


Tree=130
num_leaves=15
num_cat=8
split_feature=0 1 0 0 7 3 7 0 0 7 7 6 0 0
split_gain=16.7376 8.06385 24.3138 16.835 9.46618 8.45201 7.66537 19.4487 9.58538 7.85471 7.16348 9.71652 7.926 7.39964
threshold=0 1 2 3 0.0037516066717580014 8.8255598118844834 0.16171629345534358 4 5 -0.13177793123544432 0.068781267654263192 -0.35283807330270361 6 7
decision_type=9 1 9 9 10 2 8 9 9 10 10 8 9 9
left_child=6 2 4 5 -2 -3 8 -8 9 -1 11 -5 -12 -13
right_child=1 3 -4 10 -6 -7 7 -9 -10 -11 12 13 -14 -15
leaf_value=0.0030876244465778916 -9.1878786458029306e-05 0.004197811746974007 3.9692906022182618e-05 -0.00072194099627785223 -3.5822510945176851e-05 -1.97308329029635e-05 4.968613422397699e-05 -0.0017382884171465781 -4.0851558489035501e-05 -3.6632633593795643e-06 -0.00046486375600227292 0.00061309676291669416 0.00023769408268646314 7.9318219479476004e-05
leaf_weight=153 363 37 1101 35 231 1688 220 313 1141 895 106 438 239 1169
leaf_count=153 363 37 1101 35 231 1688 220 313 1141 895 106 438 239 1169
internal_value=2.58334e-05 0.000991324 -0.000721408 0.00177324 -0.00556291 -0.000397695 -0.00188873 -0.00512195 -0.0011101 0.000964083 0.00365048 0.00449452 -0.00026087 0.0048351
internal_weight=8129 5407 1695 3712 594 1725 2722 533 2189 1048 1987 1642 345 1607
internal_count=8129 5407 1695 3712 594 1725 2722 533 2189 1048 1987 1642 345 1607
cat_boundaries=0 4 5 8 12 15 19 22 25
cat_threshold=637837412 169874184 1680101583 11 705 406865160 16793650 1052192 12261376 550735045 289644800 20 537165828 256 1143210180 67108864 169873920 1074008079 11 268435464 1342177296 134742016 16649 1342701586 134217728
is_linear=0
shrinkage=0.03


Tree=131
num_leaves=15
num_cat=9
split_feature=0 6 0 0 1 9 7 0 0 7 8 0 1 0
split_gain=17.4809 10.754 41.9614 28.5742 7.74899 7.89338 7.34132 11.9808 8.10842 8.87746 7.28939 10.6675 6.81923 7.38779
threshold=0 -0.003992990836865217 1 2 3 11.338787885208509 0.016231945258382122 4 5 0.019697178350285952 9.9044177878442081 6 7 8
decision_type=9 10 9 9 1 2 8 9 9 8 2 9 1 9
left_child=6 2 10 4 5 -3 7 -1 -8 -10 -2 -12 -5 -14
right_child=1 3 -4 12 -6 -7 8 -9 9 -11 11 -13 13 -15
leaf_value=-2.6247402079435801e-05 7.5652417637605421e-05 1.5222609508958771e-05 0.00045244799885975313 0.00010319770620531766 0.00018824097644330886 -0.00024830412223446151 -0.00056770757304540559 2.963054291102102e-05 -0.00043930701181693583 -7.933922770356757e-05 -0.00039321154525820764 -2.2090154154059547e-05 -0.00051815013592704446 -3.4760330085311839e-05
leaf_weight=572 298 449 1446 154 828 31 369 828 33 814 311 328 610 1034
leaf_count=572 298 449 1446 154 828 31 369 828 33 814 311 328 610 1034
internal_value=2.59099e-05 0.000987452 0.00250525 -0.000173857 0.00318665 0.000122449 -0.00198781 -0.000514286 -0.00370066 -0.00199533 -0.00243928 -0.0042723 -0.00262168 -0.00319226
internal_weight=8105 5489 2383 3106 1308 480 2616 1400 1216 847 937 639 1798 1644
internal_count=8105 5489 2383 3106 1308 480 2616 1400 1216 847 937 639 1798 1644
cat_boundaries=0 4 8 12 13 17 20 23 24 28
cat_threshold=923410456 539566185 2718763087 8 11796868 113379730 155329680 16 9718148 181541138 138569216 16 785 805314560 8296 537198664 8 83886088 2621440 2718435332 262404 131472 138551296 5 4296768 516 1141936256 5
is_linear=0
shrinkage=0.03


Tree=132
num_leaves=15
num_cat=4
split_feature=0 4 0 0 6 10 7 1 6 7 9 3 3 4
split_gain=18.2314 6.5275 11.4809 11.1307 9.27392 10.9598 8.60829 8.20334 9.98772 7.30435 6.21505 5.61764 10.1853 5.70015
threshold=0 9.6457202055092601 1 2 -0.27781426276693905 16.855000000000004 -0.082102698693071283 3 0.060262352591242248 0.017519026183651313 5.1474775755002211 9.6455260684460562 9.5469554453359766 9.4336039088926977
decision_type=9 10 9 9 10 2 8 1 10 10 2 2 2 10
left_child=-1 3 4 6 5 -3 10 8 9 -4 -2 12 13 -8
right_child=1 2 7 -5 -6 -7 11 -9 -10 -11 -12 -13 -14 -15
leaf_value=-4.129423417092322e-05 -0.00069164545692507184 0.0034352150776299855 -0.00021908176121152419 0.00018925100925641696 -3.965178184300248e-05 -0.0011210638240474115 -1.8448844016797668e-06 5.7988036967709168e-05 -0.0018676004028295328 0.00034694538512050193 0.0044278671573105503 -0.00041188012642308689 0.0016220900692146308 -0.00068957454095268009
leaf_weight=2589 31 79 96 801 1749 38 305 2138 42 42 62 127 31 30
leaf_count=2589 31 79 96 801 1749 38 305 2138 42 42 62 127 31 30
internal_value=0.000125 0.0010912 0.000501912 0.00287671 -0.00124733 0.00692308 -0.000302013 0.00190722 -0.00410526 -0.000434783 0.00806452 -0.00188641 0 -0.00152239
internal_weight=8160 5571 4184 1387 1866 117 586 2318 180 138 93 493 366 335
internal_count=8160 5571 4184 1387 1866 117 586 2318 180 138 93 493 366 335
cat_boundaries=0 4 7 11 12
cat_threshold=661397602 203424072 641794890 11 143885340 1397281 1076545684 268452992 1392543888 134621189 16 96
is_linear=0
shrinkage=0.03


Tree=133
num_leaves=15
num_cat=1
split_feature=6 8 1 7 7 9 10 9 2 10 10 10 7 9
split_gain=5.27647 11.4781 6.59375 10.9819 7.12051 11.9628 7.55338 8.62218 6.99557 9.53924 7.93068 7.0567 7.33968 7.32654
threshold=-0.84443303788702007 9.4969376345667005 0 0.00035338678904661697 0.011995256385781696 6.9907039869720302 16.685000000000006 6.8161041238343971 1999.5000000000002 26.280000000000005 7.7800000000000002 7.7800000000000002 -0.15238157638052693 9.5449178495467866
decision_type=10 2 1 10 10 2 2 2 2 2 2 2 10 2
left_child=1 -1 4 -4 5 6 -2 -8 9 11 -10 12 -7 -13
right_child=2 -3 3 -5 -6 8 7 -9 10 -11 -12 13 -14 -15
leaf_value=0.0027383958237292608 0.00020097805152916745 1.1385193578114516e-06 -5.7303770186294803e-05 3.3469868164683719e-06 -5.7818803838761885e-05 -0.0049692614611793664 -2.1030848623374656e-05 -0.00041669751710188242 0.0013382967436135749 -0.00020620119886576529 0.0001588545634099589 3.1227862283008936e-05 0.00036913217458142027 0.00032902748155959045
leaf_weight=136 177 405 1340 1406 2198 30 923 30 43 102 751 352 42 243
leaf_count=136 177 405 1340 1406 2198 30 923 30 43 102 751 352 42 243
internal_value=-0.000256787 0.00260628 -0.000459605 -0.0016328 0.000202 0.00123654 -0.00111504 -0.00217209 0.00293666 0.000897269 0.00491184 0.0022039 -0.00666667 0.00327731
internal_weight=8178 541 7637 2746 4891 2693 1130 953 1563 769 794 667 72 595
internal_count=8178 541 7637 2746 4891 2693 1130 953 1563 769 794 667 72 595
cat_boundaries=0 1
cat_threshold=283
is_linear=0
shrinkage=0.03


Tree=134
num_leaves=15
num_cat=5
split_feature=0 8 9 1 0 2 0 2 7 4 2 1 7 7
split_gain=21.3619 9.09685 9.79487 8.23639 13.6856 8.46785 7.96153 8.47293 14.3495 6.63768 6.46256 6.34316 12.5153 7.26311
threshold=0 12.00556737583217 5.3612568980943403 1 2 1993.5000000000002 3 2007.5000000000002 -0.0040966592840003804 8.5046125582205345 2007.5000000000002 4 0.00035338678904661697 -0.13877023801232188
decision_type=9 2 2 1 9 2 9 2 8 10 2 1 8 10
left_child=1 10 -3 4 9 -6 -5 -8 -9 -2 11 12 13 -1
right_child=3 2 -4 6 5 -7 7 8 -10 -11 -12 -13 -14 -15
leaf_value=0.0011659891841933649 0.0019165967448935154 -0.0019378253234887701 -0.00025270139991963628 0.00012278517996721126 0.0003992118726322403 -0.00032599303296099565 4.6721284889929273e-06 0.002243975812335723 6.502472069173038e-06 1.2509747897334246e-05 -0.00024501275878598101 -7.2318506004681197e-05 8.0457320384123303e-05 -1.6396875574420276e-05
leaf_weight=39 31 31 132 1791 90 466 2781 63 108 327 127 1427 456 280
leaf_count=39 31 31 132 1791 90 466 2781 63 108 327 127 1427 456 280
internal_value=0.000150939 -0.00215827 -0.0090184 0.00116993 -0.00142857 -0.00434629 0.00167263 0.00070898 0.00719298 0.00309783 -0.00168742 -0.0013079 0.000878981 -0.00366771
internal_weight=8149 2492 163 5657 914 556 4743 2952 171 358 2329 2202 775 319
internal_count=8149 2492 163 5657 914 556 4743 2952 171 358 2329 2202 775 319
cat_boundaries=0 4 5 8 12 13
cat_threshold=656323080 71045248 620897222 4 548 272630818 318767188 2281702401 3370142849 977291304 34160657 8 589
is_linear=0
shrinkage=0.03


Tree=135
num_leaves=15
num_cat=5
split_feature=0 6 10 6 9 0 6 10 6 1 0 6 0 7
split_gain=18.3673 8.29687 11.4803 7.9091 7.45031 7.37091 5.85604 5.45216 4.91743 5.04929 5.40846 6.83177 4.61439 6.82941
threshold=0 -0.27781426276693905 17.180000000000003 -0.60669570726644018 7.0433654990876002 1 -0.42672018232967796 7.9700000000000015 -0.84443303788702007 2 3 -0.028951130115165032 4 0.1037898707795253
decision_type=9 8 2 10 2 9 10 2 8 1 9 8 9 8
left_child=7 2 4 -4 -2 -3 -5 -1 -9 12 11 -11 13 -10
right_child=1 5 3 6 -6 -7 -8 8 9 10 -12 -13 -14 -15
leaf_value=-0.00075174235005753072 0.00060673442978647729 -7.7480084925451996e-06 0.0073769023549101961 -0.0032915960175092982 0.0038447375945311305 2.7984244515837294e-05 3.2230276504890963e-06 0.0052680985303282723 -0.0001093957281856354 -0.0015744571392817105 -4.1480807958917655e-05 -0.00021866133103094334 9.5581312841581733e-05 -0.0017804052001941112
leaf_weight=58 32 2237 36 35 95 3336 56 30 86 129 1469 250 324 34
leaf_count=58 32 2237 36 35 95 3336 56 30 86 129 1469 250 324 34
internal_value=-6.94529e-05 0.000837759 0.00614173 -0.00023622 0.0125197 0.000597524 -0.00494505 -0.00228452 -0.00206718 -0.00222513 -0.00290635 -0.00609254 0.000660793 -0.00415385
internal_weight=8207 5827 254 127 127 5573 91 2380 2322 2292 1848 379 444 120
internal_count=8207 5827 254 127 127 5573 91 2380 2322 2292 1848 379 444 120
cat_boundaries=0 4 7 8 12 15
cat_threshold=605139744 1198614600 603996294 11 3514958860 8684160 1127918401 17 536883200 69206080 128 8 65792 33570816 2
is_linear=0
shrinkage=0.03


Tree=136
num_leaves=15
num_cat=6
split_feature=0 0 6 0 0 7 10 6 5 2 10 7 0 0
split_gain=22.8861 7.69923 8.4422 11.188 9.23303 9.86266 7.3621 7.04127 6.71803 6.76835 9.42218 6.57367 13.7455 12.5564
threshold=0 1 0.023929203468267882 2 3 0.06586100101889604 18.135000000000002 0.056026491988297351 11.608558267939186 2003.5000000000002 25.405000000000005 -0.0010619683674346623 4 5
decision_type=9 9 8 9 9 8 2 10 8 2 2 10 9 9
left_child=11 2 4 -4 8 -6 -7 -5 9 -2 -11 12 -1 -13
right_child=1 -3 3 7 5 6 -8 -9 -10 10 -12 13 -14 -15
leaf_value=0.00013135437141721665 9.3227989863258089e-06 3.2744899056172459e-06 -0.00020521224522645793 -9.5027360293421288e-05 0.00028393023981758501 -0.0011600041759432481 0.00092439670660063148 0.00037253881769469695 -0.00019672110583587562 7.6315037214245917e-05 0.00081334811813720692 -6.676893202936794e-06 -0.00016586465949101784 -0.00025929420173503512
leaf_weight=585 270 3304 493 219 646 58 70 319 142 67 43 709 639 585
leaf_count=585 270 3304 493 219 646 58 70 319 142 67 43 709 639 585
internal_value=6.99472e-05 0.00113278 0.00245186 0.000436469 0.00407407 0.00612245 -0.00140625 0.00339416 0.000902256 0.003 0.00927273 -0.00230222 -0.000735294 -0.00380216
internal_weight=8149 5631 2327 1031 1296 774 128 538 522 380 110 2518 1224 1294
internal_count=8149 5631 2327 1031 1296 774 128 538 522 380 110 2518 1224 1294
cat_boundaries=0 4 8 12 15 19 22
cat_threshold=1167731272 8132936 553724230 8 2149663105 1610802182 2455425065 1 2147549184 1610646528 2147520553 1 2097536 147462 5390368 131656 1837128 536936708 8 1159202816 6560000 16785474
is_linear=0
shrinkage=0.03


Tree=137
num_leaves=15
num_cat=8
split_feature=0 6 0 0 7 3 0 6 0 0 1 1 7 6
split_gain=18.4402 7.20189 21.0511 20.6598 8.56674 9.43484 7.23178 6.92602 15.1617 14.676 11.0741 11.0663 8.51581 6.66801
threshold=0 0.0081282041319417093 1 2 0.0076632568247738684 9.5612436766013857 3 0.0016930479740144835 4 5 6 7 -0.08915842449837362 -0.12763636029423517
decision_type=9 8 9 9 8 2 9 8 9 9 1 1 10 10
left_child=7 3 -3 -2 5 -4 -6 8 10 11 12 -9 -1 -10
right_child=1 2 4 -5 6 -7 -8 9 13 -11 -12 -13 -14 -15
leaf_value=-0.00015817327298774719 -1.8771656195577903e-05 0.00010657087130510351 -0.00031180004601376348 0.00016528029841853789 -3.2233364635589234e-05 9.7886579386221391e-05 -0.00042117453109098756 -3.369207048856281e-05 -0.00019621364248636781 -8.112917927881429e-05 -3.9026333940699273e-05 0.00026292344126850674 0.000424947990046694 -0.00015608764920472409
leaf_weight=83 1051 1216 65 1546 536 329 654 213 216 1051 265 262 193 556
leaf_count=83 1051 1216 65 1546 536 329 654 213 216 1051 265 262 193 556
internal_value=0.000152987 0.0011818 0.000128571 0.00232191 -0.00214555 0.00167513 -0.00342857 -0.00180063 -0.00340442 -0.000432503 0.000490018 0.00389691 0.00461538 -0.00606138
internal_weight=8236 5397 2800 2597 1584 394 1190 2839 1313 1526 541 475 276 772
internal_count=8236 5397 2800 2597 1584 394 1190 2839 1313 1526 541 475 276 772
cat_boundaries=0 4 7 11 15 19 22 23 24
cat_threshold=4618784 409342072 83964358 12 3367503254 109603076 404360224 144179606 126970115 2283407360 2 570458121 554697345 3221225496 3 4343840 270798848 67112960 12 262656 4325488 16850944 312 425
is_linear=0
shrinkage=0.03


Tree=138
num_leaves=15
num_cat=6
split_feature=0 5 6 6 0 6 0 0 6 0 6 3 7 0
split_gain=17.3782 9.76322 8.81371 8.658 8.00019 7.97462 16.7787 12.2709 11.3449 6.96049 7.13695 9.13534 6.51022 12.8335
threshold=0 11.118615384162393 -0.52958449008407971 -0.19737862286595662 1 0.020627752096509692 2 3 -0.072906391548496416 4 -0.19737862286595662 10.762551632051077 -0.008988491369152472 5
decision_type=9 10 8 10 9 10 9 9 10 9 10 2 10 9
left_child=1 5 -2 -3 12 7 -7 -1 9 -9 -11 -12 13 -4
right_child=2 3 4 -5 -6 6 -8 8 -10 10 11 -13 -14 -15
leaf_value=-0.00021863600512111764 0.0048329231713982665 0.00099644144086022401 -0.00028787908455863912 -0.00016362044544360077 5.4660500262684171e-05 0.00025174042760318916 -0.00065822824236335536 -0.00032218197057719028 0.00011815350131951505 0.00037852276735253769 -0.0005616471248981428 0.00061069747149425336 1.2864373870690735e-05 4.2926396337178526e-05
leaf_weight=346 101 42 463 764 2478 255 492 101 435 169 84 30 1737 648
leaf_count=346 101 42 463 764 2478 255 492 101 435 169 84 30 1737 648
internal_value=4.05157e-05 -0.00191349 0.00102078 -0.00468983 0.000856177 -0.000753138 -0.00317269 0.000798283 0.00278649 -0.0009375 0.00153584 -0.00421053 -0.000230931 -0.0020252
internal_weight=8145 2718 5427 806 5326 1912 747 1165 819 384 283 114 2848 1111
internal_count=8145 2718 5427 806 5326 1912 747 1165 819 384 283 114 2848 1111
cat_boundaries=0 3 7 10 13 16 20
cat_threshold=641938732 570692040 174866772 270041088 86199328 1158917771 27 71304452 4160 4194308 9476 4168 134479876 71303168 384 4194304 270008320 86116384 139275 16
is_linear=0
shrinkage=0.03


Tree=139
num_leaves=15
num_cat=5
split_feature=0 7 0 0 2 6 5 6 4 6 4 1 5 0
split_gain=18.0168 8.63288 27.3023 12.991 11.1918 11.101 10.0006 9.86685 9.45037 8.85521 6.62184 6.5734 13.2732 9.65507
threshold=0 -0.026458129484703271 1 2 2007.5000000000002 0.1887277660178999 8.7939148601647332 -0.52958449008407971 11.309468092157685 0.054151329407453382 9.0347957355336224 3 9.9036375300406281 4
decision_type=9 8 9 9 2 10 8 10 10 10 8 1 10 9
left_child=10 2 -2 5 7 6 -3 -4 -5 -10 -1 12 -9 -13
right_child=1 3 4 8 -6 -7 -8 11 9 -11 -12 13 -14 -15
leaf_value=0.00074648113239512092 -0.00032404093494476212 -0.00025749008563260954 0.0068971099337622509 1.3843816397705897e-05 0.0028098593604503159 -0.0018933643882363476 -5.0648651539311937e-05 0.00092449004580955952 -0.0001333868996688792 0.00019256211342853259 3.1435235524690577e-05 -0.00066983060701519197 -0.00103086746343518 0.00084744470405346303
leaf_weight=113 555 59 48 2082 43 216 1278 93 473 168 2476 110 58 329
leaf_count=113 555 59 48 2082 43 216 1278 93 473 168 2476 110 58 329
internal_value=0.000122207 -0.000847519 0.00135922 -0.00148737 0.00534009 -0.00366603 -0.00267016 0.00442006 -0.000230516 -0.00341654 0.00218161 0.00335593 -0.00204969 0.00514477
internal_weight=8101 5512 1236 4276 681 1553 1337 638 2723 641 2589 590 151 439
internal_count=8101 5512 1236 4276 681 1553 1337 638 2723 641 2589 590 151 439
cat_boundaries=0 4 8 12 13 17
cat_threshold=3497263194 1141416473 671161449 6 537012356 141967840 3295027202 16 83898400 564403204 320389524 17 100 98304 0 32896 8
is_linear=0
shrinkage=0.03


Tree=140
num_leaves=15
num_cat=6
split_feature=0 6 7 6 1 0 2 0 6 2 7 6 0 0
split_gain=12.3979 7.61141 6.4577 6.98145 6.29716 17.3487 14.1203 13.8165 8.69357 8.04565 8.25704 7.35397 15.8534 11.3251
threshold=0 0.75669377845877517 0.24702330221006011 0.16246391685611086 1 2 2001.5000000000002 3 -0.016344837824922461 1993.5000000000002 0.089394973034431238 -0.015497928485415534 4 5
decision_type=9 10 10 10 1 9 2 9 8 2 8 10 9 9
left_child=1 2 -1 -4 5 6 -2 8 -6 -9 -11 13 -13 -7
right_child=4 -3 3 -5 7 11 -8 9 -10 10 -12 12 -14 -15
leaf_value=-2.6720771274223905e-05 9.5412899088060716e-05 -0.005847938107084347 -0.0029410536757435513 -0.00074477593462040498 0.00057584236864416198 0.00020860602378208111 0.00044865839225546677 0.00010956102981027041 1.5148858523844518e-05 -2.2651772470985076e-05 -0.0011157620419405287 -0.00026912998996078897 7.8341204667110084e-05 -0.00025355980616688335
leaf_weight=2456 504 40 36 43 352 222 313 352 694 1522 259 218 740 380
leaf_count=2456 504 40 36 43 352 222 313 352 694 1522 259 218 740 380
internal_value=-0.000291477 -0.00200774 -0.00181065 -0.0102532 0.000506648 0.00167155 0.00518742 -0.000366886 0.00244318 -0.00174988 -0.0025772 -0.000191083 0.0014405 -0.0027907
internal_weight=8131 2575 2535 79 5556 2377 817 3179 1046 2133 1781 1560 958 602
internal_count=8131 2575 2535 79 5556 2377 817 3179 1046 2133 1781 1560 958 602
cat_boundaries=0 4 5 8 12 15 19
cat_threshold=603993380 822608233 2687307837 25 15 2424326363 1147299846 1209008768 1118470208 33657348 138561280 6 2129920 333312 181248 37781504 1316480 67272706 4
is_linear=0
shrinkage=0.03


Tree=141
num_leaves=15
num_cat=6
split_feature=0 0 8 8 4 7 0 1 0 5 4 10 0 3
split_gain=20.6005 7.65648 10.4722 7.55661 10.1703 7.2669 8.2291 5.66081 9.86931 8.51307 7.69689 10.3585 6.41456 6.33046
threshold=0 1 8.1122245947326395 9.4969376345667005 9.5469554453359766 0.016231945258382122 2 3 4 10.463674442760942 11.942559071005087 26.955000000000002 5 12.006340391021297
decision_type=9 9 2 2 8 8 9 1 9 8 10 2 9 2
left_child=3 5 -3 4 -1 -2 -7 8 10 -10 11 -5 -9 -14
right_child=1 2 -4 7 -6 6 -8 12 9 -11 -12 -13 13 -15
leaf_value=0.00063104741404981389 -6.7498539421669006e-06 0.0063925965343976437 -5.9731427328336245e-06 0.000415849048935012 0.0063974297756434423 -0.0011348792115714879 -0.00014333252673565621 0.00027591218193297754 7.4659060425677345e-06 -9.8396255017029694e-05 -0.00031839639765436054 0.0013160404045834085 5.1999924507357132e-05 -0.00050602404735711139
leaf_weight=253 826 45 4014 136 36 229 509 700 194 173 40 32 865 101
leaf_count=253 826 45 4014 136 36 229 509 700 194 173 40 32 865 101
internal_value=-6.99129e-05 -0.00108113 -0.000390759 0.00217323 0.0067474 -0.00285896 -0.00504065 0.00159304 -0.000974359 -0.0038992 0.00412844 0.00714286 0.00247017 0.000860656
internal_weight=8153 5623 4059 2530 289 1564 738 2241 575 367 208 168 1666 966
internal_count=8153 5623 4059 2530 289 1564 738 2241 575 367 208 168 1666 966
cat_boundaries=0 4 8 12 13 16 19
cat_threshold=3231826115 235438614 3273405568 4 101327624 6367296 536937220 18 67641344 2097152 260 16 609 66 100696580 1074274432 1082146945 134217746 52167680
is_linear=0
shrinkage=0.03


Tree=142
num_leaves=15
num_cat=1
split_feature=6 1 9 5 4 2 2 9 6 6 2 6 3 9
split_gain=5.33004 5.55567 5.56179 7.01313 6.99045 6.21959 6.48506 5.7366 5.89769 5.55348 5.5581 8.78415 6.02057 5.51226
threshold=-0.70671115642307469 0 4.1587609981435856 11.394141903617061 11.513385253499921 2004.5000000000002 2000.5000000000002 1.5246365202410106 -0.16915397603952617 -0.024592623589972714 2004.5000000000002 0.3635321550797857 11.766314960420305 4.2917591203807648
decision_type=8 1 2 8 8 2 2 2 10 10 2 10 2 2
left_child=-1 2 7 13 5 6 -5 -2 -9 -10 11 12 -11 -4
right_child=1 -3 3 4 -6 -7 -8 8 9 10 -12 -13 -14 -15
leaf_value=0.0043944415311141828 3.9083753793945725e-05 -1.8573415500227245e-05 0.00047798691880374632 -0.00014788556537687685 5.7785343279382969e-06 0.00025146114826966361 -0.00047146092522155864 0.00088678939753754956 -0.00097141726753504135 -1.1388603066620189e-05 0.00044584301397764068 -0.008324993267263851 -0.00040653545402885073 5.4116130921561219e-05
leaf_weight=89 82 3450 39 258 1443 39 59 79 111 222 65 30 32 2207
leaf_count=89 82 3450 39 258 1443 39 59 79 111 222 65 30 32 2207
internal_value=-0.000223035 -0.000303105 0.000372113 0.000778739 -0.000617009 -0.00438202 -0.00577287 -0.00227053 -0.00339518 -0.00469565 -0.00283668 -0.00464789 -0.00283465 0.00189671
internal_weight=8205 8116 4666 4045 1799 356 317 621 539 460 349 284 254 2246
internal_count=8205 8116 4666 4045 1799 356 317 621 539 460 349 284 254 2246
cat_boundaries=0 1
cat_threshold=906
is_linear=0
shrinkage=0.03


Tree=143
num_leaves=15
num_cat=4
split_feature=0 6 5 0 0 6 10 9 6 0 4 5 4 4
split_gain=16.1845 12.1505 7.00718 10.547 9.21023 9.02555 6.85204 6.78666 6.26535 6.6625 6.83825 6.91191 7.39983 6.19864
threshold=0 0.32887465309591507 9.9777365729693841 1 2 0.11566226310112883 20.249375000000004 6.6706012897824234 -0.52958449008407971 3 12.355487809295498 11.849586967092025 9.5199184666041869 8.7412159692378797
decision_type=9 10 10 9 9 10 2 2 8 9 10 10 10 8
left_child=1 2 4 5 -1 -4 7 -3 -2 10 11 12 -10 -6
right_child=8 6 3 -5 13 -7 -8 -9 9 -11 -12 -13 -14 -15
leaf_value=-0.00058255768253976379 0.003449632530579996 -0.011983001219677377 9.5921847341666402e-05 -4.8479833341255859e-05 0.0051551459414999751 -0.00060301102690006928 0.0001856511125749556 -0.003098756606167792 0.00034127685644989468 2.6326655627148184e-07 -0.00043508474343138538 0.0001883437842969211 1.7767521712736967e-05 -8.1458865467223975e-05
leaf_weight=235 100 31 578 726 39 65 42 76 333 3656 55 152 1410 648
leaf_count=235 100 31 578 726 39 65 42 76 333 3656 55 152 1410 648
internal_value=8.10214e-05 -0.00195918 -0.00142732 -6.57414e-05 -0.00344902 0.00271057 -0.0102685 -0.0142991 0.000955213 0.000824117 0.00223469 0.00254881 0.00201377 -0.00159254
internal_weight=8146 2440 2291 1369 922 643 149 107 5706 5606 1950 1895 1743 687
internal_count=8146 2440 2291 1369 922 643 149 107 5706 5606 1950 1895 1743 687
cat_boundaries=0 4 7 10 13
cat_threshold=822223626 10921160 710162693 1 285344002 2359424 168826881 268443906 2097152 536872960 2385626241 603998228 2148140032
is_linear=0
shrinkage=0.03


Tree=144
num_leaves=15
num_cat=7
split_feature=0 1 0 6 0 1 6 0 9 3 4 4 0 6
split_gain=18.7919 10.627 10.0587 9.43824 7.56943 7.84592 8.38589 6.67882 7.6044 7.20694 6.4064 6.25108 6.19501 7.30403
threshold=0 1 2 -0.29051556279133356 3 4 0.34741309400423775 5 9.6416673778275648 9.7570445913582322 9.0571309140274874 9.3348120907162535 6 0.0001835708207869047
decision_type=9 1 9 8 9 1 10 9 2 2 10 10 9 8
left_child=1 2 -1 -3 5 12 -7 8 -5 -9 -4 -12 13 -2
right_child=4 3 10 7 -6 6 -8 9 -10 -11 11 -13 -14 -15
leaf_value=-7.0391195921036323e-05 -4.775671602436991e-05 0.0031391079055001409 0.0016936066157193302 5.3188598248267534e-05 -8.9805287101264849e-06 -0.00013083574303334659 -0.0056598390141993377 0.00035914927641608779 -0.0008231200493961045 0.00011477614067513457 -0.00064033988822113333 4.6808482550548419e-05 -0.00022818492120108428 0.0002851954440379688
leaf_weight=377 87 74 56 744 4466 800 44 96 35 699 42 308 195 134
leaf_count=377 87 74 56 744 4466 800 44 96 35 699 42 308 195 134
internal_value=-0.000275837 0.00192954 -0.000945776 0.00329312 -0.00121339 -0.00325984 -0.00491803 0.00282084 0.000798479 0.00473292 0.00230769 0.000857143 0.000140845 0.00350649
internal_weight=8157 2431 783 1648 5726 1260 844 1574 779 795 406 350 416 221
internal_count=8157 2431 783 1648 5726 1260 844 1574 779 795 406 350 416 221
cat_boundaries=0 4 5 8 12 13 17 21
cat_threshold=2290106576 1459755556 53028248 6 736 8405120 1459617824 2097288 1610885664 139026688 603979776 17 652 8388608 33690116 17376656 4 264224 138420224 67108864 16
is_linear=0
shrinkage=0.03


Tree=145
num_leaves=15
num_cat=2
split_feature=6 1 10 10 7 1 8 7 3 7 5 2 7 10
split_gain=6.19557 9.50724 7.36669 7.62085 5.74303 5.55166 5.57623 6.14538 7.4563 6.00296 5.56879 5.36841 10.0051 10.6379
threshold=0.3635321550797857 0 11.315000000000003 26.040000000000003 -0.19454873426994543 1 11.737421464568504 -0.08915842449837362 12.301448730081782 -0.042781460093452843 12.099599782361294 1999.5000000000002 -0.12106230180923915 14.709000000000001
decision_type=10 1 2 2 10 1 2 10 2 10 10 2 10 2
left_child=5 2 -2 -4 -3 10 11 8 -8 -9 -1 -7 13 -13
right_child=1 4 3 -5 -6 6 7 9 -10 -11 -12 12 -14 -15
leaf_value=-8.1254996289189438e-06 -0.0025913886657762883 -0.0083030632303098921 0.0026372599192333729 -0.0013598579818936767 -0.0015828761791031086 4.9272878020006038e-06 -0.00061664330274485398 0.0009952852782892257 0.0010490179827892991 -1.0246226414194932e-05 -0.00039545504101831219 0.0049569807979907956 5.127058940325283e-05 0.0012000450698889061
leaf_weight=3048 30 33 64 35 199 1823 132 88 39 875 69 39 1611 89
leaf_count=3048 30 33 64 35 199 1823 132 88 39 875 69 39 1611 89
internal_value=0.000102765 -0.00373961 0.00280576 0.0069697 -0.00719008 0.000280302 0.000930727 -0.000899471 -0.00614035 3.11526e-05 -0.000700352 0.001516 0.00270845 0.0107812
internal_weight=8174 361 129 99 232 7813 4696 1134 171 963 3117 3562 1739 128
internal_count=8174 361 129 99 232 7813 4696 1134 171 963 3117 3562 1739 128
cat_boundaries=0 1 2
cat_threshold=728 240
is_linear=0
shrinkage=0.03


Tree=146
num_leaves=15
num_cat=1
split_feature=1 8 7 8 9 5 2 7 3 4 6 4 7 7
split_gain=5.29021 8.28023 8.68257 7.43638 8.28238 8.4136 8.79067 6.92485 6.78963 7.59057 7.96605 6.48734 6.47891 10.1561
threshold=0 11.737421464568504 0.067187291054702683 9.936621317907063 8.2003961842014625 9.8549273398808914 2005.5000000000002 -0.16150665039632181 10.002087762361473 9.9680338858685307 -0.26476653851356419 9.9795453756684616 -0.11638901106244635 -0.052663596295981822
decision_type=1 2 10 2 2 10 2 8 2 8 8 10 8 8
left_child=1 8 12 4 5 6 -2 -6 11 -10 -11 -1 -3 -14
right_child=3 2 -4 -5 7 -7 -8 -9 9 10 -12 -13 13 -15
leaf_value=2.4250407700834691e-06 -5.9221127658750613e-06 -0.0010409658359562266 -0.00053187807320333863 -3.7944272508096412e-05 0.0033450034085948485 0.00047613206231343782 -0.00029235261119117971 7.9399965613639588e-05 0.0017954535670744341 0.0042625035379310937 5.4108384684445706e-05 -0.0016394416699536357 0.0011758195828117529 -4.5768227727419585e-06
leaf_weight=601 1027 40 143 3055 50 91 180 548 39 53 1371 38 68 764
leaf_count=601 1027 40 143 3055 50 91 180 548 39 53 1371 38 68 764
internal_value=-7.43679e-05 0.000892229 -0.00133005 -0.00068333 0.000791139 -0.0005547 -0.0012179 0.00371237 0.00196955 0.00309638 0.00273876 -0.000610329 -0.000206422 0.000360577
internal_weight=8068 3117 1015 4951 1896 1298 1207 598 2102 1463 1424 639 872 832
internal_count=8068 3117 1015 4951 1896 1298 1207 598 2102 1463 1424 639 872 832
cat_boundaries=0 1
cat_threshold=526
is_linear=0
shrinkage=0.03


Tree=147
num_leaves=15
num_cat=7
split_feature=0 7 0 1 1 0 6 5 7 0 3 6 0 8
split_gain=14.767 12.6895 11.688 8.63631 7.25964 12.548 10.6093 7.64686 7.64197 6.40978 9.25905 10.7954 9.19546 6.80693
threshold=0 0.041248700717104299 1 2 3 4 -0.10145042146789417 10.933169465811364 -0.029946493812890825 5 10.314951259787483 0.0060964530757585686 6 10.177747494212214
decision_type=9 10 9 1 1 9 8 10 10 9 2 8 9 2
left_child=1 4 -3 -4 5 -1 -7 -8 -9 10 13 12 -12 -2
right_child=9 2 3 -5 -6 6 7 8 -10 -11 11 -13 -14 -15
leaf_value=0.00011798698021450851 4.0410487400972881e-05 -0.0013874618542667571 0.00060840618440317451 -0.00054733405983109864 -5.8933534992599788e-05 -0.0010157551351531644 0.00026900416493854127 -0.00095392308170735396 -7.0145207028326201e-06 2.996291078490037e-06 0.0004203638057580216 -9.6678809463557447e-05 3.1131083752378321e-05 0.00037904280078320473
leaf_weight=366 664 244 105 224 900 111 193 51 176 4081 110 482 303 79
leaf_count=366 664 244 105 224 900 111 193 51 176 4081 110 482 303 79
internal_value=7.04661e-05 -0.00191597 -0.00581152 -0.00185841 -0.000684474 0.00122381 -0.00171904 0.000428571 -0.00330396 0.000895444 0.00247573 0.000435754 0.00399516 0.00496635
internal_weight=8089 2370 573 329 1797 897 531 420 227 5719 1638 895 413 743
internal_count=8089 2370 573 329 1797 897 531 420 227 5719 1638 895 413 743
cat_boundaries=0 4 8 9 10 14 17 20
cat_threshold=755379744 1085810027 1310981 18 67248128 1084228866 1048580 16 224 539 201327616 1082131490 1048576 16 3224420561 285218944 1646416384 2147483712 268435456 33574912
is_linear=0
shrinkage=0.03


Tree=148
num_leaves=15
num_cat=5
split_feature=0 6 6 0 1 6 0 0 8 8 6 6 10 10
split_gain=18.367 8.18391 7.12668 6.80493 11.2668 9.07608 22.3902 19.4234 8.79347 8.0646 8.67345 6.53523 6.20004 6.85114
threshold=0 -0.70671115642307469 0.66980692387133633 1 2 0.00050167359054942306 3 4 11.142008378174401 10.238785613339031 -0.1331046120293706 0.050851464672887488 17.377500000000001 21.447500000000002
decision_type=9 8 10 9 1 8 9 9 2 2 10 10 2 2
left_child=2 -2 -1 -3 5 6 -5 -7 9 10 -8 12 -9 -14
right_child=1 3 -4 4 -6 7 8 11 -10 -11 -12 -13 13 -15
leaf_value=-5.4018169357956299e-05 0.0080030643882860394 2.6064404231227423e-05 -0.0057439436699631748 0.00052303279457019088 -2.8624921052712421e-05 0.00056670516503826173 0.00042220401748586337 -0.00038217239185701153 -0.00038167644482692438 0.00032233655598242112 -0.00067071924414181599 0.00029934715436164466 0.00010114748352589861 -0.0002462194600430579
leaf_weight=2226 55 2836 31 108 1848 211 52 35 47 113 101 231 63 107
leaf_count=2226 55 2836 31 108 1848 211 52 35 47 113 101 231 63 107
internal_value=0.000133929 0.0010263 -0.00215704 0.000917942 -0.000102529 0.00233766 -0.00106888 0.00459042 -0.00510836 -0.00315789 -0.00764706 0.000807175 -0.00307317 -0.000705882
internal_weight=8064 5807 2257 5752 2916 1068 421 647 313 266 153 436 205 170
internal_count=8064 5807 2257 5752 2916 1068 421 647 313 266 153 436 205 170
cat_boundaries=0 4 8 9 12 15
cat_threshold=1830990889 6309891 184828184 27 277152324 672633732 2757893220 4 19 4210688 1090520072 1073741824 34603264 48 107136
is_linear=0
shrinkage=0.03


Tree=149
num_leaves=15
num_cat=6
split_feature=0 6 0 7 7 0 7 0 6 1 6 6 0 3
split_gain=20.3142 8.72028 14.1426 9.3105 9.18882 8.66566 7.82244 7.58305 8.19896 6.94545 6.16868 8.3046 9.66067 8.81991
threshold=0 0.060262352591242248 1 0.20666396621761554 0.0042284468488911217 2 0.068781267654263192 3 0.3635321550797857 4 -0.013645370434382185 0.01277157387988659 5 9.813590031973991
decision_type=9 10 9 8 8 9 8 9 10 1 8 8 9 2
left_child=1 5 3 -3 -4 -1 -6 8 9 -2 -11 13 -13 -12
right_child=7 2 4 -5 6 -7 -8 -9 -10 10 11 12 -14 -15
leaf_value=1.472027196122549e-05 -0.00024046752228305018 0.00065022341980443905 0.00028910310129693972 -0.0010973617013609416 -0.0010679462176567782 0.0003603493169153234 -0.00041506633099141387 -5.7289690822870239e-06 -0.0028416384465638489 -0.00031067912654693137 -0.00020353329571584961 0.00024567864758694499 -0.00029071142349976946 0.00014290625131427773
leaf_weight=959 517 196 107 36 149 724 213 4148 67 345 37 229 256 165
leaf_count=959 517 196 107 36 149 724 213 4148 67 345 37 229 256 165
internal_value=7.36377e-06 0.00233083 -0.000470756 0.00545455 -0.00344468 0.00351159 -0.0058011 -0.00095601 -0.00269373 -0.00226598 -0.000806142 0.000829694 -0.00129897 0.00594059
internal_weight=8148 2384 701 232 469 1683 362 5764 1616 1549 1032 687 485 202
internal_count=8148 2384 701 232 469 1683 362 5764 1616 1549 1032 687 485 202
cat_boundaries=0 4 7 11 15 16 19
cat_threshold=3230489161 1209012608 824725507 12 1082918912 134217984 285736960 1082918920 134222208 271073280 8 537010432 612385864 167774952 3 448 256 16456 134220416
is_linear=0
shrinkage=0.03


Tree=150
num_leaves=15
num_cat=6
split_feature=0 6 6 1 0 1 0 4 2 0 9 4 2 10
split_gain=15.4064 7.34504 6.88929 7.81555 7.80847 8.26684 12.056 9.91825 8.29288 9.67093 9.94771 6.72437 7.20061 5.37814
threshold=0 -0.48044920820259834 0.3635321550797857 1 2 3 4 9.0995204807054666 2007.5000000000002 5 10.420655859027953 9.8269573366043232 1992.5000000000002 16.075000000000003
decision_type=9 10 10 1 9 1 9 8 2 9 2 8 2 2
left_child=1 11 4 -4 5 6 -2 -7 9 -9 -11 -1 -13 -10
right_child=2 -3 3 -5 -6 7 -8 8 13 10 -12 12 -14 -15
leaf_value=0.0071363440739511137 0.00018061558559333095 -4.3727041670876232e-05 -0.002941674610568718 4.4693033782635273e-05 1.715947023141998e-06 0.0021099467835315809 -0.00014136019585096713 0.00017586755740882698 0.0018597606972135924 3.86193686083481e-05 -0.0013333866007268717 0.00010012031288097174 -0.0022225093907029679 0.00034501105390020493
leaf_weight=47 245 2062 126 100 3196 78 361 720 30 892 61 110 40 67
leaf_count=47 245 2062 126 100 3196 78 361 720 30 892 61 110 40 67
internal_value=7.74431e-05 -0.00202292 0.00088685 -0.00424779 0.00109381 0.00236201 -0.000681818 0.00335845 0.00291525 0.0024208 0.000404984 0.00350254 0.0004 0.0114433
internal_weight=8135 2259 5876 226 5650 2454 606 1848 1770 1673 953 197 150 97
internal_count=8135 2259 5876 226 5650 2454 606 1848 1770 1673 953 197 150 97
cat_boundaries=0 4 5 9 10 14 17
cat_threshold=50347528 576061488 1141719511 18 290 3896066277 1277167110 676476416 1 672 2162720 134218752 671220736 1 1745436673 1142948864 1060864
is_linear=0
shrinkage=0.03


Tree=151
num_leaves=15
num_cat=8
split_feature=0 6 0 7 0 0 6 9 7 0 3 1 0 0
split_gain=18.3612 5.35088 4.81484 7.3633 8.52466 7.39989 7.36485 9.36822 6.95179 13.2766 8.1648 8.49403 20.6002 10.5333
threshold=0 0.3635321550797857 1 0.058879663837817293 2 3 0.0060964530757585686 5.3612568980943403 0.067187291054702683 4 8.8255598118844834 5 6 7
decision_type=9 10 9 8 9 9 8 2 10 9 2 1 9 9
left_child=-1 2 3 5 -5 -2 -6 -8 10 -10 -4 12 -12 -13
right_child=1 -3 8 4 6 -7 7 -9 9 -11 11 13 -14 -15
leaf_value=6.9049430973398918e-05 -0.00023606723265386768 -0.0014224818518819981 0.0018104610709679676 0.00035523011461282758 -0.0015048034640594344 -2.5750349954867987e-05 0.00055016659096009666 -0.00072024584275580622 0.00019867005798453676 -0.00066082647348808651 -7.1553294701804651e-05 1.9570043808017226e-05 0.0003763047666400894 -8.6094658159368591e-05
leaf_weight=2513 347 257 152 219 75 752 96 92 211 389 428 1006 469 1131
leaf_count=2513 347 257 152 219 75 752 96 92 211 389 428 1006 469 1131
internal_value=-7.00504e-05 -0.00102236 -0.000821688 -0.00220616 0.000871369 -0.00357598 -0.00274725 0.000319149 -0.000237092 -0.0032 0.000320151 -1.97759e-05 0.00241455 -0.00104797
internal_weight=8137 5624 5367 1581 482 1099 263 188 3786 600 3186 3034 897 2137
internal_count=8137 5624 5367 1581 482 1099 263 188 3786 600 3186 3034 897 2137
cat_boundaries=0 4 7 10 13 17 18 22 26
cat_threshold=3357327961 637780050 575932464 4 25311492 164626432 2311750 8196 135266304 2098752 8196 135266304 2097216 71304352 268 134217729 9 10 35717248 268436868 3355455881 26 35717152 268961668 3422556424 26
is_linear=0
shrinkage=0.03


Tree=152
num_leaves=15
num_cat=1
split_feature=8 3 6 2 7 10 4 7 7 6 3 1 10 7
split_gain=4.76495 3.8101 4.50289 4.16222 9.53701 7.82824 9.34037 7.33293 7.19052 6.69126 6.16769 5.74046 8.38095 5.44048
threshold=12.891691570652595 8.0594042983760321 0.027848199683140788 1994.5000000000002 0.0037516066717580014 7.4341666666666679 9.9912006718530062 0.016931539738040072 -0.0027541647178521696 1.0000000180025095e-35 11.666096992806844 0 24.710555555555562 0.0080112479753355909
decision_type=2 2 10 2 10 2 10 10 10 10 2 1 2 10
left_child=1 2 -1 4 8 6 -5 13 10 -10 -3 12 -9 -6
right_child=-2 3 -4 5 7 -7 -8 11 9 -11 -12 -13 -14 -15
leaf_value=0.00694923141757515 -0.00035138450636859191 -4.0078465308651945e-05 -0.00099244401541682243 0.0023356577818797741 -3.7181649906274591e-05 4.064764942834599e-06 0.00012077884506933187 -0.00012817080311009187 -6.1000102777227499e-07 8.9252550565802006e-05 0.00025696858591757899 0.00012211762946174202 -0.001317273385049268 -0.00064629035869496196
leaf_weight=63 65 1029 33 60 32 5999 217 150 33 42 172 108 70 47
leaf_count=63 65 1029 33 60 32 5999 217 150 33 42 172 108 70 47
internal_value=0.000243842 0.000309125 0.00625 0.000237467 -0.00108734 0.000592734 0.00552347 -0.005086 0.000188088 0.0092 -0.000374688 -0.00310976 -0.00573913 -0.0132911
internal_weight=8120 8055 96 7959 1683 6276 277 407 1276 75 1201 328 220 79
internal_count=8120 8055 96 7959 1683 6276 277 407 1276 75 1201 328 220 79
cat_boundaries=0 1
cat_threshold=122
is_linear=0
shrinkage=0.03


Tree=153
num_leaves=15
num_cat=7
split_feature=0 6 1 0 2 0 8 5 6 0 10 0 6 0
split_gain=15.7194 8.22447 7.1098 19.774 11.2076 10.427 8.16555 5.4169 6.44976 8.34136 5.94627 5.05503 5.00684 5.80615
threshold=0 0.41972370722271896 1 2 1996.5000000000002 3 10.939332597921405 9.710448587001089 0.099752205714184874 4 17.628750000000004 5 -0.06190059311134543 6
decision_type=9 10 1 9 2 9 2 8 10 9 2 9 8 9
left_child=1 12 3 7 -5 -4 -6 -2 9 -9 -10 -8 13 -1
right_child=2 -3 5 4 6 -7 11 8 10 -11 -12 -13 -14 -15
leaf_value=-0.00012395326379302098 -0.0014498021652774287 -0.0027559689489133708 -3.8194719997821856e-07 -2.6342806237261583e-05 0.00051749938394681178 -0.00010192133978801102 -6.9680246631867107e-05 0.00010408466599983032 -0.00013769951508856796 -0.00025520087304918912 0.0015711475893605783 6.9167473856601185e-05 1.6967425649471269e-05 0.001203817069942544
leaf_weight=118 134 80 1940 285 332 2131 107 107 53 336 46 165 1862 360
leaf_count=118 134 80 1940 285 332 2131 107 107 53 336 46 165 1862 360
internal_value=-6.70308e-05 0.00195062 -0.000935175 0.000780952 0.00370412 -0.0015952 0.0060596 -0.00306122 -0.00177122 -0.00331828 0.00515152 0.00220588 0.00228205 0.00502092
internal_weight=8056 2420 5636 1565 889 4071 604 676 542 443 99 272 2340 478
internal_count=8056 2420 5636 1565 889 4071 604 676 542 443 99 272 2340 478
cat_boundaries=0 4 5 9 13 17 20 23
cat_threshold=2300662977 2064155140 167920721 12 642 174124 74797120 2484666922 16 1346537516 70608208 269552420 18 131072 1310720 512 16 5242880 17 2107520 2162688 1627422720 134217728
is_linear=0
shrinkage=0.03


Tree=154
num_leaves=15
num_cat=1
split_feature=3 2 10 1 7 9 2 10 7 2 2 10 2 7
split_gain=3.98303 6.78997 4.00177 8.21495 15.2928 12.0055 16.2439 8.72724 18.2142 9.22057 18.3827 11.2638 9.63868 7.74814
threshold=8.0594042983760321 1996.5000000000002 26.845000000000002 0 0.0080112479753355909 5.0730943407582343 2002.5000000000002 24.946666666666669 -0.043952377790775536 2003.5000000000002 2002.5000000000002 21.587500000000002 2004.5000000000002 0.003376273315324863
decision_type=2 2 2 1 8 2 2 2 10 2 2 2 2 8
left_child=1 -1 3 4 5 6 -2 9 -9 10 11 -7 -11 -5
right_child=2 -3 -4 13 -6 7 -8 8 -10 12 -12 -13 -14 -15
leaf_value=0.011569807010558245 1.7438509761827542e-05 5.3490707887358097e-05 1.9986682287317354e-05 -6.5158138548915073e-05 -4.226685613210525e-05 0.00019055399291014548 -0.00047957599298489243 -0.0014488402105411649 0.00012847972678821972 0.0018042010401095379 -0.00073095562553680956 0.0010676768922491971 0.00041938267905947672 -1.7068247049170056e-06
leaf_weight=33 253 54 1333 898 2633 728 122 65 153 94 88 102 357 1150
leaf_count=33 253 54 1333 898 2633 728 122 65 153 94 88 102 357 1150
internal_value=0.000167431 0.00655172 9.77934e-05 -0.000203221 0.000501629 0.00250765 -0.00232 0.00364839 -0.00192661 0.00453616 0.00281046 0.00419277 0.00804878 -0.00177843
internal_weight=8063 87 7976 6643 4595 1962 375 1587 218 1369 918 830 451 2048
internal_count=8063 87 7976 6643 4595 1962 375 1587 218 1369 918 830 451 2048
cat_boundaries=0 1
cat_threshold=346
is_linear=0
shrinkage=0.03


Tree=155
num_leaves=15
num_cat=8
split_feature=0 0 3 4 4 0 2 0 0 1 5 6 0 0
split_gain=17.6954 9.514 7.72354 6.31785 6.27935 13.4488 13.058 12.6356 12.1698 8.57563 7.12957 6.245 18.4365 12.478
threshold=0 1 8.2236219951711558 8.3715880869100037 10.663241426316533 2 2001.5000000000002 3 4 5 11.118615384162393 0.039585429230005083 6 7
decision_type=9 9 2 8 8 9 2 9 9 1 8 8 9 9
left_child=4 3 -3 -2 5 -1 8 -8 10 -9 -6 13 -13 -4
right_child=1 2 11 -5 6 -7 7 9 -10 -11 -12 12 -14 -15
leaf_value=0.00062942504228287444 -0.0063906910149160671 0.011478789099757461 9.6348320058996307e-05 -0.00014259631187028899 0.00066190257935655201 2.0865376513508747e-05 -0.00030091735329130121 -0.00015438034308475762 0.00017495800599371571 0.00013922603317417058 -0.00011329980205159932 5.3927394424628741e-05 -0.00036766592932421452 -1.095130340491419e-05
leaf_weight=369 36 31 939 552 40 804 221 103 521 160 196 828 1072 2220
leaf_count=369 36 31 939 552 40 804 221 103 521 160 196 828 1072 2220
internal_value=8.1562e-05 -0.000833333 -0.000411765 -0.00441472 0.00222772 0.00381074 0.000749396 -0.00309917 0.00321004 0.00142857 -0.00243902 -0.000504052 -0.00186316 0.00031339
internal_weight=8092 5678 5090 588 2414 1173 1241 484 757 263 236 5059 1900 3159
internal_count=8092 5678 5090 588 2414 1173 1241 484 757 263 236 5059 1900 3159
cat_boundaries=0 4 8 11 14 17 18 22 26
cat_threshold=3760735380 75530896 2770564258 16 277312 64 4 8 1075856388 512 2126848 2097152 33296 2149594144 541844 8388608 21506 641 173113346 425417004 1074528264 2 92274689 1747190786 37782337 4
is_linear=0
shrinkage=0.03


Tree=156
num_leaves=15
num_cat=8
split_feature=0 1 7 0 3 1 0 0 7 8 0 0 8 10
split_gain=18.3396 11.1106 9.62938 9.2438 7.93526 7.65854 27.6655 15.5175 16.7491 10.7674 9.56937 9.14344 9.60417 7.33594
threshold=0 1 -0.4502710439449164 2 8.9868217425135288 3 4 5 -0.0010619683674346623 9.6624412394090715 6 7 12.420623380705321 21.520000000000007
decision_type=9 1 8 9 2 1 9 9 8 2 9 9 2 2
left_child=1 3 -2 4 13 6 -4 9 10 -7 -9 12 -10 -1
right_child=2 -3 5 -5 -6 7 -8 8 11 -11 -12 -13 -14 -15
leaf_value=-0.00061507902740841824 0.011598677664461087 2.0090774333948259e-06 7.44568249739558e-05 -2.4473140011353383e-05 -0.00068756032338037113 0.00080473561992871361 -0.00018942633769809336 -1.0577948168970309e-05 -8.5488490751248563e-05 8.3588188174518732e-05 0.00027720290719949775 1.0774086390148708e-05 -0.000794299195784871 0.00111201477047489
leaf_weight=119 33 1251 584 706 427 248 646 358 766 1399 572 903 31 50
leaf_count=119 33 1251 584 706 427 248 646 358 766 1399 572 903 31 50
internal_value=0.000144569 -0.00195474 0.00111351 -0.0038872 -0.00663366 0.0010187 -0.00106452 0.00161652 0.000181818 0.00389258 0.00341935 -0.00158824 -0.00390335 -0.0012426
internal_weight=8093 2553 5540 1302 596 5507 1230 4277 2630 1647 930 1700 797 169
internal_count=8093 2553 5540 1302 596 5507 1230 4277 2630 1647 930 1700 797 169
cat_boundaries=0 4 5 9 10 13 17 20 23
cat_threshold=705051168 673748242 1006961158 17 354 33695744 136348672 67436550 16 672 7405578 18038989 2164395073 279987653 1409286696 33559032 12 32770 5455936 2165965825 1095303176 42287172 1090569217
is_linear=0
shrinkage=0.03


Tree=157
num_leaves=15
num_cat=6
split_feature=0 6 7 0 1 5 5 7 0 0 6 2 6 0
split_gain=13.256 8.30523 6.0478 16.0788 7.97516 9.52418 9.3281 7.50088 9.68524 9.27164 6.91444 6.88666 6.30194 6.12032
threshold=0 -0.52958449008407971 0.052680257828912953 1 2 9.7574496370926855 9.6838378206532862 0.019259115902703797 3 4 0.029541410376526581 1999.5000000000002 -0.022015434916530904 5
decision_type=9 8 8 9 1 8 8 10 9 9 10 2 10 9
left_child=1 -1 7 -4 5 -5 11 8 -3 -9 12 -6 -11 -8
right_child=-2 2 3 4 6 -7 13 9 -10 10 -12 -13 -14 -15
leaf_value=0.0033650809927873956 1.0427672784431504e-05 -0.0001042608409132587 -0.0017669146321213473 0.00056898329872752168 -0.0031383358528730173 -0.00066814593867713914 -2.7913438542995648e-05 -0.00020223897443903162 -6.6132352679039262e-06 0.00063277771187718324 8.1266401291319663e-05 -4.3547785141051574e-05 0.0005425166571824461 0.00042082027283838852
leaf_weight=69 5786 326 219 61 34 185 107 103 825 42 124 48 64 141
leaf_count=69 5786 326 219 61 34 185 107 103 825 42 124 48 64 141
internal_value=-8.85173e-05 -0.00198473 -0.00230364 -0.00441509 -0.00163823 -0.005625 0.00141176 -0.00117251 -0.00231972 0.00279279 0.006 -0.00731707 0.0118868 0.00435484
internal_weight=8134 2348 2279 795 576 246 330 1484 1151 333 230 82 106 248
internal_count=8134 2348 2279 795 576 246 330 1484 1151 333 230 82 106 248
cat_boundaries=0 4 8 9 13 16 19
cat_threshold=876625696 2171936 1312461444 24 67110912 2163712 36864 16 464 9760 8224 1073872896 8 4194304 0 69206656 268435488 0 135922176
is_linear=0
shrinkage=0.03


Tree=158
num_leaves=15
num_cat=5
split_feature=0 6 6 0 0 2 0 4 5 4 6 5 0 3
split_gain=15.7062 7.04031 6.54166 12.04 11.7072 8.70919 9.66092 8.16157 6.52214 7.08848 6.24168 6.09139 6.77232 6.37518
threshold=0 -0.52958449008407971 0.010428789344447688 1 2 1999.5000000000002 3 11.266660372154954 11.86608969572797 12.318322605345511 0.0048813665908546975 10.79675524186 4 11.355774454890312
decision_type=9 8 8 9 9 2 9 8 8 10 10 10 9 2
left_child=2 -2 4 5 8 7 -7 -4 11 -10 -6 12 -1 -13
right_child=1 -3 3 -5 10 6 -8 -9 9 -11 -12 13 -14 -15
leaf_value=-1.3869779046824125e-05 0.0030522166544539498 -1.941299502049435e-05 0.00080251516385675212 -0.00015447136830967382 -4.6999189797116695e-06 -0.00017863905726390349 0.00036930937041007583 1.3406682188027573e-05 -0.00025718506933271253 0.00014021418097395411 0.00016191628141029271 0.0011449787487543784 0.00063615786797440691 9.6012178945500949e-06
leaf_weight=128 132 5676 158 723 493 111 118 100 83 50 32 91 164 85
leaf_count=128 132 5676 158 723 493 111 118 100 83 50 32 91 164 85
internal_value=-0.000103143 -0.000938467 0.00196931 0.000446281 0.00362345 0.00404427 -0.000131004 0.00790698 0.00643208 0.000676692 0.000280374 0.00820513 0.00554795 0.0126136
internal_weight=8144 5808 2336 1210 1126 487 229 258 601 133 525 468 292 176
internal_count=8144 5808 2336 1210 1126 487 229 258 601 133 525 468 292 176
cat_boundaries=0 4 7 11 14 18
cat_threshold=3491840713 1150951427 2453955624 5 640 77209603 2151687168 2418081865 1073741824 302268456 5 0 1048579 2147492864 268435528 1073741824 16384 1
is_linear=0
shrinkage=0.03


Tree=159
num_leaves=15
num_cat=5
split_feature=0 8 0 5 6 6 1 0 5 3 4 5 5 0
split_gain=17.8599 7.06654 6.12627 9.55227 7.07886 5.64743 5.05065 6.27876 5.783 8.6936 6.02244 4.79695 5.88523 5.01691
threshold=0 8.1122245947326395 1 9.710448587001089 -0.42672018232967796 -0.60669570726644018 2 3 11.095096736506482 10.91069701623017 11.68619786452658 8.3715880869100037 8.6915665748331623 4
decision_type=9 2 9 10 8 8 1 9 8 2 8 8 8 9
left_child=1 -1 3 -3 -4 -2 7 -6 9 -9 -10 -7 -13 -14
right_child=5 2 4 -5 6 11 -8 8 10 -11 -12 12 13 -15
leaf_value=0.003031097700674256 0.0059634209162061037 -0.0014344465914043981 0.0031725620633701566 -2.0951632598351371e-05 2.5513085973352838e-06 -0.0023652945636201462 -1.2527966789346542e-05 -0.00045743895691659285 -0.0010536382117837494 7.2692485428344739e-05 -0.00037333444045007871 0.0011707763213528271 4.8752411464959154e-05 3.7130841228371259e-06
leaf_weight=51 82 134 45 210 227 50 1066 281 51 36 95 68 1967 3724
leaf_count=51 82 134 45 210 227 50 1066 281 51 36 95 68 1967 3724
internal_value=0.000100161 -0.00220308 -0.00247552 -0.00610169 -0.00173937 0.000960854 -0.00205011 -0.00402857 -0.00602537 -0.00388013 -0.0110959 0.000852126 0.000932454 0.000827623
internal_weight=8087 2196 2145 344 1801 5891 1756 690 463 317 146 5809 5759 5691
internal_count=8087 2196 2145 344 1801 5891 1756 690 463 317 146 5809 5759 5691
cat_boundaries=0 4 6 7 11 15
cat_threshold=857256740 1118830856 744509698 10 822096640 2097152 420 34603008 1048576 603996418 2 2294300890 805478422 295972 20
is_linear=0
shrinkage=0.03


Tree=160
num_leaves=15
num_cat=1
split_feature=6 1 5 5 2 7 10 3 6 6 10 6 5 5
split_gain=7.16848 4.62144 8.12957 6.86043 9.54909 7.07994 8.36941 5.6494 5.57143 10.8464 8.43273 5.8444 6.23844 8.7236
threshold=-1.0446089836042309 0 8.9871343167553999 10.559672437361581 2000.5000000000002 0.11640196325161913 20.565208333333334 10.180891984117229 -0.013645370434382185 -0.049055245067447288 13.605000000000002 0.0055059616850865476 11.394141903617061 11.686420674372577
decision_type=8 1 10 10 2 10 2 2 10 10 2 10 10 10
left_child=-1 2 -2 4 7 6 -6 -4 9 10 -5 -10 -13 -14
right_child=1 -3 3 8 5 -7 -8 -9 11 -11 -12 12 13 -15
leaf_value=0.011273042650978822 -9.8897302151797843e-05 -3.4958994735288056e-06 -1.7818656946637228e-05 0.00093540924664001874 0.00083745007091995144 -0.00017031317265675414 0.00029441806531825944 0.00055256944086039326 1.6619504389617609e-05 -0.00057253106721638885 -0.0006113042306419565 0.00015955482830163113 -0.00070029913925724586 6.5044951536563596e-05
leaf_weight=31 285 6593 321 56 95 55 183 83 102 67 59 170 56 36
leaf_count=31 285 6593 321 56 95 55 183 83 102 67 59 170 56 36
internal_value=0.000117187 6.24923e-05 0.00152091 0.00254871 0.00443691 0.0081982 0.0101439 0.00133663 0 -0.00428571 0.00130435 0.00214286 -0.000229008 -0.00652174
internal_weight=8192 8161 1568 1283 737 333 278 404 546 182 115 364 262 92
internal_count=8192 8161 1568 1283 737 333 278 404 546 182 115 364 262 92
cat_boundaries=0 1
cat_threshold=6
is_linear=0
shrinkage=0.03


Tree=161
num_leaves=15
num_cat=4
split_feature=0 7 0 4 10 1 7 9 9 4 0 9 9 7
split_gain=12.1219 6.47184 14.8041 9.91432 9.58235 8.03414 10.0077 8.12644 9.21176 7.105 6.41505 5.23008 7.75 6.36915
threshold=0 0.0076632568247738684 1 11.107600337953032 18.235000000000003 2 0.025806180073035371 6.6706012897824234 4.5849164556591502 12.355487809295498 3 4.3411288490906221 8.2625886180050205 0.038209388457569833
decision_type=9 8 9 10 2 1 8 2 2 8 9 2 2 10
left_child=1 2 3 10 11 6 -6 8 -7 -8 -1 -3 -13 -14
right_child=-2 4 -4 -5 5 7 9 -9 -10 -11 -12 12 13 -15
leaf_value=-0.00012846825807052181 -9.2989701956447054e-06 -0.0005783747531013624 0.0005670433733666715 -0.00011220321603967071 -3.1691570883383872e-05 5.9097363857715366e-06 0.00068068109861048787 0.00010272429445893637 -0.0013364352561645281 -0.00012280272601859258 9.2661510597060671e-05 4.9905300557995732e-05 -2.28880275688648e-06 -0.0011510312192300712
leaf_weight=106 5777 31 497 204 83 85 249 288 60 42 215 248 106 142
leaf_count=106 5777 31 497 204 83 85 249 288 60 42 215 248 106 142
internal_value=0.000143858 0.00195266 0.00375734 0.000168224 0.000584708 0.00263941 0.00578125 -0.00020316 -0.006 0.0085567 0.00345794 -0.00256167 -0.00181452 -0.00556452
internal_weight=8133 2356 1022 525 1334 807 374 433 145 291 321 527 496 248
internal_count=8133 2356 1022 525 1334 807 374 433 145 291 321 527 496 248
cat_boundaries=0 3 6 7 9
cat_threshold=2147766809 215259398 541904957 279040 205527296 541605924 684 0 138418176
is_linear=0
shrinkage=0.03


Tree=162
num_leaves=15
num_cat=2
split_feature=4 1 7 7 9 6 7 9 7 10 1 10 6 9
split_gain=5.94752 4.73636 15.7717 8.91325 8.00333 6.5349 5.43194 10.7802 10.8602 11.0155 6.66835 10.2015 7.78735 6.01992
threshold=12.959425531988886 0 0.0026687593786376422 -0.0019793116366719761 10.505761626459433 0.014437987306569868 -0.040810797818665361 6.2774672016845807 -0.063926946164128737 14.709000000000001 1 24.477777777777778 -0.034354031212531659 3.1753381353493428
decision_type=10 1 8 10 2 8 8 2 10 2 1 2 10 2
left_child=1 6 3 -3 -5 -4 7 8 9 -1 11 -9 -12 -11
right_child=-2 2 5 4 -6 -7 -8 10 -10 13 12 -13 -14 -15
leaf_value=0.0016688414052934742 -0.00084313066484021835 -7.6018422981548173e-05 5.057879586792859e-05 -9.2372579318451547e-06 -2.3013935677451702e-05 -1.4302667861876181e-05 -3.7933293410505072e-07 0.001401879591336225 0.00068476667809430625 -0.0014951983806938689 -0.00070558339572960964 -0.00024006636563279551 0.00097078311854745789 -0.00083719516037861533
leaf_weight=30 32 1132 682 200 40 1172 4045 375 63 43 84 65 34 162
leaf_count=30 32 1132 682 200 40 1172 4045 375 63 43 84 65 34 162
internal_value=-0.000216938 -0.000166113 -0.00105686 -0.00349854 -0.00875 0.000744337 0.000421503 0.00259346 -0.00201342 -0.00497872 0.00505376 0.00666667 -0.00140625 -0.00746341
internal_weight=8159 8127 3226 1372 240 1854 4901 856 298 235 558 440 118 205
internal_count=8159 8127 3226 1372 240 1854 4901 856 298 235 558 440 118 205
cat_boundaries=0 1 2
cat_threshold=286 266
is_linear=0
shrinkage=0.03


Tree=163
num_leaves=15
num_cat=1
split_feature=6 1 8 10 6 5 4 5 3 8 6 9 6 3
split_gain=5.87141 2.8521 5.83957 7.92524 10.1572 7.01168 8.98111 7.30679 7.39867 8.76067 8.67594 5.65774 6.25093 5.00981
threshold=-1.0446089836042309 0 11.737421464568504 27.255000000000006 -0.012171400403822473 9.7360151916030642 9.6957250956843932 10.074811337151495 10.14784449334862 10.267978928077605 0.023929203468267882 2.894245601291578 -0.20783449970626575 11.796162672613235
decision_type=8 1 2 2 10 8 10 8 2 2 8 2 10 2
left_child=-1 2 5 13 -5 6 11 -7 10 -10 -9 -2 -13 -4
right_child=1 -3 3 4 -6 7 -8 8 9 -11 -12 12 -14 -15
leaf_value=0.01161309570542156 -0.0013457182772806302 -1.5110099552245246e-05 -0.00011736496503128878 -0.001067705951751252 -4.6347840609869421e-05 0.00041837562944224764 -0.00099329747125329222 -0.00059489927321848481 0.00029788986168600583 2.0427868011456822e-05 0.00037643602191571692 0.0032614557100396212 -2.181670093050673e-05 -4.7809271767529269e-08
leaf_weight=36 39 4708 95 47 75 214 58 80 73 1485 85 37 289 852
leaf_count=36 39 4708 95 47 75 214 58 80 73 1485 85 37 289 852
internal_value=-0.000422122 -0.000475605 0.000183193 -0.00165575 -0.00885246 0.00101695 -0.00248227 0.0017811 0.00113175 0.0017715 -0.00490909 -0.000739726 0.000552147 -0.000728617
internal_weight=8173 8137 3429 1069 122 2360 423 1937 1723 1558 165 365 326 947
internal_count=8173 8137 3429 1069 122 2360 423 1937 1723 1558 165 365 326 947
cat_boundaries=0 1
cat_threshold=15
is_linear=0
shrinkage=0.03


Tree=164
num_leaves=15
num_cat=6
split_feature=0 0 3 4 7 1 7 0 7 0 10 2 0 10
split_gain=22.4051 6.15018 10.1408 10.2643 6.0049 5.84259 11.7671 11.2949 8.84328 7.55155 7.50977 7.1567 6.8019 6.04503
threshold=0 1 12.237178737780711 12.180983003597877 0.025035794005555004 2 0.013058337482910078 3 0.085564027485142816 4 23.735000000000003 1995.5000000000002 5 19.785000000000004
decision_type=9 9 2 10 10 1 8 9 8 9 2 2 9 2
left_child=-1 2 3 5 -4 6 9 8 11 -2 -10 -7 -8 -13
right_child=1 -3 4 -5 -6 7 12 -9 10 -11 -12 13 -14 -15
leaf_value=-4.7961140596944111e-05 0.00011475696454902011 1.6392766046060298e-06 -3.8161246382724209e-05 0.0020644151390926588 -0.0011268142732642579 -0.0002855252590584738 0.00037338401023976833 0.00034072125357294074 -0.00068664878492800897 -0.00016767606293687786 0.0004850621706588509 0.00072177036603914197 4.7274968871931391e-06 5.0233701589448232e-05
leaf_weight=2583 132 3092 63 30 50 117 122 671 162 271 58 186 233 345
leaf_count=2583 132 3092 63 30 50 117 122 671 162 271 58 186 233 345
internal_value=-7.02403e-05 0.00100686 0.00213061 0.00256554 -0.00663717 0.00233783 0.00015625 0.00338928 0.00109339 -0.00334988 -0.00409091 0.00287037 0.00414085 0.00435028
internal_weight=8115 5532 2440 2327 113 2297 758 1539 868 403 220 648 355 531
internal_count=8115 5532 2440 2327 113 2297 758 1539 868 403 220 648 355 531
cat_boundaries=0 4 8 9 13 16 20
cat_threshold=659827736 2322498 2248550532 22 2292404423 1736968736 273187080 9 180 134430721 587727360 272662536 1 81920 1140851200 4227072 134365184 16777216 268468224 1
is_linear=0
shrinkage=0.03


Tree=165
num_leaves=15
num_cat=1
split_feature=1 7 5 4 10 3 3 9 3 3 7 7 5 9
split_gain=5.103 8.83238 4.75804 10.5499 4.68175 4.5074 16.5536 6.08385 6.14588 8.11361 14.1607 7.76363 6.54123 5.96946
threshold=0 0.15677421318500032 9.8256881469376971 9.3797033267148997 29.720000000000002 10.948277033114666 10.91069701623017 11.344278677517442 10.104180974176009 10.648028638891541 0.0067638836501715547 0.052680257828912953 10.761608575822711 8.1307938357063509
decision_type=1 10 10 10 2 2 2 2 2 2 8 8 8 2
left_child=1 5 3 -3 -2 6 7 8 -1 12 -11 -12 13 -10
right_child=4 2 -4 -5 -6 -7 -8 -9 9 10 11 -13 -14 -15
leaf_value=1.1912407095814579e-06 1.5410724813579023e-06 -0.0040243868578859199 -0.0027258156199143385 0.00031043609619966388 0.0011500720601514845 -2.282354482946281e-05 0.0003880838061853631 0.0010086065133015627 8.0873027415583919e-05 0.000646361903839017 -0.0009551414172486194 8.2981060843338123e-05 -0.0031566821995682795 -0.00074441914576596014
leaf_weight=1145 5833 74 35 56 30 382 47 38 124 63 33 56 55 178
leaf_count=1145 5833 74 35 56 30 382 47 38 124 63 33 56 55 178
internal_value=-0.000290833 -0.00148955 -0.00818182 -0.00553846 0.000178784 -0.000975955 -0.000327775 -0.000815603 -0.00108827 -0.00383104 0.00197368 -0.00573034 -0.00630252 -0.00456954
internal_weight=8149 2286 165 130 5863 2121 1739 1692 1654 509 152 89 357 302
internal_count=8149 2286 165 130 5863 2121 1739 1692 1654 509 152 89 357 302
cat_boundaries=0 1
cat_threshold=800
is_linear=0
shrinkage=0.03


Tree=166
num_leaves=15
num_cat=5
split_feature=0 0 7 2 9 1 0 0 3 7 7 5 9 7
split_gain=16.8795 7.09872 7.53413 8.90675 7.18863 6.35241 18.0676 15.3068 8.75086 10.5352 8.31071 7.37887 6.84468 6.57744
threshold=0 1 -0.18326412077226403 2003.5000000000002 8.32716737176648 2 3 4 9.5902141210617486 0.18367099632679376 -0.066426536658433996 9.0286983252390733 7.5077684074533613 -0.025481874346094276
decision_type=9 9 8 2 2 1 9 9 2 10 10 10 2 10
left_child=-1 -2 3 4 -3 6 11 10 -9 -10 12 -4 -7 -12
right_child=1 2 5 -5 -6 7 -8 8 9 -11 13 -13 -14 -15
leaf_value=-4.6381120527831858e-05 4.1470251025934483e-05 -0.00025719316208852095 0.00034876709074243125 0.0047026654401635826 0.0044991903301010014 -0.00092296161765341759 -0.00013695464070332094 0.00061109300300234289 3.1378445512893168e-05 -0.0031138346348169896 0.00062770904982139609 1.9399717000567265e-05 -0.00064456745867516238 -8.0191210849420014e-05
leaf_weight=2524 1531 73 100 32 39 75 1217 148 1090 49 95 467 131 570
leaf_count=2524 1531 73 100 32 39 75 1217 148 1090 49 95 467 131 570
internal_value=-0.00033534 0.000581127 -7.32422e-05 0.00666667 0.00267857 -0.000319635 -0.0016388 0.000774908 0.00284503 0.00197542 -0.0022815 0.00275563 -0.00757282 -0.000676692
internal_weight=8141 5617 4086 144 112 3942 1784 2158 1287 1139 871 567 206 665
internal_count=8141 5617 4086 144 112 3942 1784 2158 1287 1139 871 567 206 665
cat_boundaries=0 4 8 9 12 15
cat_threshold=558900236 1365401688 1783374598 1 3626261136 546406401 1032 16 232 67108898 267010 2434924544 67108898 33821440 2434959377
is_linear=0
shrinkage=0.03


Tree=167
num_leaves=15
num_cat=7
split_feature=0 0 6 6 1 0 7 8 0 0 7 8 2 1
split_gain=19.1631 6.07355 9.03415 5.96737 5.16821 14.3291 8.17666 7.5008 11.8617 10.2946 8.68743 7.30399 10.5263 6.02594
threshold=0 1 -0.70671115642307469 -0.25296294129871372 2 3 0.085564027485142816 9.7128068569799044 4 5 -0.019113280775765681 9.3355906453205719 1997.5000000000002 6
decision_type=9 9 8 8 1 9 10 2 9 9 8 2 2 1
left_child=3 -2 -3 -1 5 -5 -7 8 -6 13 -11 12 -10 -9
right_child=1 2 -4 4 7 6 -8 9 11 10 -12 -13 -14 -15
leaf_value=0.0021337727854915038 -5.1744787031652541e-05 0.0096223569778526499 -3.2165329341888628e-06 8.1420543804974159e-07 -1.9172724615647232e-05 0.00058045546610392164 -0.00044307905612844085 -2.7254291164722846e-05 0.00025327622941236219 0.00064565131916023916 1.3610964325993595e-05 0.0012656372245106551 -1.8538692630964438e-05 -0.00031182763200197363
leaf_weight=150 1854 33 3517 482 214 356 57 397 45 109 519 114 50 257
leaf_count=150 1854 33 3517 482 214 356 57 397 45 109 519 114 50 257
internal_value=0.000139809 -0.000897673 -0.000168539 0.00217391 0.00184615 0.00367956 0.0077305 0.000857143 0.00432624 -0.000280811 0.00244514 0.00917808 0.00347368 -0.00289157
internal_weight=8154 5404 3550 2750 2600 895 413 1705 423 1282 628 209 95 654
internal_count=8154 5404 3550 2750 2600 895 413 1705 423 1282 628 209 95 654
cat_boundaries=0 4 8 9 13 17 21 22
cat_threshold=2552250563 1520372228 4340256 21 33668652 6309002 671137798 2 14 402669568 43450372 4329504 20 2 33687556 4196864 16 2415935619 1477706240 8192 5 177
is_linear=0
shrinkage=0.03


Tree=168
num_leaves=15
num_cat=7
split_feature=0 0 1 5 6 0 5 8 4 8 1 0 0 6
split_gain=17.8036 8.25905 9.68095 8.24661 6.94025 8.13565 10.7065 6.09455 5.9573 6.93333 5.74329 10.0692 9.05464 9.47591
threshold=0 1 2 11.309468092157685 -0.056781345190817227 3 11.849586967092025 12.00556737583217 9.7364879489955722 10.188782663378964 4 5 6 -0.42672018232967796
decision_type=9 9 1 10 8 9 8 2 10 2 1 9 9 8
left_child=4 2 -2 -4 5 -1 8 -8 -7 -10 12 -12 -3 -14
right_child=1 10 3 -5 -6 6 7 -9 9 -11 11 -13 13 -15
leaf_value=0.0015499592213475276 0.00029755975301805137 4.9149357341275676e-05 -5.1833632783300066e-05 -0.00022237249068499088 1.4385121221970921e-05 0.0026450727184638141 -0.0032980882261508739 0.000956823434401491 -0.00058994355987286281 0.00083543753448736319 -0.00017589905780917661 1.1434954749350251e-06 0.0053294428500055974 -4.1393985478341856e-05
leaf_weight=112 106 1279 630 147 1695 68 30 31 65 130 1024 1330 32 1434
leaf_count=112 106 1279 630 147 1695 68 30 31 65 130 1024 1330 32 1434
internal_value=-9.24442e-05 -0.000931242 -0.00359462 -0.00476493 0.00225596 0.0056422 0.00287425 -0.00836066 0.00558935 0.00292308 -0.000463887 -0.00154822 0.00046824 -0.00113821
internal_weight=8113 5982 883 777 2131 436 324 61 263 195 5099 2354 2745 1466
internal_count=8113 5982 883 777 2131 436 324 61 263 195 5099 2354 2745 1466
cat_boundaries=0 4 7 8 12 13 17 21
cat_threshold=2348882515 1115775078 570431036 4 1879351560 22544384 256 532 134217792 65540 4624 4 457 10633380 1008992392 1231814658 16 27410596 1008730248 3445882882 18
is_linear=0
shrinkage=0.03


Tree=169
num_leaves=15
num_cat=6
split_feature=0 0 5 6 0 6 9 6 6 0 0 6 6 1
split_gain=14.8344 5.79412 6.25508 8.16744 7.95002 7.67768 7.32161 5.42938 6.27269 18.3104 11.5318 10.4392 9.13817 6.9934
threshold=0 1 10.748056680366862 -0.0032031950124746795 2 -0.070392369331992541 2.894245601291578 -0.52958449008407971 0.0001835708207869047 3 4 0.0021234117517119348 -0.0053700948267554329 5
decision_type=9 9 8 10 9 10 2 8 10 9 9 10 10 1
left_child=-1 2 3 4 -2 -6 -4 -3 9 -9 -10 -12 -11 -13
right_child=1 7 6 -5 5 -7 -8 8 10 12 11 13 -14 -15
leaf_value=3.9510561935818928e-05 0.0005206178626937293 0.0042915948772606939 0.0001058091627539772 -0.00023464130289710419 -0.00095100225454848055 3.8835517763070113e-05 -3.6521604293777498e-05 -0.00022314376884357193 7.7078556806732391e-05 3.8492718664946275e-05 0.00060803412189428636 -0.00028645013583059503 -9.5902212715005353e-06 2.3309300591691252e-06
leaf_weight=2391 215 62 45 562 136 92 1056 392 632 1105 31 320 163 904
leaf_count=2391 215 62 45 562 136 92 1056 392 632 1105 31 320 163 904
internal_value=7.40192e-06 -0.000822707 -0.00206994 -0.00379104 -0.000744921 -0.00453782 -0.000517711 -9.11854e-05 -0.000245278 -0.00159036 0.000937997 -0.000735178 0.000187793 -0.00117647
internal_weight=8106 5715 2106 1005 443 228 1101 3609 3547 1660 1887 1255 1268 1224
internal_count=8106 5715 2106 1005 443 228 1101 3609 3547 1660 1887 1255 1268 1224
cat_boundaries=0 4 8 12 15 18 19
cat_threshold=3221570499 562696860 1610815744 14 588299296 2383939 2523398661 1 3104 64 2422210565 1 4 104859680 9346 524292 373295136 134227010 324
is_linear=0
shrinkage=0.03


Tree=170
num_leaves=15
num_cat=6
split_feature=0 0 2 2 1 7 0 0 7 9 4 1 8 4
split_gain=15.8986 7.08642 5.88589 9.03951 5.06162 5.70386 6.79614 6.52703 5.25576 4.86423 4.8363 7.58143 5.27685 5.15703
threshold=0 1 2005.5000000000002 2004.5000000000002 2 -0.015093531091321387 3 4 0.10624265761138042 6.5483975376398869 11.295011950993063 5 9.5935266971851103 10.798483141313527
decision_type=9 9 2 2 1 10 9 9 10 2 10 1 2 8
left_child=-1 2 3 4 8 6 -6 -7 -2 -5 11 13 -13 -8
right_child=1 -3 -4 9 5 7 10 -9 -10 -11 -12 12 -14 -15
leaf_value=4.2440016339906323e-05 -2.0542566359753371e-05 -3.2590409244433475e-06 -0.00055183020957951423 0.001651073955421819 -0.0003218000471503436 -0.0014191871628269294 0.00031892723220787369 -0.00014620885025587032 0.0018699771178717713 7.8931934954207283e-05 0.00092563215853313672 0.00036265454839606821 -0.00089385723268910232 0.0012988806289631861
leaf_weight=2459 241 4269 250 32 112 100 82 365 36 49 51 44 58 30
leaf_count=2459 241 4269 250 32 112 100 82 365 36 49 51 44 58 30
internal_value=-8.07043e-05 -0.000947809 -0.00275342 -0.0019 -0.00260054 -0.00373239 -0.00103448 -0.006 0.000940767 0.00777778 0.00163636 -0.000280374 -0.00589286 0.00491803
internal_weight=8178 5719 1450 1200 1119 842 377 465 277 81 265 214 102 112
internal_count=8178 5719 1450 1200 1119 842 377 465 277 81 265 214 102 112
cat_boundaries=0 4 8 9 12 15 16
cat_threshold=2157989906 110179185 2235704464 5 1614850624 543703040 269287942 8 657 43008 4194304 262146 536870976 537395200 327680 288
is_linear=0
shrinkage=0.03


Tree=171
num_leaves=15
num_cat=5
split_feature=0 7 7 0 1 0 7 9 7 4 9 3 3 0
split_gain=17.1951 5.6197 5.59668 6.26125 6.73343 7.14433 14.7518 8.90642 5.86724 5.80269 5.72497 5.04487 10.1927 9.97718
threshold=0 -0.25468724325874742 -0.20723622659845284 1 2 3 0.030673585564380716 5.4338290171391774 0.01813532655319872 12.605933636247665 10.471880939473332 10.735515464612037 10.948277033114666 4
decision_type=9 8 8 9 1 9 10 2 8 8 2 2 2 9
left_child=-1 -2 -3 4 5 6 7 -4 10 -6 -9 13 -13 -5
right_child=1 2 3 11 9 -7 -8 8 -10 -11 -12 12 -14 -15
leaf_value=-4.412181744937404e-05 0.0041256891386206949 -0.0010187932807129406 -0.00047031765421352124 -0.00018651258477855688 0.00012965391441579124 1.9076164215492253e-05 -0.0011220711864162339 0.0001272964972250542 0.00090436064739489225 -9.7712791313117573e-05 -0.00017349693333357756 0.00036373320022158859 6.7369205418583685e-06 1.5473024763304416e-05
leaf_weight=2637 115 56 34 757 1014 512 49 52 31 104 57 160 1472 1122
leaf_count=2637 115 56 34 757 1014 512 49 52 31 104 57 160 1472 1122
internal_value=5.1395e-05 0.0010009 0.000863469 0.000961969 0.00236715 0.000120805 -0.00424893 -0.000344828 0.003 0.00382979 -0.000275229 0.000213008 0.00143382 -0.000846195
internal_weight=8172 5535 5420 5364 1853 735 223 174 140 1118 109 3511 1632 1879
internal_count=8172 5535 5420 5364 1853 735 223 174 140 1118 109 3511 1632 1879
cat_boundaries=0 4 8 9 11 15
cat_threshold=1950329980 671090752 1076432932 18 2281718657 1422853156 704644098 4 928 16768 1077937184 33554434 35700874 67537409 8
is_linear=0
shrinkage=0.03


Tree=172
num_leaves=15
num_cat=7
split_feature=0 1 5 10 5 0 0 8 2 0 0 9 2 0
split_gain=18.5324 11.6238 12.532 7.38549 6.39882 23.4417 18.6676 14.9427 6.57669 8.26047 6.83102 6.54314 6.38601 14.8426
threshold=0 1 9.0554977844667697 8.9216666666666686 11.130023871399519 2 3 11.036222552863146 1992.5000000000002 4 5 4.2020771920452775 2001.5000000000002 6
decision_type=9 1 10 2 8 9 9 2 2 9 9 2 2 9
left_child=1 2 -1 -3 6 11 -2 12 9 -7 -10 -6 -8 -14
right_child=4 3 -4 -5 5 8 7 -9 10 -11 -12 -13 13 -15
leaf_value=-7.3317953640567728e-06 -5.531304201883331e-06 -0.00072993365684628916 -0.00090230300585500802 -2.6295545228753776e-05 -0.00060948607368569081 0.0010321704556656168 0.00023998912962137542 0.0011733002546456255 0.00011814791776569365 7.8703164487834427e-05 -1.0219667267310474e-05 -6.9120581468344315e-05 -8.8142065165646314e-05 0.00022496604002228757
leaf_weight=127 1808 99 174 2034 56 106 855 72 477 223 549 869 332 333
leaf_count=127 1808 99 174 2034 56 106 855 72 477 223 549 869 332 333
internal_value=0 -0.00218494 -0.00762058 -0.00138591 0.000938489 -0.000289474 0.00176471 0.00411985 0.00221978 0.00592705 0.00105263 -0.00394652 0.00351316 0.00130827
internal_weight=8114 2434 301 2133 5680 2280 3400 1592 1355 329 1026 925 1520 665
internal_count=8114 2434 301 2133 5680 2280 3400 1592 1355 329 1026 925 1520 665
cat_boundaries=0 4 5 9 13 16 20 24
cat_threshold=1786884194 136416360 3965190 10 32 90440965 59642112 37901897 1 269618192 1414550421 486631937 17 1179656 1342193665 65664 2416460304 72360452 822085648 16 2375813 33816576 2147488776 4
is_linear=0
shrinkage=0.03


Tree=173
num_leaves=15
num_cat=6
split_feature=0 0 7 8 0 0 6 2 1 6 1 7 10 7
split_gain=17.7221 7.15843 5.01753 9.09546 8.46165 7.14868 5.66491 5.02436 5.0026 9.32617 4.96597 5.9748 5.23869 4.69758
threshold=0 1 0.029956858635711296 12.288434902757773 2 3 0.10240326640075283 2003.5000000000002 4 0.026575185056805676 5 -0.000341659629339297 17.377500000000001 -0.0070011791867066178
decision_type=9 9 8 2 9 9 10 2 1 10 1 10 2 10
left_child=13 2 4 5 6 7 10 -4 9 -7 11 -2 -12 -1
right_child=1 -3 3 -5 -6 8 -8 -9 -10 -11 12 -13 -14 -15
leaf_value=-0.00016010731297026235 -4.4955728148180253e-05 2.3891016214391997e-06 -2.7512895947587632e-05 -0.0010531655890000996 0.00033328826389166427 0.00013090228824046152 0.00086344448395437527 -0.0019051153399292633 0.00035979062925690778 -0.00031789964996282229 -0.00036728430921954342 0.00013344741810550844 -2.2458400772420309e-06 -8.5285929581655145e-06
leaf_weight=1127 64 4052 179 32 433 48 32 51 290 53 38 55 237 1515
leaf_count=1127 64 4052 179 32 433 48 32 51 290 53 38 55 237 1515
internal_value=-0.000153546 0.00080732 0.00256242 0.000597243 0.00408615 0.00140097 0.000963303 -0.00275 0.00381546 -0.00189189 0 0.00488372 -0.00221053 -0.00217195
internal_weight=8206 5564 1512 653 859 621 426 230 391 101 394 119 275 2642
internal_count=8206 5564 1512 653 859 621 426 230 391 101 394 119 275 2642
cat_boundaries=0 4 8 11 14 15 16
cat_threshold=639413540 151643136 538718281 16 2558591577 650117120 3602 2 411041816 104857600 1024 65537 545259520 2050 272 336
is_linear=0
shrinkage=0.03


Tree=174
num_leaves=15
num_cat=4
split_feature=0 0 4 0 7 0 4 3 4 6 7 9 2 7
split_gain=18.6642 7.18684 6.649 6.77929 6.3957 7.36021 6.02534 5.36597 7.70905 5.18618 6.37938 7.98341 5.14759 14.1549
threshold=0 1 8.9461140702258621 2 -1.0000000180025095e-35 3 10.921757041385975 9.9036375300406281 8.5046125582205345 0.3123854340940922 0.23433321457653247 8.3181518245096839 2007.5000000000002 -0.0027541647178521696
decision_type=9 9 10 9 10 9 10 2 8 10 8 2 2 10
left_child=9 4 3 7 5 -2 -7 8 -3 -1 11 -11 -4 -14
right_child=1 2 12 -5 -6 6 -8 -9 -10 10 -12 -13 13 -15
leaf_value=1.0738111400693127e-05 -0.00018315028784111618 -0.00017581669052316341 -4.4604438598417312e-05 -2.7701487136895893e-05 -0.00029480060430974847 -8.2753496807648431e-05 0.0003182357825515323 -0.00032623683755222802 0.0011221702192501647 0.0020289520864088923 -0.0045042051262427002 4.9449291174870206e-05 0.0017758292324558888 -2.122668879792409e-05
leaf_weight=2645 217 50 3696 334 444 199 110 31 122 39 35 35 91 148
leaf_count=2645 217 50 3696 334 444 199 110 31 122 39 35 35 91 148
internal_value=-0.000446559 -0.00146368 -0.000950469 0.00217877 -0.00379592 -0.00159696 0.00141066 0.00633803 0.00872093 0.00156295 0.00798165 0.012973 -0.00137992 0.00288703
internal_weight=8196 5442 4472 537 970 526 309 203 172 2754 109 74 3935 239
internal_count=8196 5442 4472 537 970 526 309 203 172 2754 109 74 3935 239
cat_boundaries=0 3 6 10 13
cat_threshold=2419082458 663947554 2153914977 545268480 2101448 638091520 458752 402653184 134283396 8 8448 2101376 524288
is_linear=0
shrinkage=0.03


Tree=175
num_leaves=15
num_cat=4
split_feature=0 3 0 6 0 0 2 5 2 7 9 5 10 2
split_gain=19.28 8.86295 8.22766 7.16166 10.505 6.89604 10.9268 5.91401 7.57688 5.87877 7.20384 5.42306 12.8205 5.28964
threshold=0 7.8019973345292053 1 0.068780818014659864 2 3 2007.5000000000002 9.236836234594664 2004.5000000000002 -0.36463587705577222 10.485727203910768 8.7939148601647332 19.835000000000004 2003.5000000000002
decision_type=9 2 9 10 9 9 2 8 2 10 2 8 2 2
left_child=11 -2 3 5 -5 6 7 -3 13 -6 -11 12 -1 -9
right_child=1 2 -4 4 9 -7 -8 8 -10 10 -12 -13 -14 -15
leaf_value=3.3735936462525182e-05 0.0079958383006341026 0.0014923243062632805 3.814002395610143e-06 3.1769034266984282e-06 -0.0077549151601029077 -7.929473536780276e-05 0.0014474556001308858 -8.1003432365604054e-06 -0.00063649947989245239 -0.00079766425278255803 -0.00098917799196794934 4.273314746413327e-05 -0.00012212069289392038 0.0011992156090754012
leaf_weight=30 57 74 3094 262 35 889 45 482 107 310 58 2575 48 41
leaf_count=30 57 74 3094 262 35 889 45 482 107 310 58 2575 48 41
internal_value=0.000307142 -0.000713763 -0.000839355 -0.00219196 -0.00482707 -0.00113553 0.000988142 8.52273e-05 -0.000857143 -0.0077724 -0.00684783 0.00239955 -0.00538462 0.000630975
internal_weight=8107 5454 5397 2303 665 1638 749 704 630 403 368 2653 78 523
internal_count=8107 5454 5397 2303 665 1638 749 704 630 403 368 2653 78 523
cat_boundaries=0 4 8 11 15
cat_threshold=2149090009 1095188774 2970226752 28 1661085728 179316297 1142194615 1 2048 177209408 1075052582 33554464 35653121 67141777 1
is_linear=0
shrinkage=0.03


Tree=176
num_leaves=15
num_cat=6
split_feature=0 6 0 0 1 7 7 8 0 7 6 0 7 7
split_gain=15.2402 7.48144 21.6455 21.4707 12.6063 7.87395 8.55608 10.1485 7.31769 8.07644 7.49594 6.92181 9.76065 11.4677
threshold=0 0.018576350292049962 1 2 3 -0.14518536190521478 -0.073339952502378999 10.082155945616188 4 0.082135990426800212 -0.024592623589972714 5 0.20666396621761554 0.083604968264149107
decision_type=9 10 9 9 1 8 8 2 9 10 10 9 8 10
left_child=-1 3 4 -2 -3 -5 7 -7 -8 -10 -11 -4 13 -13
right_child=1 2 11 5 -6 6 8 -9 9 10 -12 12 -14 -15
leaf_value=-3.9890579526912562e-05 -9.3644354074688927e-06 0.00056785163859010806 -0.00034524339520753013 0.0028583032658377611 2.0081654664601341e-05 0.00074380398466881526 0.00041268860005668823 -0.00075771986568009327 0.0001207543900982626 -0.0011210018937866447 8.6558548142594405e-05 -6.3418012266594744e-05 -0.0011247960925912844 0.00060220436242848822
leaf_weight=2264 1665 267 649 135 494 70 272 107 1150 55 42 623 147 183
leaf_count=2264 1665 267 649 135 494 70 272 107 1150 55 42 623 147 183
internal_value=-2.58525e-05 0.000782075 -0.000520525 0.00166476 0.00361868 0.00389462 0.00336085 -0.00288136 0.00408822 0.00303103 -0.00525773 -0.0024938 -0.000841121 0.00044665
internal_weight=8123 5859 2363 3496 761 1831 1696 177 1519 1247 97 1602 953 806
internal_count=8123 5859 2363 3496 761 1831 1696 177 1519 1247 97 1602 953 806
cat_boundaries=0 4 7 11 12 16 20
cat_threshold=277133860 28344400 1662534951 16 140116371 340482082 2293760 203030656 508254242 2283997776 10 546 65602 271360 0 4 639714376 1074005000 36928 2
is_linear=0
shrinkage=0.03


Tree=177
num_leaves=15
num_cat=5
split_feature=0 0 1 7 7 6 0 6 7 0 6 9 9 8
split_gain=19.862 7.80891 8.01894 8.76462 7.96892 9.27526 7.95143 7.56446 7.43184 7.42721 7.4949 6.87307 6.2326 6.04673
threshold=0 1 2 0.037392181315277113 -0.022657822942892644 -0.028225951444804661 3 -0.40126807656866154 0.3431405591994548 4 0.1887277660178999 9.3184765432438841 7.1098781281138494 11.675875727400896
decision_type=9 9 1 8 10 10 9 8 10 9 8 2 2 2
left_child=8 2 -2 4 13 -6 -7 11 -1 10 12 -3 -5 -4
right_child=1 7 3 9 5 6 -8 -9 -10 -11 -12 -13 -14 -15
leaf_value=4.758175379911665e-05 -0.00024751002460075719 0.00082347928383164266 -0.00026565497512108326 -0.00015393037066951419 0.00066886111262831941 -6.7138698106626983e-05 3.9776723825361831e-05 -1.2614455231762271e-05 -0.0028721005861863436 -0.00082495300567733503 0.00099633973846796598 0.0072468726595556355 0.00020431070140178464 -0.0016784895258224926
leaf_weight=2298 491 92 216 43 66 120 191 4192 38 239 42 32 32 33
leaf_count=2298 491 92 216 43 66 120 191 4192 38 239 42 32 32 33
internal_value=-0.000232615 -0.00117434 -0.00305462 -0.00145161 0.000670927 0.00342175 0.00125402 -0.000527046 0.00209719 -0.00522472 0.0011811 0.00677419 -0.0044 -0.00349398
internal_weight=8125 5789 1473 982 626 377 311 4316 2336 356 117 124 75 249
internal_count=8125 5789 1473 982 626 377 311 4316 2336 356 117 124 75 249
cat_boundaries=0 4 8 9 13 17
cat_threshold=3256932947 839401490 823366848 2 537665792 1080033568 105119758 9 228 0 4194560 37748738 8 262400 4194560 0 8
is_linear=0
shrinkage=0.03


Tree=178
num_leaves=15
num_cat=7
split_feature=0 2 0 0 6 5 2 6 6 1 6 1 0 0
split_gain=15.1975 10.3147 31.6963 27.8934 14.0715 10.7505 9.55863 11.8433 9.27457 9.71691 10.1347 9.19309 14.0562 10.5159
threshold=0 1998.5000000000002 1 2 -0.042499610266002456 8.7156340998314707 1999.5000000000002 0.57498441002905853 -0.1071601938228026 3 -0.14553320064262373 4 5 6
decision_type=9 2 9 9 8 8 2 10 10 1 8 1 9 9
left_child=6 2 8 4 -3 -5 7 -1 9 10 -2 13 -13 -7
right_child=1 3 -4 5 -6 11 -8 -9 -10 -11 -12 12 -14 -15
leaf_value=6.5250902541859077e-06 -0.002333617371976922 0.00045530375002769392 7.4401743792934248e-05 -7.7047975615168483e-05 -8.005169038083465e-05 0.00052592924346510643 -0.00011806000701919115 -0.0050408511199673805 -0.00025542848490042118 0.00040990608536821659 3.0148328431957808e-05 0.00036053676257538571 1.4351426035925743e-05 0.00017730685392598676
leaf_weight=1248 47 353 1538 34 920 225 1339 31 619 112 68 330 884 371
leaf_count=1248 47 353 1538 34 920 225 1339 31 619 112 68 330 884 371
internal_value=-4.06454e-05 0.000854654 -0.000629195 0.0019923 -0.00142634 0.00433657 -0.00191781 -7.03675e-05 -0.00525701 -0.000132159 -0.006 0.00467403 0.00308824 0.00772277
internal_weight=8119 5501 2384 3117 1273 1844 2618 1279 846 227 115 1810 1214 596
internal_count=8119 5501 2384 3117 1273 1844 2618 1279 846 227 115 1810 1214 596
cat_boundaries=0 4 8 11 12 13 16 20
cat_threshold=3843567628 171704392 2215152723 28 37817616 92481696 1229324300 1 277086434 541103623 842081188 267 35 33556496 352460800 151388168 4261120 16779296 4587520 1
is_linear=0
shrinkage=0.03


Tree=179
num_leaves=15
num_cat=4
split_feature=0 7 7 9 1 0 0 4 7 7 8 6 6 6
split_gain=14.5162 6.16187 6.41314 7.81374 6.01134 12.5616 10.5635 8.79208 12.8291 5.64568 5.61793 6.11187 7.22266 5.35267
threshold=0 -0.045149271449324672 -0.066426536658433996 9.3184765432438841 1 2 3 11.496653796443679 -0.032109053611261366 -0.4502710439449164 12.388966815383087 -0.047406134243228586 -0.012171400403822473 -0.006801982238617831
decision_type=9 8 10 2 1 9 9 8 10 8 2 10 10 10
left_child=1 2 3 -1 5 7 10 8 -3 -2 11 -6 -13 -10
right_child=9 4 -4 -5 6 -7 -8 -9 13 -11 -12 12 -14 -15
leaf_value=-0.00027818571726267901 0.0094968648587118853 -0.0019618868150835279 0.00097835697714651376 0.0019062487562811828 0.00039512950218034156 -0.00033559354768857914 2.536275501092265e-05 0.00022161776169471578 -0.00012348531104490427 1.2219486690676077e-05 -0.00074148718289490602 -0.00089418467747532976 -8.8367864350092046e-05 4.4061591645646223e-05
leaf_weight=332 30 44 99 45 67 465 856 76 97 5554 51 30 188 247
leaf_count=332 30 44 99 45 67 465 856 76 97 5554 51 30 188 247
internal_value=0.000157682 -0.0016916 0.00138655 -0.000397878 -0.00239038 -0.0041853 -0.000948419 -0.000632911 -0.00247423 0.00101895 -0.00537572 -0.00389474 -0.00633028 -0.000523256
internal_weight=8181 2597 476 377 2121 929 1192 464 388 5584 336 285 218 344
internal_count=8181 2597 476 377 2121 929 1192 464 388 5584 336 285 218 344
cat_boundaries=0 4 5 8 12
cat_threshold=654943296 404785664 1427179962 18 226 571015232 134253056 1358954626 16777280 134253056 16777472 2
is_linear=0
shrinkage=0.03


Tree=180
num_leaves=15
num_cat=5
split_feature=0 6 9 8 6 0 4 8 1 0 0 6 4 4
split_gain=16.4279 10.6184 12.7346 7.7363 6.96778 9.61459 9.35 6.72926 6.54036 10.279 8.48577 8.95452 8.82537 8.30455
threshold=0 -0.40126807656866154 4.2917591203807648 8.1122245947326395 0.091230974232209064 1 9.6457202055092601 10.145343334609512 2 3 4 -0.072906391548496416 10.069234987565334 10.293703635562556
decision_type=9 8 2 2 10 9 10 2 1 9 9 10 10 10
left_child=1 2 -1 -3 8 6 -6 -8 9 -5 11 -10 -13 -14
right_child=-2 3 -4 4 5 -7 7 -9 10 -11 -12 12 13 -15
leaf_value=-0.0017333524430084434 1.2428997765376741e-05 0.0052651760843379393 0.0056887062904639688 5.6902723777125159e-05 0.0010202677014268045 -0.00097329039094875647 -0.0022348244934777941 -7.4014720927709376e-05 0.0012694892439596487 -7.4249506113557612e-05 -0.00021040878250808929 1.0669234188258218e-05 -0.0014414373382096496 -0.00019671964401012137
leaf_weight=32 5692 38 87 493 81 359 38 108 139 402 442 157 32 98
leaf_count=32 5692 38 87 493 81 359 38 108 139 402 442 157 32 98
internal_value=8.78263e-05 -0.00193164 0.00680672 -0.00237537 -0.00259259 -0.00542662 -0.000379747 -0.00493151 -0.0016506 0.000165746 -0.00348519 -0.000412844 -0.00344948 -0.00923077
internal_weight=8198 2506 119 2387 2349 586 227 146 1763 895 868 426 287 130
internal_count=8198 2506 119 2387 2349 586 227 146 1763 895 868 426 287 130
cat_boundaries=0 4 8 9 13 17
cat_threshold=814822180 712251392 536904459 29 268500996 38801408 512 5 139 9502720 673449984 536903691 17 276824096 1310720 536871688 13
is_linear=0
shrinkage=0.03


Tree=181
num_leaves=15
num_cat=0
split_feature=6 5 10 7 7 6 4 2 4 9 4 8 9 8
split_gain=4.76768 2.70671 6.94557 7.13193 5.44002 5.18228 4.27658 5.06481 4.9044 4.79641 4.14944 8.56208 8.12433 7.333
threshold=-1.0446089836042309 12.033937007174936 24.557500000000001 -0.047330631360475099 -0.10042148866976051 -0.012171400403822473 12.280790427403554 2005.5000000000002 12.180983003597877 7.6086225517860226 11.513385253499921 11.401257727231288 9.4756726616479181 11.528904927013995
decision_type=8 10 2 10 10 10 10 2 10 2 10 2 2 2
left_child=-1 10 3 4 -3 -4 8 9 -5 -8 11 -2 -13 -12
right_child=1 2 5 6 -6 -7 7 -9 -10 -11 13 12 -14 -15
leaf_value=0.01195626307744529 2.483748377907673e-06 -0.00015459486306213264 -0.00058380386016337286 -2.8699132652066209e-05 0.0012754560542745949 -3.4503184410509573e-05 -0.0014426672999114287 -0.00070268437181759112 0.00022027721626659893 2.4519122363270141e-06 0.00079883063184129743 -1.3784312278013983e-05 -0.00014252275854858269 1.8554078584850381e-05
leaf_weight=30 6000 32 58 67 52 96 31 64 69 187 78 309 104 988
leaf_count=30 6000 32 58 67 52 96 31 64 69 187 78 309 104 988
internal_value=6.24617e-05 1.84388e-05 -0.00182927 -0.000119522 0.00785714 -0.0074026 -0.00172249 -0.00382979 0.00264706 -0.00165138 0.000180505 -0.000107594 -0.00428571 0.0019137
internal_weight=8165 8135 656 502 84 154 418 282 136 218 7479 6413 413 1066
internal_count=8165 8135 656 502 84 154 418 282 136 218 7479 6413 413 1066
is_linear=0
shrinkage=0.03


Tree=182
num_leaves=15
num_cat=6
split_feature=0 0 5 6 0 1 0 3 8 3 8 0 5 3
split_gain=17.8588 6.11844 7.46779 12.279 15.6209 6.10232 6.33782 5.33968 4.85004 5.15694 7.84449 7.54612 8.21721 7.73224
threshold=0 1 9.0286983252390733 -0.030259007189283867 2 3 4 10.508254232904656 9.0950325092222517 9.7901508421087247 10.102395775403432 5 9.7981548138845049 9.6159387956430642
decision_type=9 9 10 8 9 1 9 2 2 2 2 9 10 2
left_child=5 -2 3 -3 7 6 -1 -5 -4 11 -11 13 -13 -10
right_child=1 2 8 4 -6 -7 -8 -9 9 10 -12 12 -14 -15
leaf_value=7.1711742476456542e-05 2.9653709350456736e-05 0.0016500005247468965 -0.0011865620310935238 0.0011691820973745983 -6.3886643489641907e-05 -0.00015576924607592593 -5.8401396760109297e-05 5.4764268443900592e-05 1.8405550630040662e-05 -0.0005644035974688976 -3.5849366357519791e-06 -2.6433716292148488e-05 0.0023694363797092726 0.004044383787137314
leaf_weight=215 2549 118 41 63 309 1568 608 42 83 325 1881 239 43 31
leaf_count=215 2549 118 41 63 309 1568 608 42 83 325 1881 239 43 31
internal_value=-0.000114603 0.000795256 -8.47724e-05 0.00315789 0.000724638 -0.00228655 -0.000180072 0.0101739 -0.000737798 -0.00057648 -0.00114234 0.00257576 -0.000205479 0.00870968
internal_weight=8115 5724 3175 532 414 2391 823 105 2643 2602 2206 396 282 114
internal_count=8115 5724 3175 532 414 2391 823 105 2643 2602 2206 396 282 114
cat_boundaries=0 4 7 9 10 14 18
cat_threshold=553791748 7875137 3360760462 25 3235464899 528547996 69213440 32776 315424 585 536870916 2097152 1207959682 16 67371040 0 32832 4
is_linear=0
shrinkage=0.03


Tree=183
num_leaves=15
num_cat=4
split_feature=0 6 5 0 1 3 2 9 9 0 7 9 6 6
split_gain=16.4121 7.07504 9.87611 6.37826 9.77778 9.26836 9.06447 6.6622 5.12517 7.09739 4.7378 5.9284 4.71289 5.40617
threshold=0 0.34741309400423775 9.5601165586985228 1 2 10.180891984117229 1996.5000000000002 7.5446628963998403 10.292085994398301 3 0.019259115902703797 8.8992246876884931 -0.60669570726644018 -0.33020889714689433
decision_type=9 10 10 9 1 2 2 2 2 9 10 2 8 8
left_child=1 -1 -3 4 8 6 -6 -8 9 -2 11 -7 -5 -14
right_child=3 2 -4 12 5 10 7 -9 -10 -11 -12 -13 13 -15
leaf_value=6.5949435708039162e-05 -0.00031319886243776334 -0.0060313739396825224 6.0564818882903081e-05 0.0046218399500380205 0.0010545444007687486 -0.00056461958217380779 -0.0033783492879071843 0.00036037058650469994 0.00045812531403332743 -7.2537414298015803e-06 -0.0020184788622278739 -0.00021425266548762088 -0.00099449196468116082 -1.715288038600174e-06
leaf_weight=2270 105 30 62 58 38 45 57 33 45 626 32 36 116 4535
leaf_count=2270 105 30 62 58 38 45 57 33 45 626 32 36 116 4535
internal_value=0.000178042 0.00227656 -0.00586957 -0.000690377 -0.0028335 -0.00800797 -0.0028125 -0.008 -0.00114504 -0.00176471 -0.0146018 -0.0107407 -0.000222505 -0.000328962
internal_weight=8088 2362 92 5726 1017 241 128 90 776 731 113 81 4709 4651
internal_count=8088 2362 92 5726 1017 241 128 90 776 731 113 81 4709 4651
cat_boundaries=0 4 7 8 11
cat_threshold=3355497024 1284113158 2969711696 21 629154816 3145736 1209548804 346 8192 1048576 1073741824
is_linear=0
shrinkage=0.03


Tree=184
num_leaves=15
num_cat=5
split_feature=0 8 3 0 1 0 2 0 2 3 6 9 7 7
split_gain=16.4074 7.74323 9.25858 14.0712 13.4802 10.9357 9.94945 12.7711 13.2005 10.8308 7.36681 7.26975 6.986 6.71702
threshold=0 9.2516322056802789 9.9393130828875318 1 2 3 2003.5000000000002 4 1993.5000000000002 12.031802584775058 -0.042499610266002456 9.5449178495467866 -0.0010619683674346623 0.032157656839918232
decision_type=9 2 2 9 1 9 2 9 2 2 10 2 10 8
left_child=1 -1 3 -3 5 13 7 8 -6 11 -7 -8 -12 -4
right_child=-2 2 4 -5 6 10 9 -9 -10 -11 12 -13 -14 -15
leaf_value=-0.00022496447491976538 1.4676209692114814e-05 0.0005062706845839096 0.00015976154492456678 -7.3827272123066224e-05 3.9079222487693196e-05 -0.00012223586689043302 0.00028680707875861755 0.00010373765802553455 -0.00024651799694107312 -0.00014902150046018465 -0.00048948700396770955 -4.3726415806284723e-05 -0.00046471173640661118 -0.00064712482963075993
leaf_weight=270 5632 220 71 243 107 137 220 371 376 64 133 62 208 31
leaf_count=270 5632 220 71 243 107 137 220 371 376 64 133 62 208 31
internal_value=-6.99816e-05 -0.00208086 -0.00151137 0.00226782 -0.00249438 -0.00620339 -0.000644628 -0.00238876 -0.00553753 0.00364162 -0.00811475 0.00617021 -0.0106452 0.00267857
internal_weight=8145 2513 2243 463 1780 580 1200 854 483 346 478 282 341 102
internal_count=8145 2513 2243 463 1780 580 1200 854 483 346 478 282 341 102
cat_boundaries=0 4 8 9 12 16
cat_threshold=851881504 19933444 1178079312 20 4587552 17825792 1048576 20 480 131072 16777472 33558544 4622336 17828100 100663376 16
is_linear=0
shrinkage=0.03


Tree=185
num_leaves=15
num_cat=5
split_feature=0 0 2 7 1 4 4 0 8 4 9 8 6 0
split_gain=22.2949 7.24284 8.33396 13.0561 6.85881 8.44832 8.42076 7.03809 6.13078 7.03425 6.0214 5.77278 9.20162 9.34527
threshold=0 1 2007.5000000000002 -0.07926253282633676 2 11.407109287735643 12.959425531988886 3 11.401257727231288 9.7981548138845049 4.7477095154930815 9.5118029913350721 -0.60669570726644018 4
decision_type=9 9 2 10 1 10 8 9 2 10 2 2 10 9
left_child=-1 4 11 -4 6 -6 7 8 9 -2 -5 12 -3 -14
right_child=1 2 3 10 5 -7 -8 -9 -10 -11 -12 -13 13 -15
leaf_value=-5.5810618106873528e-05 -0.00028025157372432453 0.0044908923853965782 0.004726956378622079 -6.5213592583062549e-05 6.9405775321783978e-05 -3.4515383519927998e-05 -0.00025073873956190089 0.00048250131511339163 -5.8113592178365244e-06 0.00043737296948637139 0.00018527981518576985 -7.5092445663057638e-06 -0.00020716724898721888 5.212550240073662e-05
leaf_weight=2426 43 78 38 40 780 91 41 285 196 135 150 3204 237 407
leaf_count=2426 43 78 38 40 780 91 41 285 196 135 150 3204 237 407
internal_value=0.000114096 0.00113514 0.000475504 0.00605263 0.00286528 0.00105562 0.00507042 0.00596358 0.00296875 0.00707865 0.00284211 0.000152827 0.00257618 0.00139752
internal_weight=8151 5725 4154 228 1571 871 700 659 374 178 190 3926 722 644
internal_count=8151 5725 4154 228 1571 871 700 659 374 178 190 3926 722 644
cat_boundaries=0 4 8 9 13 16
cat_threshold=1679043625 2891801 453902746 16 2283946690 646053890 69222976 4 142 136446464 637665280 16896 4 32768 138413188 98309
is_linear=0
shrinkage=0.03


Tree=186
num_leaves=15
num_cat=4
split_feature=0 6 8 0 4 2 0 8 8 4 6 0 10 3
split_gain=16.0459 7.09042 6.68731 6.04712 9.78551 5.02901 8.31816 7.96013 9.62661 6.20021 5.6531 11.6021 10.8407 8.29654
threshold=0 -0.60669570726644018 9.4443995941599308 1 12.382692468100595 1994.5000000000002 2 11.199039872984125 11.513767872199834 11.377157261946985 0.10886853732822922 3 24.775000000000002 11.713692514607162
decision_type=9 8 2 9 8 2 9 2 2 10 8 9 2 2
left_child=5 2 -2 4 -3 6 9 -8 -9 -1 11 -7 13 -12
right_child=1 3 -4 -5 -6 10 7 8 -10 -11 12 -13 -14 -15
leaf_value=-0.00032688114582569842 0.0081744071465352681 6.8335599445648558e-05 -1.9287964995098881e-05 3.5616222958829556e-06 -0.00022477996972210943 7.3814313428913393e-05 -0.00034537448672675814 0.0025653290259688988 -5.375467065018741e-05 -0.00077185502374899257 -0.002041297294498319 -5.1635716744978916e-05 0.00036965655023154164 0.00025511157835440905
leaf_weight=185 38 1490 30 4006 163 613 183 30 67 30 273 841 114 49
leaf_count=185 38 1490 30 4006 163 613 183 30 67 30 273 841 114 49
internal_value=9.61538e-05 0.000956946 0.0105882 0.000842905 0.0023632 -0.0019666 -0.00466667 -0.00103448 0.00587629 -0.00893333 -0.00126984 -0.000371389 -0.00426606 -0.00708075
internal_weight=8112 5727 68 5659 1653 2385 495 280 97 215 1890 1454 436 322
internal_count=8112 5727 68 5659 1653 2385 495 280 97 215 1890 1454 436 322
cat_boundaries=0 3 6 9 12
cat_threshold=1678156642 569114688 1831666050 2643993 1147520 2453799436 67543072 0 151257090 67109154 11272192 689963010
is_linear=0
shrinkage=0.03


Tree=187
num_leaves=15
num_cat=4
split_feature=0 0 8 4 5 4 0 0 2 8 5 4 4 5
split_gain=20.7347 7.99024 5.13053 5.4 4.79566 22.8877 9.73199 7.4304 5.28571 5.91065 8.08637 6.22867 5.18099 5.036
threshold=0 1 8.6691089923285354 8.3715880869100037 10.945097297218604 10.840257153159664 2 3 2005.5000000000002 9.1773230511328663 9.236836234594664 9.6957250956843932 9.3588465468388424 9.5725847043382331
decision_type=9 9 2 8 8 8 9 9 2 2 10 10 10 10
left_child=2 4 3 -1 5 6 8 -6 9 -2 -11 12 -12 -10
right_child=1 -3 -4 -5 7 -7 -8 -9 13 10 11 -13 -14 -15
leaf_value=0.0031418166726999803 0.0011389278147154393 -1.8267558790463876e-07 5.6515200906847314e-05 0.0068177693137412418 -9.8903062667543218e-05 0.0003187979812624546 -6.3941000137196572e-05 -5.2142030530681786e-05 -0.0019631144406029909 -6.0280817401924127e-05 -2.5308214053883819e-05 2.7629854298919473e-06 0.0010884699190402065 -1.5447765452629632e-05
leaf_weight=30 73 3296 2434 30 492 73 747 507 32 30 30 254 47 65
leaf_count=30 73 3296 2434 30 492 73 747 507 32 30 30 254 47 65
internal_value=5.15971e-05 -0.000954738 0.00232428 0.011 -0.00228814 -0.00113249 -0.00206573 -0.00387387 0.0010536 0.00248848 0.000914127 0.00226586 0.00974026 -0.00525773
internal_weight=8140 5646 2494 60 2350 1351 1278 999 531 434 361 331 77 97
internal_count=8140 5646 2494 60 2350 1351 1278 999 531 434 361 331 77 97
cat_boundaries=0 4 8 12 16
cat_threshold=1132479715 1167086090 100865549 8 541571584 808199456 3356008770 1 4261888 268435456 1073782850 1 460800 268435712 1074307394 1
is_linear=0
shrinkage=0.03


Tree=188
num_leaves=15
num_cat=4
split_feature=0 3 0 5 7 6 5 6 5 3 1 7 6 1
split_gain=16.7497 6.58321 6.3612 5.93618 5.60646 7.00949 7.02898 8.34336 4.76191 7.23497 4.69575 11.3029 4.69109 4.68648
threshold=0 7.8019973345292053 1 8.2318954692350186 0.20666396621761554 0.1211973816798242 9.8692842040899897 0.21792975580647236 11.079569949044654 10.839884740944186 2 0.027213979123513535 -0.27781426276693905 3
decision_type=9 2 9 8 10 8 8 10 10 2 1 8 10 1
left_child=1 -1 4 -3 5 10 -7 8 9 -8 11 -2 -12 -5
right_child=2 3 -4 13 -6 6 7 -9 -10 -11 12 -13 -14 -15
leaf_value=0.010284721168980953 -0.00059939160292163439 -0.0062106351715490414 -9.7167779600943264e-07 -4.403873172553925e-07 -0.0010933358280792495 0.0010983594805844992 0.00064799429587931122 -0.0005632688490535998 0.00044194102773438315 -7.1798790062723312e-05 0.0021006585581589969 0.00070860469378688335 2.0184643455829148e-05 -7.0232573320114502e-05
leaf_weight=32 109 38 3715 736 49 64 137 89 40 61 58 56 1343 1654
leaf_count=32 109 38 3715 736 49 64 137 89 40 61 58 56 1343 1654
internal_value=-0.000194353 -0.00225911 0.000696214 -0.00244646 0.00205357 0.00231477 0.00590793 0.00412844 0.00705882 0.00515152 0.00141762 -0.00325714 0.00197732 -0.00225941
internal_weight=8181 2460 5721 2428 2006 1957 391 327 238 198 1566 165 1401 2390
internal_count=8181 2460 5721 2428 2006 1957 391 327 238 198 1566 165 1401 2390
cat_boundaries=0 4 8 9 10
cat_threshold=876949040 304087372 1611168070 2 3365425225 739771042 2150760576 1 32 657
is_linear=0
shrinkage=0.03


Tree=189
num_leaves=15
num_cat=9
split_feature=0 1 7 0 0 0 6 0 0 1 7 6 6 0
split_gain=15.5188 11.0405 13.2537 12.884 9.24095 5.95365 9.58704 22.855 18.0396 10.962 12.8712 9.38446 7.66861 7.18403
threshold=0 1 0.13479551151985406 2 3 4 0.0001835708207869047 5 6 7 0.37767680337597481 -0.0098963606882920257 0.062186871984830645 8
decision_type=9 1 10 9 9 9 10 9 9 1 8 10 10 9
left_child=1 3 4 -1 -3 11 7 -7 9 10 12 -2 -8 -11
right_child=5 2 -4 -5 -6 6 8 -9 -10 13 -12 -13 -14 -15
leaf_value=0.00012001169620420052 0.00041132255798295947 -3.6465388891051067e-06 -0.0024327169759654614 -0.00011590198291788048 -7.4135055431386458e-05 -0.00011267339131010537 9.1799443568664797e-05 0.00013177134011995025 -2.9934893800032476e-05 0.00024404686715191477 -0.00019771914492431998 8.1835646371826436e-07 0.00096361999853036904 -9.8208944298815295e-06
leaf_weight=481 560 619 178 588 659 1031 252 1001 1162 229 37 889 173 302
leaf_count=481 560 619 178 588 659 1031 252 1001 1162 229 37 889 173 302
internal_value=-0.000121309 -0.00207101 -0.00376535 0.000250232 -0.002723 0.000754516 0.000178699 -0.00129921 0.00157309 0.00451645 0.00788136 0.00240576 0.00952941 0.00149723
internal_weight=8161 2525 1456 1069 1278 5636 4187 2032 2155 993 462 1449 425 531
internal_count=8161 2525 1456 1069 1278 5636 4187 2032 2155 993 462 1449 425 531
cat_boundaries=0 4 5 9 13 17 20 23 24 27
cat_threshold=541188096 426279104 104644743 27 401 32768 419954752 67387395 16 536952832 6324224 3702912 25 2298485273 1074798595 2688549224 4 270401924 109201712 16920064 270270852 109267248 16917504 583 132 75710480 131072
is_linear=0
shrinkage=0.03


Tree=190
num_leaves=15
num_cat=7
split_feature=0 6 0 6 8 5 8 7 0 6 0 0 0 1
split_gain=19.5518 9.96254 7.05284 6.7126 6.91533 7.78098 9.20277 9.37233 6.9237 6.31601 23.9238 9.59469 8.38437 8.38821
threshold=0 -0.40126807656866154 1 -0.13739433161739265 10.690640567780283 11.649259794728994 11.809989025121272 0.06406215606103817 2 0.11870540680184762 3 4 5 6
decision_type=9 8 9 10 2 8 2 10 9 8 9 9 9 1
left_child=1 -1 3 -2 8 -6 -7 -8 -5 11 -11 -4 -12 -14
right_child=2 -3 9 4 5 6 7 -9 -10 10 12 -13 13 -15
leaf_value=0.0029660456110939906 -0.00013751382438643373 -8.3328617964556248e-05 -7.976515904019784e-06 0.00056269050608251771 -1.4899790119749264e-05 0.0001349282579813411 8.2574452149700546e-05 -0.00083301252297588823 7.8695137376106277e-05 0.00023920371041243394 -0.00014928014392315156 8.0492987875191725e-05 -0.00025190705706242851 -0.0014029492000347888
leaf_weight=110 279 2231 1710 104 413 90 235 42 764 387 235 1275 111 182
leaf_count=110 279 2231 1710 104 413 90 235 42 764 387 235 1275 111 182
internal_value=5.14202e-05 -0.00225861 0.000981669 0.00246257 0.00320388 0.00115385 0.00433243 0.00162455 0.00504608 0.000245524 -0.00193443 0.000914573 -0.0060223 -0.00940594
internal_weight=8168 2341 5827 1927 1648 780 367 277 868 3900 915 2985 528 293
internal_count=8168 2341 5827 1927 1648 780 367 277 868 3900 915 2985 528 293
cat_boundaries=0 4 7 10 13 16 20 21
cat_threshold=563523842 4383306 68346123 9 3357557456 1972375568 3623879744 2097280 8388608 1024 37749772 33619973 23660580 306187277 65957 6883492 268503041 256 262272 4 912
is_linear=0
shrinkage=0.03


Tree=191
num_leaves=15
num_cat=5
split_feature=0 0 6 1 3 4 10 0 1 6 4 3 6 6
split_gain=16.8102 6.03553 8.42063 5.08936 6.15798 7.11321 8.35141 4.39509 7.1807 6.14577 5.01723 8.05052 4.28571 4.22648
threshold=0 1 -0.70671115642307469 2 11.428956554721621 11.059102172274399 25.405000000000005 3 4 -0.21503716013926064 9.3348120907162535 9.0936940320130137 0.0068113570876962024 0.0026665076668912495
decision_type=9 9 8 1 2 8 2 9 1 8 8 2 10 10
left_child=3 -2 -3 4 5 6 -1 8 9 -5 11 -9 -6 -4
right_child=1 2 13 7 12 -7 -8 10 -10 -11 -12 -13 -14 -15
leaf_value=-6.4342246347011883e-05 4.6315351836538216e-05 0.0053368670127937811 8.0559979191670038e-06 -0.001701834385369746 0.00040580132029988157 -0.0012104887598670116 0.00060511474108628502 -0.00066266848452166557 -0.00014404532221443252 5.9099907715987076e-05 -0.00010309927048044976 -0.0032301065839122887 0.00029807181510155495 -2.5052675409761234e-05
leaf_weight=62 1848 35 1968 39 30 33 32 129 587 431 958 59 40 1885
leaf_count=62 1848 35 1968 39 30 33 32 129 587 431 958 59 40 1885
internal_value=-0.000287611 0.000595197 -7.69625e-05 -0.00239004 0.00217391 -0.00165354 0.00255319 -0.00280615 -0.00137769 0.001375 -0.00410035 -0.00861702 0.00942857 -0.000210226
internal_weight=8136 5736 3888 2400 197 127 94 2203 1057 470 1146 188 70 3853
internal_count=8136 5736 3888 2400 197 127 94 2203 1057 470 1146 188 70 3853
cat_boundaries=0 4 8 9 13 14
cat_threshold=17578816 140705874 1733099713 25 3224585393 379060224 136466460 2 128 268608 131088 1648951424 8 598
is_linear=0
shrinkage=0.03


Tree=192
num_leaves=15
num_cat=3
split_feature=0 0 5 5 9 9 0 7 4 7 2 6 4 5
split_gain=19.0593 7.23312 4.82992 8.32419 8.8202 11.0091 7.25816 8.62034 7.00466 5.39641 5.55599 5.55133 5.01586 8.62901
threshold=0 1 9.710448587001089 9.9584726924610543 4.0556970137588264 9.3912529722235547 2 -0.070975940592078221 8.074952173736488 -0.019874739527004689 1998.5000000000002 0.023929203468267882 10.334522932005099 10.957424947339232
decision_type=9 9 8 8 2 2 9 10 10 10 2 10 8 10
left_child=-1 2 6 4 -4 -6 7 -2 -8 -9 11 -11 -5 -14
right_child=1 -3 3 12 5 -7 8 9 -10 10 -12 -13 13 -15
leaf_value=3.7703435690302244e-05 0.0045776307631936299 -1.7874492389192193e-06 -0.0014646247786900279 -0.00021404179929506161 0.001319579314288988 -0.00025692075120463674 0.0013297950014242096 -0.00093078946367922805 -0.001297708431947642 6.5437457757715485e-05 6.9169800361373871e-05 -0.0036216765589449345 3.2799632525666849e-05 -0.00012289915912790759
leaf_weight=2645 39 3529 31 272 78 30 30 35 183 34 111 33 441 650
leaf_count=2645 39 3529 31 272 78 30 30 35 183 34 111 33 441 650
internal_value=4.79057e-05 -0.000958954 -0.00241275 -0.00159787 0.00539568 0.00944444 -0.00509677 -0.00137405 -0.00901345 -0.00380282 -0.00168539 -0.00850746 -0.00231108 -0.00140238
internal_weight=8141 5496 1967 1502 139 108 465 252 213 213 178 67 1363 1091
internal_count=8141 5496 1967 1502 139 108 465 252 213 213 178 67 1363 1091
cat_boundaries=0 4 8 12
cat_threshold=2430861889 1494225670 303340136 2 1677926676 70043665 67649668 24 67305472 2064 132 8
is_linear=0
shrinkage=0.03


Tree=193
num_leaves=15
num_cat=6
split_feature=0 6 6 5 0 6 5 1 6 0 0 0 8 6
split_gain=15.9693 5.24089 5.61021 5.70599 8.97822 6.30362 5.47807 5.41708 12.0172 15.7516 12.0748 10.8404 8.66287 6.82072
threshold=0 -0.60669570726644018 -0.27781426276693905 9.3776751426328797 1 0.017908723891472359 8.9633521199214581 2 0.039585429230005083 3 4 5 9.7128068569799044 -0.072906391548496416
decision_type=9 8 8 8 9 10 10 1 10 9 9 9 2 10
left_child=1 -1 -3 4 5 -4 -6 11 10 -10 13 -5 -11 -9
right_child=-2 2 3 7 6 -7 -8 8 9 12 -12 -13 -14 -15
leaf_value=0.0055165041327992865 -7.8099167787648615e-06 -0.0005981090313361162 2.8072944913253198e-05 0.00017646069928164046 0.00065802384060133906 -0.00047687868138130139 0.0013073053208363251 0.00059240170199074244 0.00010935719983928838 0.0004436114221277986 4.0662963313475654e-06 3.7030363374708656e-05 -0.00086660955617534835 7.5350071493363667e-05
leaf_weight=42 5610 79 56 238 77 52 79 124 217 44 616 399 281 239
leaf_count=42 5610 79 56 238 77 52 79 124 217 44 616 399 281 239
internal_value=0.000371642 0.00233843 0.00217113 0.00242775 0.00659091 -0.000508475 0.0108434 0.00191844 0.000920967 -0.00265683 0.00291113 0.00421947 -0.00671642 0.00715818
internal_weight=8153 2543 2501 2422 264 108 156 2158 1521 542 979 637 325 363
internal_count=8153 2543 2501 2422 264 108 156 2158 1521 542 979 637 325 363
cat_boundaries=0 4 8 9 12 16 20
cat_threshold=2151957223 1276137856 655364129 23 2 384 536870913 16 136 4456583 68174080 4096 4194368 1074790528 68161568 6 2147500067 134217984 16777217 16
is_linear=0
shrinkage=0.03


Tree=194
num_leaves=15
num_cat=9
split_feature=0 8 0 8 6 0 0 1 7 0 1 2 0 0
split_gain=13.0634 7.83782 11.0907 9.80375 7.37164 23.294 16.6766 7.04641 6.8747 6.39959 7.57796 5.94792 11.6289 10.0126
threshold=0 9.5118029913350721 1 9.2516322056802789 0.0055059616850865476 2 3 4 0.21943695293464674 5 6 2000.5000000000002 7 8
decision_type=9 2 9 2 10 9 9 1 10 9 1 2 9 9
left_child=-1 2 -2 8 6 7 -3 -6 -4 -7 -11 13 -13 -12
right_child=1 4 3 -5 5 9 -8 -9 -10 10 11 12 -14 -15
leaf_value=-6.4177468146873256e-05 6.9297472277827629e-06 -6.6927729308275072e-05 8.7295961441297056e-05 0.0008833422898383924 0.00025991732921887376 -0.00037725537015660822 3.9378067259112987e-05 1.5848871463437428e-05 -0.0033879131560323556 -0.00047347107048021264 -0.00011779636723310632 0.0002381971143419864 -0.00021771821990625875 0.00025487864744557913
leaf_weight=2403 552 463 229 189 250 364 2027 413 35 293 216 105 358 290
leaf_count=2403 552 463 229 189 250 364 2027 413 35 293 216 105 358 290
internal_value=-4.76365e-05 0.000724888 0.00313433 0.00654428 0.000219711 -0.00100917 0.0013494 0.00369985 0.00295455 -0.00293399 -0.00188679 -0.000582227 -0.00304536 0.00166008
internal_weight=8187 5784 1005 453 4779 2289 2490 663 264 1626 1262 969 463 506
internal_count=8187 5784 1005 453 4779 2289 2490 663 264 1626 1262 969 463 506
cat_boundaries=0 4 7 10 14 15 18 19 22 26
cat_threshold=539962884 1680425288 1107460396 26 1048576 54920324 2437218882 135283075 331483152 134553664 16768 46270512 151003136 1 614 64 267776 540035072 832 104857600 0 16777728 104857608 32772 20972032 4
is_linear=0
shrinkage=0.03


Tree=195
num_leaves=15
num_cat=1
split_feature=6 2 1 10 6 7 7 3 3 7 6 9 9 3
split_gain=5.1722 5.27607 3.73646 4.91314 12.059 11.0614 8.89309 7.87367 7.01178 7.62517 6.34746 6.37603 6.04247 6.03956
threshold=0.66980692387133633 2003.5000000000002 0 24.477777777777778 0.12373722019785306 -0.0077234771267149496 -0.020596897434924429 9.5902141210617486 11.954462057277285 0.10624265761138042 0.11195355176879575 3.7310672614897094 5.6766614042117984 9.5612436766013857
decision_type=10 2 1 2 8 8 8 2 2 10 10 2 2 2
left_child=2 -2 3 5 6 12 13 -7 9 -8 11 -9 -1 -5
right_child=1 -3 -4 4 -6 7 8 10 -10 -11 -12 -13 -14 -15
leaf_value=-4.2605506305234821e-05 -0.0049137129126647647 0.00080087241983158248 -2.5315880656278884e-06 -0.00017048652401288456 0.0007101258678636949 -0.0008659656224575471 2.7976542633670783e-05 9.2089739967871596e-05 -0.0001809415763487278 -0.0010715403781555047 -0.00018594659045696252 6.7009914119783986e-05 0.00096808587214766803 -0.00065452341869761516
leaf_weight=111 75 32 5521 55 143 99 326 30 67 34 251 883 374 111
leaf_count=111 75 32 5521 55 143 99 326 30 67 34 251 883 374 111
internal_value=0.00010355 -0.0064486 0.000191131 0.00115477 -0.000896739 0.00202517 -0.00278246 0.000546318 -0.000491803 0.00116667 0.00123711 0.00239869 0.00587629 -0.0086747
internal_weight=8112 107 8005 2484 736 1748 593 1263 427 360 1164 913 485 166
internal_count=8112 107 8005 2484 736 1748 593 1263 427 360 1164 913 485 166
cat_boundaries=0 1
cat_threshold=10
is_linear=0
shrinkage=0.03


Tree=196
num_leaves=15
num_cat=5
split_feature=0 0 6 6 0 0 2 10 6 0 5 6 9 8
split_gain=18.8646 7.95535 6.26385 6.79735 19.7483 9.84925 7.18543 11.8735 7.39767 9.19375 6.26087 5.53063 5.42308 5.17164
threshold=0 1 0.75669377845877517 0.056026491988297351 2 3 2003.5000000000002 25.405000000000005 -0.010613482553319285 4 11.70271076441489 -0.074890231681088423 2.4280422671238293 8.5891979223629118
decision_type=9 9 10 10 9 9 2 2 8 9 10 10 2 2
left_child=2 12 3 5 -5 -1 8 -8 9 -7 -10 -11 -2 -14
right_child=1 -3 -4 4 -6 6 7 -9 10 11 -12 -13 13 -15
leaf_value=-2.1179098158440842e-06 -0.00012390275249252153 3.2699842268958578e-06 -0.0041947737433802824 0.00061669548365727613 -0.00055728282333760771 0.00017607410360307151 -0.00022313316071005364 9.1116280855021097e-05 -0.00035536899163116119 -0.0014620041063377197 6.1590766583832823e-06 -6.2047599213728506e-05 0.0078158023929328219 5.5109210781602544e-05
leaf_weight=802 37 3461 38 226 384 104 173 98 276 107 48 97 37 2160
leaf_count=802 37 3461 38 226 384 104 173 98 276 107 48 97 37 2160
internal_value=0.000134195 0.00106748 -0.00212019 -0.00193089 0.000786885 -0.00290323 -0.00502738 -0.00099631 -0.00683544 -0.00350649 -0.01 -0.00700935 0.00245989 0.00266272
internal_weight=8048 5695 2353 2315 610 1705 903 271 632 308 324 204 2234 2197
internal_count=8048 5695 2353 2315 610 1705 903 271 632 308 324 204 2234 2197
cat_boundaries=0 4 8 11 15 17
cat_threshold=554279332 275728908 1078464836 24 3355443713 797979843 237151241 6 524420 272842752 1077936132 553754624 262664 1073746240 24 160 268500996
is_linear=0
shrinkage=0.03


Tree=197
num_leaves=15
num_cat=7
split_feature=0 7 0 0 7 6 6 0 1 6 4 0 4 0
split_gain=16.3 7.81299 18.8854 10.5389 8.36521 6.92215 6.48482 7.8081 6.45857 6.08696 5.90207 5.69759 7.319 8.73269
threshold=0 0.013550247461028066 1 2 0.020392479471649242 0.016347238776487142 0.0001835708207869047 3 4 -0.086840623973179362 10.30740122395383 5 11.870764211550897 6
decision_type=9 10 9 9 10 8 10 9 1 10 10 9 8 9
left_child=1 3 4 -1 -3 6 7 9 10 -5 -6 -2 -13 -14
right_child=11 2 -4 5 8 -7 -8 -9 -10 -11 -12 12 13 -15
leaf_value=-5.9302927489154884e-05 2.7525065314165583e-05 -0.00041362155465200751 -0.00091879691094973073 0.0004900044946238995 -0.00042729042626956829 -0.00012889647625468178 9.2274601782182833e-05 -6.7770757806222919e-06 0.00015890103376335095 0.0013378731928182517 3.4150658666246696e-06 8.6396822316002025e-06 -0.00039132098830256025 -1.1241216150553057e-06
leaf_weight=761 1765 50 416 69 52 251 63 301 319 36 77 3336 249 433
leaf_count=761 1765 50 416 69 52 251 63 301 319 36 77 3336 249 433
internal_value=-0.000132062 -0.0022079 -0.00439825 -0.000871033 -0.000354331 0.00172603 0.00390192 0.00251232 0.0009375 0.00913043 -0.00453237 0.000730192 0.00010427 -0.00272727
internal_weight=8178 2395 914 1481 498 720 469 406 448 105 129 5783 4018 682
internal_count=8178 2395 914 1481 498 720 469 406 448 105 129 5783 4018 682
cat_boundaries=0 4 7 10 13 14 18 22
cat_threshold=1611511104 1717837899 371230016 16 886016 641736712 2098240 537240832 104865800 268436544 64 1610612736 32768 400 2292187139 160975872 3759685665 8 512 102528 264832 6
is_linear=0
shrinkage=0.03


Tree=198
num_leaves=15
num_cat=6
split_feature=0 7 9 10 4 0 10 8 0 2 7 0 1 0
split_gain=17.454 5.08097 5.88446 8.79792 6.34725 5.00355 6.61959 4.86711 9.72896 7.71246 5.71939 9.0898 11.0341 7.78859
threshold=0 0.13479551151985406 7.175291488943043 27.795000000000005 10.180323414576771 1 7.9700000000000015 9.5118029913350721 2 2003.5000000000002 -0.043952377790775536 3 4 5
decision_type=9 10 2 2 8 9 2 2 9 2 8 9 1 9
left_child=1 -1 3 4 -3 -2 -7 8 -8 -10 11 -9 -13 -12
right_child=5 2 -4 -5 -6 6 7 10 9 -11 13 12 -14 -15
leaf_value=4.3636460661166236e-05 -5.2993680120443273e-05 -1.6331251740632714e-05 -0.0011795411764521353 -0.001583320260797943 0.0014706005159586266 -0.0021035680468901165 0.0010211414075146207 -0.0015175683316851329 -3.1233187072447625e-05 7.4469974506930373e-05 -2.8888867587562802e-05 0.00085074424933859855 -0.00041366901546666248 3.1586492678680166e-05
leaf_weight=2114 2603 56 65 33 35 30 121 103 347 107 937 120 191 1321
leaf_count=2114 2603 56 65 33 35 30 121 103 347 107 937 120 191 1321
internal_value=0.00011365 0.00232166 -0.00238095 0.00145161 0.00626374 -0.00075382 2.73806e-05 0.000157068 0.00266087 0.000517241 -0.000381737 -0.00362319 -0.000841121 0.000212578
internal_weight=8183 2303 189 124 91 5880 3277 3247 575 454 2672 414 311 2258
internal_count=8183 2303 189 124 91 5880 3277 3247 575 454 2672 414 311 2258
cat_boundaries=0 3 7 11 15 16 20
cat_threshold=3280095257 428875846 1243115714 135803492 1647237649 352387852 16 65538 32 32768 9 262146 256 2147745792 8 274 67208320 1184 541099025 10
is_linear=0
shrinkage=0.03


Tree=199
num_leaves=15
num_cat=5
split_feature=0 3 1 2 6 0 9 7 9 9 7 0 6 0
split_gain=15.3487 7.86287 7.88389 8.84344 7.54713 6.6669 6.77997 6.19276 7.05734 6.01223 5.90382 5.77977 7.15858 14.7531
threshold=0 12.015931559827752 1 2007.5000000000002 0.089255633306247098 2 7.3357674762902088 -0.091182247760208654 9.2403678368684368 11.066372444374059 -0.047330631360475099 3 -0.015497928485415534 4
decision_type=9 2 1 2 10 9 2 8 2 2 8 9 10 9
left_child=1 2 3 4 -1 -3 -7 8 -4 -8 -9 12 13 -2
right_child=11 5 7 -5 -6 6 9 10 -10 -11 -12 -13 -14 -15
leaf_value=6.8145891556676812e-05 -7.0143964896000623e-06 -0.00057668303959901497 0.00079147246398385599 -0.00026097608853228892 0.0012152674681708388 0.00072692106684642591 -0.0010685717331718528 -0.00050412733036137643 0.0040648697421867414 0.00036490193006210117 9.7760111435846166e-06 -6.3531748107139779e-06 -1.1493517429768874e-05 -0.00050663932951804894
leaf_weight=505 382 103 110 33 84 53 73 98 33 46 1203 3685 1239 475
leaf_count=505 382 103 110 33 84 53 73 98 33 46 1203 3685 1239 475
internal_value=-0.000450628 0.00159507 0.00223621 0.00503165 0.00595925 -0.00316364 0.000659341 0.000990371 0.00692308 -0.00327731 0.000345888 -0.00127957 -0.00253561 -0.00465578
internal_weight=8122 2341 2066 622 589 275 172 1444 143 119 1301 5781 2096 857
internal_count=8122 2341 2066 622 589 275 172 1444 143 119 1301 5781 2096 857
cat_boundaries=0 4 5 8 12 16
cat_threshold=2149732867 5343430 3406327943 4 141 0 32768 1090523265 872786084 295837729 163856 27 604020768 8388609 32768 11
is_linear=0
shrinkage=0.03


Tree=200
num_leaves=15
num_cat=3
split_feature=0 7 4 6 0 0 6 4 6 4 5 7 2 5
split_gain=15.996 8.30889 11.4669 8.53605 16.4798 11.8133 12.6114 11.0653 10.1939 8.34385 7.72599 7.4258 6.94747 9.3188
threshold=0 0.17523377741282345 11.512810451743201 -0.0058604319003778818 1 2 -0.017925656378452001 11.63326521038484 -0.042499610266002456 11.98139977974904 8.7939148601647332 0.00035338678904661697 1998.5000000000002 10.779060447660227
decision_type=9 8 8 10 9 9 10 10 10 10 10 10 2 10
left_child=1 3 -3 5 -5 9 8 10 -7 12 -6 -12 -1 -14
right_child=-2 2 -4 4 7 6 -8 -9 -10 -11 11 -13 13 -15
leaf_value=-7.5444482578509113e-05 1.3187036373304736e-05 -0.0014778610871827109 2.3861520695813672e-06 0.00011185292688119025 -6.3536872125957751e-05 -0.00058107896944750584 -0.00040343571959916373 -0.00035110225463049068 4.8003957135268138e-05 -0.0012174855228123487 2.3398758159778388e-05 -5.4611172486015104e-05 0.00033143639034508281 0.00048896815301585454
leaf_weight=126 5554 287 204 394 32 330 92 102 110 35 226 442 127 60
leaf_count=126 5554 287 204 394 32 330 92 102 110 35 226 442 127 60
internal_value=3.32471e-05 -0.00192084 -0.00543788 -0.00109827 0.000551839 -0.00334091 -0.00608856 -0.00192118 -0.00409091 0.00100559 -0.0006 8.98204e-05 0.00258786 0.00625668
internal_weight=8121 2567 491 2076 1196 880 532 802 440 348 700 668 313 187
internal_count=8121 2567 491 2076 1196 880 532 802 440 348 700 668 313 187
cat_boundaries=0 4 7 10
cat_threshold=574726400 54141276 138841382 8 256 36175896 134350850 4292608 139268 138707232
is_linear=0
shrinkage=0.03


Tree=201
num_leaves=15
num_cat=4
split_feature=0 7 3 9 10 6 6 10 1 0 0 7 7 7
split_gain=13.5757 8.43942 6.02053 7.9081 6.80965 6.50298 8.4889 6.22761 5.4127 21.2027 9.39919 13.5168 8.80555 10.9128
threshold=0 -0.4502710439449164 12.006340391021297 10.440390123826893 29.720000000000002 -0.60669570726644018 -0.40126807656866154 27.565000000000001 1 2 3 -0.033247376480055373 0.20666396621761554 0.078688391872645549
decision_type=9 8 2 2 2 8 8 2 1 9 9 8 10 10
left_child=2 -2 4 7 5 -1 -7 -4 9 12 11 -10 13 -3
right_child=1 8 3 -5 -6 6 -8 -9 10 -11 -12 -13 -14 -15
leaf_value=-0.0051757020892308787 0.0082144761942637718 -0.0001584340804648925 -0.00027833294827224291 0.00034163487796817868 0.001615972781959835 0.0026504712212222486 -3.9372871556707666e-05 -0.0012916150451293166 0.0009436935446273209 4.4089891075504261e-05 1.3559409762872971e-07 3.5722795323123373e-05 -0.0075781381654281676 0.00078710782513688655
leaf_weight=48 31 563 135 39 31 43 2134 30 289 646 2440 1631 31 75
leaf_count=48 31 563 135 39 31 43 2134 30 289 646 2440 1631 31 75
internal_value=3.67377e-05 0.000839748 -0.00182186 -0.00676471 -0.00138298 -0.00157753 -0.0013367 -0.00963636 0.000755947 -0.000928302 0.00126316 0.00282902 -0.00463918 -0.00394984
internal_weight=8166 5706 2460 204 2256 2225 2177 165 5675 1315 4360 1920 669 638
internal_count=8166 5706 2460 204 2256 2225 2177 165 5675 1315 4360 1920 669 638
cat_boundaries=0 4 5 9 12
cat_threshold=543006976 1076400833 2017477556 4 608 478298275 151062570 2217803785 16 176185057 981543982 120651784
is_linear=0
shrinkage=0.03


Tree=202
num_leaves=15
num_cat=0
split_feature=8 6 8 5 9 2 2 5 3 6 2 10 2 5
split_gain=5.3465 4.62598 2.68826 3.36675 4.95267 3.21523 4.1037 2.53335 8.37224 4.2 2.76583 15.6026 4.57661 7.19303
threshold=12.891691570652595 1.1513664388264522 12.5028436791505 12.349087898068875 8.6911407429808119 2004.5000000000002 1995.5000000000002 8.0685585944849745 8.0594042983760321 0.089255633306247098 1994.5000000000002 7.7800000000000002 1993.5000000000002 11.904136116979883
decision_type=2 10 2 10 2 2 2 8 2 8 2 2 2 8
left_child=1 2 3 7 -5 6 -4 9 -9 -1 11 -10 -13 -14
right_child=-2 -3 5 4 -6 -7 -8 8 10 -11 -12 12 13 -15
leaf_value=-0.0049463586744247431 -0.00037739023336986506 -0.003971660878034345 -2.0466941452530985e-05 -0.00048997671373483473 2.8737469627234348e-05 -5.9463240554463315e-05 0.00024190290243338651 0.0073019478339272602 -0.0022110240782331645 0.00024341547916225927 5.5146556104930143e-06 1.6249873754961599e-05 -0.00015297198164878974 0.000588450085619133
leaf_weight=54 62 32 34 60 66 44 75 51 76 30 5997 1173 340 42
leaf_count=54 62 32 34 60 66 44 75 51 76 30 5997 1173 340 42
internal_value=6.63717e-05 0.000133763 0.00017906 0.000102675 -0.0047619 0.00411765 0.00688073 0.000181631 0.000238312 -0.005 0.000157315 -0.000938075 -0.000289389 -0.00314136
internal_weight=8136 8074 8042 7889 126 153 109 7763 7679 84 7628 1631 1555 382
internal_count=8136 8074 8042 7889 126 153 109 7763 7679 84 7628 1631 1555 382
is_linear=0
shrinkage=0.03


Tree=203
num_leaves=15
num_cat=1
split_feature=9 5 1 6 10 5 9 6 6 10 6 5 9 6
split_gain=4.8371 9.55026 4.94281 8.10916 6.95758 5.09198 4.99835 4.20029 4.28335 3.94949 5.02439 3.84901 3.43285 7.31638
threshold=11.066372444374059 10.119586347520796 0 -0.0053700948267554329 14.709000000000001 11.96526143592626 11.338787885208509 0.022347867672896097 -0.052583046225563194 11.315000000000003 -0.012171400403822473 10.476329769654919 1.5246365202410106 -0.22494340744364824
decision_type=2 10 1 10 2 10 2 8 10 2 10 10 2 10
left_child=12 7 3 -3 9 11 -5 8 -2 10 -4 -6 13 -1
right_child=1 2 4 6 5 -7 -8 -9 -10 -11 -12 -13 -14 -15
leaf_value=-0.0014226495193241358 0.0012435663085854124 0.00046981687215215509 -0.00063374556744542692 -1.0078035313947148e-05 0.00073366993238560053 0.00074215537872109245 -0.00033561898774435152 0.00037630385026224481 0.00066308330501434881 -0.0002927881791496433 0.00031449705299835978 6.3831539732659971e-06 -5.279516395951915e-07 8.2384366984745817e-05
leaf_weight=34 31 58 31 38 32 34 37 76 37 55 43 78 7445 95
leaf_count=34 31 58 31 38 32 34 37 76 37 55 43 78 7445 95
internal_value=0.000228951 0.00294545 0.000591133 -0.00398601 0.00286219 0.0075 -0.0108 0.00958333 0.015 -0.00209302 0.00243243 0.00436364 3.16874e-05 0.00488372
internal_weight=8124 550 406 133 273 144 75 144 68 129 74 110 7574 129
internal_count=8124 550 406 133 273 144 75 144 68 129 74 110 7574 129
cat_boundaries=0 1
cat_threshold=833
is_linear=0
shrinkage=0.03


Tree=204
num_leaves=15
num_cat=5
split_feature=0 0 6 1 0 6 2 0 7 7 8 10 2 2
split_gain=16.555 5.78033 6.66393 4.46083 10.2573 10.1233 9.70181 7.55109 8.33058 7.35159 5.85633 5.84523 5.70089 10.6133
threshold=0 1 -0.52958449008407971 2 3 -0.0044601686013638888 1999.5000000000002 4 -0.13877023801232188 -0.070975940592078221 11.737421464568504 24.875000000000004 1998.5000000000002 2001.5000000000002
decision_type=9 9 8 1 9 8 2 9 10 10 2 2 2 2
left_child=3 2 -2 4 12 6 10 -5 -9 -10 -6 -8 -1 -14
right_child=1 -3 -4 7 5 -7 11 8 9 -11 -12 -13 13 -15
leaf_value=-0.00014341526992675538 0.0069049159741677579 4.5530516113855131e-06 0.00010215458603430986 -1.5724153376896528e-05 -8.6971501957871784e-05 0.00011920003773162685 0.00031804728953373912 -0.0012219955999898981 0.00065783746621839764 -0.00013557988102088126 -0.00085692541758472073 -0.00016163789406352543 0.00033871064908323718 -0.00011624549721764711
leaf_weight=138 31 3894 1465 1051 46 316 38 198 60 666 32 47 55 118
leaf_count=138 31 3894 1465 1051 46 316 38 198 60 666 32 47 55 118
internal_value=0.000121398 0.00108889 0.00266932 -0.00176216 0.00015 0.00288344 -0.00312883 -0.00252393 -0.00449679 -0.00305785 -0.0107692 0.00388235 -0.00401869 -0.000520231
internal_weight=8155 5390 1496 2765 790 479 163 1975 924 726 78 85 311 173
internal_count=8155 5390 1496 2765 790 479 163 1975 924 726 78 85 311 173
cat_boundaries=0 4 8 9 13 17
cat_threshold=1749330412 253755624 335579278 4 2149597201 13668357 17961249 9 525 1077936456 150995008 34816 4 1212186956 150995040 268468226 4
is_linear=0
shrinkage=0.03


Tree=205
num_leaves=15
num_cat=3
split_feature=0 6 6 5 0 7 2 0 5 7 7 4 8 6
split_gain=19.4992 6.45209 5.19477 6.25324 6.5726 6.03942 5.63704 5.29068 7.09814 10.69 8.27311 8.37692 7.14211 5.16479
threshold=0 0.75669377845877517 -0.42672018232967796 11.145066777574616 1 0.0093332100210075115 2007.5000000000002 2 8.5093601540966706 0.020392479471649242 0.089394973034431238 10.193373394214772 8.9565755478085496 -0.70671115642307469
decision_type=9 10 8 10 9 10 2 9 8 10 10 10 2 8
left_child=1 2 -1 6 5 -5 7 -4 -9 12 -11 -12 -10 -2
right_child=13 -3 3 4 -6 -7 -8 8 9 10 11 -13 -14 -15
leaf_value=-0.0031105881035534909 0.0046410617730683222 -0.0043142959211616167 4.0648955537076175e-05 0.00011446311815632247 -0.00015314524250884613 -0.00022906951583211632 -0.00030770262759232623 -0.0049969581783118775 0.0016128108598572651 0.00036160858822989895 -0.0017514145870171649 0.00091044099919630923 -6.3150715517510723e-05 1.8372165712791375e-05
leaf_weight=76 60 38 694 81 455 76 92 30 42 188 72 45 596 5653
leaf_count=76 60 38 694 81 455 76 92 30 42 188 72 45 596 5653
internal_value=0.000278117 -0.00193587 -0.00175317 -0.00150569 -0.00411765 0.00125749 -0.00059693 -0.00019796 -0.0016175 -0.00117709 0.00344262 -0.00282051 -0.00338558 0.00124236
internal_weight=8198 2485 2447 2371 612 157 1759 1667 973 943 305 117 638 5713
internal_count=8198 2485 2447 2371 612 157 1759 1667 973 943 305 117 638 5713
cat_boundaries=0 4 7 10
cat_threshold=1696673927 268837240 572719212 17 16777346 262160 131080 606076933 262464 538968164
is_linear=0
shrinkage=0.03


Tree=206
num_leaves=15
num_cat=5
split_feature=0 0 1 0 3 0 7 3 7 7 10 6 5 5
split_gain=16.7639 6.2836 4.54052 5.785 6.6983 5.157 9.49456 4.60137 4.36105 4.83649 3.91072 3.89358 3.84161 15.26
threshold=0 1 2 3 11.130023871399519 4 -0.027249224865289353 11.739100400841076 -0.029165831764593971 -0.0096027166145078429 17.295000000000005 0.66980692387133633 9.0286983252390733 8.9231247485487035
decision_type=9 9 1 9 2 9 8 2 8 8 2 10 8 10
left_child=2 11 5 8 -5 -1 10 -6 -4 -10 -7 -2 13 -3
right_child=1 12 3 4 7 6 -8 -9 9 -11 -12 -13 -14 -15
leaf_value=8.0487615549584046e-05 -8.1156264758250974e-05 -1.6714942503541497e-07 -0.00054288307877818501 9.9825197401307757e-05 -0.0001582658726834975 0.0012327636415066154 1.7998000633778049e-06 4.9158735823556931e-05 0.00034496497753267575 -3.5943921379266372e-05 0.00032820461527857707 -0.003331738934727661 -2.7876327560986544e-06 0.00068591298408008316
leaf_weight=613 1332 257 66 532 66 76 602 47 31 275 73 34 4056 65
leaf_count=613 1332 257 66 532 66 76 602 47 31 275 73 34 4056 65
internal_value=0.000336 -0.000542231 0.00244668 0.00090555 0.00261069 0.00358079 0.00185283 -0.0039823 -0.00204188 -0.000588235 0.00865772 -0.00231105 1.36737e-05 0.0031677
internal_weight=8125 5744 2381 1017 645 1364 751 113 372 306 149 1366 4378 322
internal_count=8125 5744 2381 1017 645 1364 751 113 372 306 149 1366 4378 322
cat_boundaries=0 4 8 9 11 14
cat_threshold=2178303443 336595592 33578243 2 840972832 541065296 622604 8 271 4587779 2056 30671107 2184 33571072
is_linear=0
shrinkage=0.03


Tree=207
num_leaves=15
num_cat=7
split_feature=0 7 1 0 0 6 0 0 7 0 3 8 6 9
split_gain=15.4857 11.6355 6.48942 22.1774 22.1214 9.43983 9.88803 9.43099 8.92665 7.5766 9.92069 15.1225 11.0466 7.18643
threshold=0 -0.20723622659845284 1 2 3 0.037397960724836928 4 5 -0.18326412077226403 6 10.30740122395383 10.317783845320267 -0.094297532337967546 9.1851299670513118
decision_type=9 8 1 9 9 8 9 9 10 9 2 2 10 2
left_child=1 -1 3 5 8 7 -7 -2 -4 -6 -11 -12 13 -13
right_child=2 -3 4 -5 9 6 -8 -9 -10 10 11 12 -14 -15
leaf_value=-0.0018847539411393621 -0.00021121885167872434 4.1866505404527652e-05 3.9781630748656495e-05 5.7927657949823099e-05 8.7212363739585386e-05 0.00029100157570209964 -0.00017993184516793058 -3.1332197234915924e-05 -0.00023259574408971141 1.1613809909611828e-05 -0.0022236921058173833 -0.0020176885837768868 -3.9721881344882337e-05 -0.00043042253436778051
leaf_weight=57 348 2209 179 1732 353 108 326 381 824 987 51 34 414 45
leaf_count=57 348 2209 179 1732 353 108 326 381 824 987 51 34 414 45
internal_value=0.000223658 0.00231986 -0.000600829 0.000402754 -0.00160511 -0.00278772 0.000691244 -0.00489712 -0.00518263 0.00031679 -0.000603504 -0.00386029 -0.00225152 -0.0125316
internal_weight=8048 2266 5782 2895 2887 1163 434 729 1003 1884 1531 544 493 79
internal_count=8048 2266 5782 2895 2887 1163 434 729 1003 1884 1531 544 493 79
cat_boundaries=0 4 5 9 13 17 21 24
cat_threshold=2432980508 403865863 168056128 6 651 70877440 84475984 1618681909 9 713107650 6301920 356556938 16 1048832 67174464 2097152 8 1048832 67174464 1076035620 8 1572864 65552 537002021
is_linear=0
shrinkage=0.03


Tree=208
num_leaves=15
num_cat=1
split_feature=9 6 6 7 9 7 10 1 9 6 6 6 2 2
split_gain=4.4586 8.46884 8.70238 8.19965 5.75913 8.90369 6.5803 5.56515 6.28049 6.85737 5.64138 5.51706 8.33092 10.7226
threshold=4.1587609981435856 -0.034354031212531659 0.1936667594551951 0.073090008718677005 4.2917591203807648 -0.063926946164128737 26.587500000000002 0 2.7786888587804408 0.069983696104277918 0.041723856864324567 -0.017925656378452001 2000.5000000000002 1993.5000000000002
decision_type=2 8 10 8 2 10 2 1 2 8 10 8 2 2
left_child=1 3 7 -1 5 -2 -7 10 9 -9 -3 12 13 -6
right_child=4 2 -4 -5 11 6 -8 8 -10 -11 -12 -13 -14 -15
leaf_value=-0.00089864482366764416 -0.00026721233921061144 1.3969116034399011e-05 -0.0012650343519000982 0.00014104296660584115 0.00061294342423485223 0.001510294433410864 7.9349102945702e-06 7.4637057586018538e-05 -2.9641494071371255e-05 -0.00021468618920123802 0.00069890859602906663 -1.9034761973752157e-06 0.00031506771378522806 -7.5324704238936561e-05
leaf_weight=251 34 177 139 66 255 41 31 75 235 31 89 4805 1012 925
leaf_count=251 34 177 139 66 255 41 31 75 235 31 89 4805 1012 925
internal_value=0.000146951 -0.0016651 8.0429e-05 -0.00577287 0.000418133 0.00735849 0.0133333 0.00163097 -0.000940171 0.00509434 0.00478261 0.000312991 0.00156022 -0.000152542
internal_weight=8166 1063 746 317 7103 106 72 607 341 106 266 6997 2192 1180
internal_count=8166 1063 746 317 7103 106 72 607 341 106 266 6997 2192 1180
cat_boundaries=0 1
cat_threshold=865
is_linear=0
shrinkage=0.03


Tree=209
num_leaves=15
num_cat=1
split_feature=3 8 6 1 7 10 2 6 6 3 6 2 6 8
split_gain=3.56972 3.13038 3.1376 7.56944 6.92371 10.68 14.6478 9.36919 11.1199 8.8191 8.49175 7.11313 7.12915 6.78278
threshold=12.963249221348677 12.815372356847565 0.0048813665908546975 0 0.032157656839918232 20.030000000000005 2004.5000000000002 0.10886853732822922 0.050851464672887488 9.420965891348887 0.025117868579069839 1995.5000000000002 0.28156924836525127 11.495015039468921
decision_type=2 2 10 1 10 2 2 10 10 2 10 2 10 2
left_child=1 2 -1 4 9 6 7 8 10 -4 -6 -11 -13 -7
right_child=-2 -3 3 -5 5 13 -8 -9 -10 11 -12 12 -14 -15
leaf_value=6.6698211248041621e-06 -0.00078926361428252861 0.00021705101410411014 -0.0011985083923714626 -6.2392027868759378e-05 0.00066904968545078631 0.00059245754088579395 -0.0013270944130188271 -9.8194383846762103e-05 0.0012849254164304087 -0.00014228054852732602 -0.00068818392208734298 8.1444405448435068e-06 0.00066588349350562843 2.2261446133229717e-05
leaf_weight=4275 35 60 60 1893 35 323 86 152 83 256 38 692 35 171
leaf_count=4275 35 60 60 1893 35 323 86 152 83 256 38 692 35 171
internal_value=0.000131804 0.000172815 0.000122237 -0.000502092 0.000819165 0.00277027 -0.000913706 0.00214286 0.00730769 -0.000834132 -0.00123288 -0.000152594 0.00136176 0.0057085
internal_weight=8194 8159 8099 3824 1931 888 394 308 156 1043 73 983 727 494
internal_count=8194 8159 8099 3824 1931 888 394 308 156 1043 73 983 727 494
cat_boundaries=0 1
cat_threshold=143
is_linear=0
shrinkage=0.03


Tree=210
num_leaves=15
num_cat=3
split_feature=0 4 0 10 9 2 7 2 4 6 7 0 5 2
split_gain=17.5457 10.9591 7.01081 6.10666 6.50037 5.84057 12.2631 9.50694 4.69292 5.06366 5.03836 21.6593 8.06964 7.95878
threshold=0 8.9461140702258621 1 20.565208333333334 7.8428083409981904 1996.5000000000002 -0.12626657401743777 1994.5000000000002 8.9874467581828004 0.66980692387133633 -0.039111373106269547 2 11.553280145706252 2005.5000000000002
decision_type=9 8 9 2 2 2 10 2 8 10 10 9 8 2
left_child=-1 3 5 -2 -5 7 -7 -3 -4 10 11 13 -13 -10
right_child=1 2 8 4 -6 6 -8 -9 9 -11 -12 12 -14 -15
leaf_value=-4.8898311063191683e-05 1.4007079659960428e-05 0.00023880561574305556 -0.00035585941733776622 0.0012715372724919636 9.9232329837011858e-06 0.0041396178591731649 4.4593341746891395e-06 0.00070623986392158661 -0.00050017470353640983 -0.007210797451272696 8.1829126685660177e-06 -5.494745267473205e-05 0.00032530597331447981 0.00061192168021519913
leaf_weight=2683 96 192 32 110 41 39 543 96 534 30 3043 283 320 50
leaf_count=2683 96 192 32 110 41 39 543 96 534 30 3043 283 320 50
internal_value=7.41473e-06 0.000990958 0.000697404 0.00716599 0.0109272 0.00313636 0.0014433 0.00666667 0.000195258 0.00028169 0.000368794 -0.00128896 0.00269168 -0.00535354
internal_weight=8092 5409 5162 247 151 870 582 288 4292 4260 4230 1187 603 584
internal_count=8092 5409 5162 247 151 870 582 288 4292 4260 4230 1187 603 584
cat_boundaries=0 4 8 11
cat_threshold=855745708 1163920388 2248769718 24 3221225985 545301121 268447744 2 72108288 33692008 1212549193
is_linear=0
shrinkage=0.03


Tree=211
num_leaves=15
num_cat=9
split_feature=0 0 7 0 1 0 0 2 10 8 7 0 0 1
split_gain=17.9563 7.68981 7.43775 17.0979 8.82305 13.9686 11.3736 7.41828 8.48713 8.9009 7.22272 10.272 9.22197 6.47072
threshold=0 1 -0.22025952514847222 2 3 4 5 2005.5000000000002 22.042500000000004 10.445899044311703 0.0076632568247738684 6 7 8
decision_type=9 9 10 9 1 9 9 2 2 2 10 9 9 1
left_child=-1 7 3 13 6 -6 -4 -2 -9 -10 11 -8 -12 -3
right_child=1 2 4 -5 5 -7 10 8 9 -11 12 -13 -14 -15
leaf_value=4.877634472729104e-05 -2.9342169373078704e-05 6.4574460239080132e-05 -0.00017882775339228286 0.00046586262429596642 -1.5812418820615305e-05 6.215825945399164e-05 -2.9886078413928865e-05 -0.00084033036177220619 -0.00058261204138933753 0.00012013191439154884 -0.00035255444076151505 0.00021063866161594557 3.5160049515636758e-05 -0.0007485347566216859
leaf_weight=2080 980 101 973 485 904 1218 217 128 37 39 213 305 314 110
leaf_count=2080 980 101 973 485 904 1218 217 128 37 39 213 305 314 110
internal_value=0.000273939 -0.000556845 -2.47423e-05 0.00284483 -0.000506757 0.000844278 -0.00191929 -0.00271357 -0.00794118 0 0.000254958 0.00275862 -0.00222011 -0.00420814
internal_weight=8104 6024 4840 696 4144 2122 2022 1184 204 76 1049 522 527 211
internal_count=8104 6024 4840 696 4144 2122 2022 1184 204 76 1049 522 527 211
cat_boundaries=0 4 8 12 13 17 21 24 28 29
cat_threshold=3574093824 213943937 1258443100 2 2171808 270542928 34 8 574881797 50528256 2147486208 16 424 46301194 1380610 338494464 16 676332628 1610629160 2155651712 5 8683528 51380224 268437505 33816585 721154 536936448 16 184
is_linear=0
shrinkage=0.03


Tree=212
num_leaves=15
num_cat=1
split_feature=1 9 4 4 5 9 10 4 9 7 2 8 5 4
split_gain=6.83098 7.52829 5.63431 5.35902 4.92293 4.53018 4.62234 5.6568 5.35846 6.34847 4.53099 6.33305 5.84607 6.35215
threshold=0 1.2684331943593559 11.358637270770613 12.959425531988886 11.41766928219562 11.491548597332018 19.785000000000004 12.280790427403554 11.278359738487197 0.12087108407307491 1998.5000000000002 9.1253153538616196 9.2961510241778047 9.3588465468388424
decision_type=1 2 10 10 8 2 2 10 2 8 2 2 8 10
left_child=1 -1 -2 5 -4 6 8 10 9 -3 11 -8 -12 -14
right_child=2 3 4 -5 -6 -7 7 -9 -10 -11 12 -13 13 -15
leaf_value=0.00013686669540596231 -2.629801941147966e-06 0.00012602573133550009 -0.0005768725587962356 -0.00041537642961530331 -7.8939067798446173e-06 0.00032474041412633377 0.00049899836097423646 -0.00030141978120166361 -0.0002637862975010009 -7.6429767094693087e-05 -0.00021025027023227505 -6.1514367636032559e-05 0.0011637415479572647 3.9019293788517304e-05
leaf_weight=41 4225 1045 74 32 570 46 44 65 76 296 93 699 30 804
leaf_count=41 4225 1045 74 32 570 46 44 65 76 296 93 699 30 804
internal_value=6.63391e-05 0.00112466 -0.000645624 0.000965944 -0.00326087 0.00108818 0.000951777 -8.64553e-05 0.00222301 0.00266219 0.000251497 -0.00149394 0.00165049 0.00244604
internal_weight=8140 3271 4869 3230 644 3198 3152 1735 1417 1341 1670 743 927 834
internal_count=8140 3271 4869 3230 644 3198 3152 1735 1417 1341 1670 743 927 834
cat_boundaries=0 1
cat_threshold=138
is_linear=0
shrinkage=0.03


Tree=213
num_leaves=15
num_cat=7
split_feature=0 2 0 0 1 3 0 2 2 1 7 10 9 0
split_gain=15.765 4.80167 26.4838 12.6726 10.4421 10.3506 7.38047 7.84821 7.33332 9.29649 8.15382 7.83426 7.16781 6.97829
threshold=0 1994.5000000000002 1 2 3 8.6871890949606758 4 1998.5000000000002 1993.5000000000002 5 -0.012776430463484532 26.105000000000004 10.354412777997986 6
decision_type=9 2 9 9 1 2 9 2 2 1 8 2 2 9
left_child=-1 2 -2 -3 13 -4 7 -6 9 -7 -11 -10 -12 -5
right_child=1 3 5 4 6 8 -8 -9 11 10 12 -13 -14 -15
leaf_value=4.4243338823945263e-05 9.0046776348762632e-05 -3.9941260695026062e-05 0.003866212293995407 0.00032120133309616487 -0.0001013167772898363 2.8783889211041329e-05 -4.0325888428053148e-05 0.00011431540260200053 -0.00068081012250019771 0.00015728706626650003 -0.00048301193826563304 -0.0008625772685523453 0.00043029916262727068 1.8293078448465144e-05
leaf_weight=2152 423 1925 53 446 153 225 814 415 192 59 266 37 32 975
leaf_count=2152 423 1925 53 446 153 225 814 415 192 59 266 37 32 975
internal_value=-3.30599e-05 -0.000821577 -0.00244755 -0.000380711 0.000906506 -0.00542334 -0.000948276 0.0016609 -0.00632552 -0.00453608 -0.00743869 -0.0108734 -0.00966443 0.0027044
internal_weight=8167 6015 1287 4728 2803 864 1382 568 811 582 357 229 298 1421
internal_count=8167 6015 1287 4728 2803 864 1382 568 811 582 357 229 298 1421
cat_boundaries=0 4 7 11 12 16 17 21
cat_threshold=3230683315 68157475 2953999785 2 12 2030354524 71401536 673194568 1885659228 1145667668 16 279 54691844 33751808 153092096 1 568 268436736 25693696 50593792 12
is_linear=0
shrinkage=0.03


Tree=214
num_leaves=15
num_cat=6
split_feature=0 0 2 0 7 1 4 3 3 7 7 0 0 2
split_gain=20.5227 6.98635 6.90889 13.839 12.3408 6.22073 9.01604 6.11083 6.05729 6.75409 5.93013 12.4264 11.0507 7.60351
threshold=0 1 1994.5000000000002 2 -0.026458129484703271 3 9.812988281354313 10.092060360871287 11.940227059841739 0.025806180073035371 0.067187291054702683 4 5 1998.5000000000002
decision_type=9 9 2 9 10 1 10 2 2 8 10 9 9 2
left_child=-1 -2 3 4 7 6 -5 -3 9 -7 11 -4 -12 -14
right_child=1 2 10 5 -6 8 -8 -9 -10 -11 12 -13 13 -15
leaf_value=-5.4274242869570933e-05 3.8949082489541703e-05 0.002786321323744209 0.0010089368134154071 -0.0001374057996068258 -8.529407639926311e-05 -9.0329329905421986e-05 -0.0014811355392040076 0.00014171221648356911 -0.00057682656497536858 0.00037265464428361717 0.00023627520207832097 8.8507064108216262e-06 -0.00068039250393320326 -0.00010314285054431108
leaf_weight=2567 2123 50 218 173 98 51 119 91 44 124 218 1964 93 226
leaf_count=2567 2123 50 218 173 98 51 119 91 44 124 218 1964 93 226
internal_value=0.000202231 0.00122099 0.000388043 -0.00216 0.00373494 -0.00489443 -0.00774834 0.00957447 -0.000917031 0.00154286 0.00109231 0.00178735 -0.00173184 -0.00519757
internal_weight=8159 5592 3469 750 239 511 292 141 219 175 2719 2182 537 319
internal_count=8159 5592 3469 750 239 511 292 141 219 175 2719 2182 537 319
cat_boundaries=0 4 8 12 13 16 20
cat_threshold=539177828 35730468 2151998515 17 2157461650 479363283 588775616 2 268435464 537149448 335609856 8 355 16779265 524800 134222080 38044680 262144 2230272 12
is_linear=0
shrinkage=0.03


Tree=215
num_leaves=15
num_cat=5
split_feature=0 6 5 0 4 7 0 1 0 3 3 5 6 2
split_gain=21.3521 6.09868 5.13471 9.99926 12.5369 7.95547 7.39455 4.93486 4.76442 8.7816 6.72173 7.75123 7.53277 6.48335
threshold=0 0.66980692387133633 11.118615384162393 1 11.095863369980146 0.032157656839918232 2 3 4 12.237178737780711 10.89121483430479 10.995049965164869 -0.045370402738768682 2000.5000000000002
decision_type=9 10 8 9 8 10 9 1 9 2 2 10 10 2
left_child=1 2 6 5 -5 -4 7 -1 9 10 13 -12 -13 -2
right_child=8 -3 3 4 -6 -7 -8 -9 -10 -11 11 12 -14 -15
leaf_value=-0.00049973451012832689 -3.0928781163993416e-06 -0.0037697813750385018 5.69081877734101e-05 -0.00086197066269199372 -0.00016734306680528033 -0.00091620451272901267 8.2563448858094612e-06 -2.6996794879669549e-05 7.41457089049606e-06 -0.00018798096199289203 0.00035870052338464139 0.00080076390801149067 6.7333256345030656e-06 0.00022130273312786599
leaf_weight=214 597 43 326 73 542 71 1165 307 3550 130 143 114 424 458
leaf_count=214 597 43 326 73 542 71 1165 307 3550 130 143 114 424 458
internal_value=0.000114013 -0.00203926 -0.00186805 -0.00355731 -0.005904 0.00022113 -0.000854093 -0.00378531 0.00120531 0.0024307 0.00300691 0.0053304 0.0036803 0.00150711
internal_weight=8157 2741 2698 1012 615 397 1686 521 5416 1866 1736 681 538 1055
internal_count=8157 2741 2698 1012 615 397 1686 521 5416 1866 1736 681 538 1055
cat_boundaries=0 4 8 12 13 17
cat_threshold=636038416 23930384 2168458242 28 545260544 6619664 16777216 20 8397824 6555136 16777216 16 288 2147635713 1242611712 1342853341 2
is_linear=0
shrinkage=0.03


Tree=216
num_leaves=15
num_cat=4
split_feature=0 5 3 0 0 7 4 1 6 2 4 5 5 7
split_gain=17.9217 6.84622 10.8439 10.8269 8.79587 7.31174 6.73516 5.87445 9.76146 5.81319 5.55415 8.21087 8.51569 5.50052
threshold=0 9.710448587001089 9.813590031973991 1 2 0.014652314723575534 9.5469554453359766 3 0.21792975580647236 2001.5000000000002 10.267296970279903 10.414558113797947 10.718719607526355 -0.025481874346094276
decision_type=9 10 2 9 9 10 10 1 8 2 10 10 8 10
left_child=1 3 9 6 10 7 -1 8 -5 -3 -4 -12 -13 -6
right_child=-2 2 4 5 13 -7 -8 -9 -10 -11 11 12 -14 -15
leaf_value=-0.00044173863334960307 1.6077008297685681e-05 0.0014340180187281714 -0.00051424758600698329 -0.00090794327504634858 0.00059371662248828942 0.00010152083942303479 -0.00079165566855707531 -8.2875653315225132e-06 0.00052321677543036788 -1.0357258249277333e-05 0.00085230922224458112 -0.00060456493046662089 -3.7488982603975363e-05 -1.5277264583303789e-06
leaf_weight=301 5728 65 115 78 149 176 94 210 38 35 31 68 500 598
leaf_count=301 5728 65 115 78 149 176 94 210 38 35 31 68 500 598
internal_value=0.000388468 -0.00175041 -0.000557335 -0.00384615 -0.0012115 -0.000820312 -0.00748148 -0.00349693 -0.00857143 0.009 -0.00356354 -0.00245409 -0.00327465 0.00107001
internal_weight=8186 2458 1561 897 1461 502 395 326 116 100 714 599 568 747
internal_count=8186 2458 1561 897 1461 502 395 326 116 100 714 599 568 747
cat_boundaries=0 4 8 12 13
cat_threshold=553726612 573396005 1579558 22 8192 35651588 6658 16 69760 283681 524324 6 176
is_linear=0
shrinkage=0.03


Tree=217
num_leaves=15
num_cat=1
split_feature=6 8 2 2 5 7 6 10 3 10 7 10 1 2
split_gain=3.33831 3.45942 3.49343 5.69247 5.18488 3.78633 2.98961 7.08542 2.51706 3.59615 2.08595 11.2783 7.47998 7.12881
threshold=1.1513664388264522 8.6691089923285354 1996.5000000000002 1992.5000000000002 8.3715880869100037 -0.20723622659845284 0.66980692387133633 18.411250000000006 8.2236219951711558 20.775000000000002 -0.066426536658433996 14.525000000000002 0 1996.5000000000002
decision_type=10 2 2 2 8 8 10 2 2 2 8 2 1 2
left_child=1 2 3 -1 -5 -4 10 -8 -7 -10 11 12 13 -3
right_child=-2 6 5 4 -6 8 7 -9 9 -11 -12 -13 -14 -15
leaf_value=-0.00016473944553375532 -0.0036411836240566342 -0.00076080262955044962 -0.00418591847258827 0.0007331582880464229 0.0073884814929424782 -0.00014026977385030962 -0.0058299401088225252 0.0013956580118830732 5.5949138263773805e-05 7.6551983522929984e-07 5.3630932813015302e-06 -0.00035510303132855906 -9.2986996138165736e-05 0.0034609752900100392
leaf_weight=34 32 33 35 34 31 47 31 30 34 39 6826 690 148 76
leaf_count=34 32 33 35 34 31 47 31 30 34 39 6826 690 148 76
internal_value=0.000295567 0.000333828 0.00377953 0.00818182 0.0133846 0.000967742 0.000222109 -0.00639344 0.0035 0.0069863 0.000274025 -0.00104541 0.00431907 0.00983193
internal_weight=8120 8088 254 99 65 155 7834 61 120 73 7773 947 257 109
internal_count=8120 8088 254 99 65 155 7834 61 120 73 7773 947 257 109
cat_boundaries=0 1
cat_threshold=258
is_linear=0
shrinkage=0.03


Tree=218
num_leaves=15
num_cat=6
split_feature=0 0 1 6 0 5 0 6 1 9 8 3 3 10
split_gain=16.382 5.75583 6.72515 9.85902 9.42514 7.85636 7.27802 7.09806 5.63486 7.66619 8.2342 11.0852 8.94976 13.8895
threshold=0 1 2 0.0043154424896094676 3 9.2961510241778047 4 0.071599706207713623 5 3.0308452290445955 11.922935613515799 12.031802584775058 11.173395528240667 25.897954545454549
decision_type=9 9 1 10 9 10 9 8 1 2 2 2 2 2
left_child=8 2 3 6 -5 -6 -2 -4 9 -1 12 -12 -11 -14
right_child=1 -3 7 4 5 -7 -8 -9 -10 10 11 -13 13 -15
leaf_value=0.00010861729089606259 6.3596405485514623e-05 2.0813262951405144e-06 -2.0807306015550806e-05 0.00022078525168878183 -0.0014627479458373467 -2.3701532612579111e-05 0.00058993948534507212 0.00015820153762255955 -0.00013146396183983278 -1.5882583291065843e-05 -0.0017617298440672647 -0.00014844772818678039 4.5317512239246205e-05 0.00067273789129507688
leaf_weight=41 215 3472 966 224 37 251 273 354 1323 561 32 161 192 79
leaf_count=41 215 3472 966 224 37 251 273 354 1323 561 32 161 192 79
internal_value=0.000172351 0.00103413 0.00218884 0.0040396 0.00117187 -0.00241611 0.00713115 0.000766917 -0.0019133 -0.00027881 -0.000790244 -0.00637306 0.000504808 0.00498155
internal_weight=8181 5792 2320 1000 512 288 488 1320 2389 1066 1025 193 832 271
internal_count=8181 5792 2320 1000 512 288 488 1320 2389 1066 1025 193 832 271
cat_boundaries=0 4 8 9 12 15 16
cat_threshold=1765321797 337748001 940836996 8 79695874 1619151894 3311431729 4 834 67108866 8539154 16789504 2 8539158 67121152 93
is_linear=0
shrinkage=0.03


Tree=219
num_leaves=15
num_cat=6
split_feature=0 1 0 8 6 0 2 7 6 5 2 0 0 2
split_gain=17.6808 10.0486 16.3944 11.1798 13.4495 9.58541 8.60954 7.8353 6.69297 6.24577 5.96581 31.0038 15.8066 10.1082
threshold=0 1 2 11.841395508930736 0.074230367936920075 3 2007.5000000000002 0.0014361524356405477 -0.52958449008407971 11.849586967092025 1993.5000000000002 4 5 1994.5000000000002
decision_type=9 1 9 2 10 9 2 10 10 10 2 9 9 2
left_child=1 2 -1 4 -4 8 10 -8 -3 -9 11 -2 -12 -14
right_child=6 5 3 -5 -6 -7 7 9 -10 -11 12 -13 13 -15
leaf_value=0.00010532275808393474 0.00068238191469851726 0.00048928901845162929 -3.2778109237280832e-05 -0.00087791637848052629 0.0011101321049744076 -0.00044166381970250435 0.00055059738710373286 -2.1057743414761457e-05 -1.8852861845416111e-05 0.00037291873312360856 3.0374294888574968e-05 -3.992419865812911e-05 -0.00042926726987979169 -1.4142876646114573e-05
leaf_weight=363 308 62 331 184 63 1002 142 147 655 30 2140 546 147 2049
leaf_count=363 308 62 331 184 63 1002 142 147 655 30 2140 546 147 2049
internal_value=-1.83621e-05 -0.00202247 0.000473186 -0.00265306 0.000152284 -0.00338346 0.000951259 0.00573668 -0.000701513 0.00152542 0.00065896 0.00295082 0.000207565 -0.00157752
internal_weight=8169 2660 941 578 394 1719 5509 319 717 177 5190 854 4336 2196
internal_count=8169 2660 941 578 394 1719 5509 319 717 177 5190 854 4336 2196
cat_boundaries=0 4 5 9 13 17 20
cat_threshold=1124804256 706748520 406359936 20 141 33685664 169869320 2621440 16 1090585600 8224 403703680 4 269484107 1098887 2218860544 8 2896183553 361698064 2701537355
is_linear=0
shrinkage=0.03


Tree=220
num_leaves=15
num_cat=1
split_feature=1 9 9 5 10 4 7 8 8 7 4 5 2 10
split_gain=3.85444 5.67607 5.7148 5.34008 7.9774 6.03225 5.19064 9.70725 11.5827 10.9986 7.0032 6.92626 7.52889 6.78935
threshold=0 4.1587609981435856 4.0556970137588264 9.9036375300406281 23.995000000000001 12.007524124336969 0.0042284468488911217 10.649074594704922 10.795608550563438 0.006324074710709394 11.188710763743908 9.7360151916030642 2004.5000000000002 25.375000000000004
decision_type=1 2 2 8 2 8 10 2 2 10 10 10 2 2
left_child=1 2 3 4 -1 -5 10 11 -9 -10 -3 12 -8 -12
right_child=-2 6 -4 5 -6 -7 7 8 9 -11 13 -13 -14 -15
leaf_value=-0.0034858456127792562 -7.280541996159007e-06 5.5220663846934221e-05 -0.0010884651947723528 4.0777568350431909e-05 -4.350904827667942e-05 -0.00026404505205313293 2.914915827801928e-05 -0.0010140855453195426 -0.00042149685806470679 -9.4870602510953294e-06 0.0003840889444863576 0.00023503267204580286 -0.00089743308646450526 -0.0001162982351312673
leaf_weight=47 4674 945 37 188 133 40 175 81 37 759 430 469 50 66
leaf_count=47 4674 945 37 188 133 40 175 81 37 759 430 469 50 66
internal_value=-9.22396e-05 0.000666282 -0.00249438 -0.00147059 -0.00533333 0.00157895 0.00113546 -5.72884e-05 -0.00215507 -0.00105528 0.00243581 0.00259366 -0.00173333 0.00532258
internal_weight=8131 3457 445 408 180 228 3012 1571 877 796 1441 694 225 496
internal_count=8131 3457 445 408 180 228 3012 1571 877 796 1441 694 225 496
cat_boundaries=0 1
cat_threshold=26
is_linear=0
shrinkage=0.03


Tree=221
num_leaves=15
num_cat=7
split_feature=0 0 1 8 1 0 6 6 6 4 8 6 1 0
split_gain=16.8775 5.60954 5.25895 5.67051 4.76748 5.96728 5.19582 5.0039 5.13497 4.78159 4.5406 6.18015 4.4725 7.22318
threshold=0 1 2 11.045659183353786 3 4 -0.21503716013926064 -0.012171400403822473 0.017908723891472359 10.092246669275951 8.9350089400415538 0.029541410376526581 5 6
decision_type=9 9 1 2 1 9 10 8 10 10 2 8 1 9
left_child=4 2 3 -2 5 7 -7 -1 -9 -10 11 -6 13 -3
right_child=1 12 -4 -5 10 6 -8 8 9 -11 -12 -13 -14 -15
leaf_value=0.00099478253400130698 8.1601125888407737e-05 -0.00032886689697924569 -3.3966905139991909e-05 -6.2809906369752814e-06 0.00043578250907641417 0.0021336176811842808 0.00013803003269182416 -0.00015977193307124097 0.00015354407566442536 -0.00038711835259978914 1.3305485324150943e-05 -6.1696731576277653e-05 1.3718071629636209e-05 -1.1696402997342854e-05
leaf_weight=92 53 122 2210 63 57 48 351 50 31 45 1821 36 2521 675
leaf_count=92 53 122 2210 63 57 48 351 50 31 45 1821 36 2521 675
internal_value=0.000319266 -0.00059427 -0.00172089 0.00428571 0.00234947 0.00464115 0.00682152 0.000526316 -0.00333333 0.00157895 0.00159044 0.00806452 0.000198317 -0.00174721
internal_weight=8175 5644 2326 116 2531 617 399 218 126 76 1914 93 3318 797
internal_count=8175 5644 2326 116 2531 617 399 218 126 76 1914 93 3318 797
cat_boundaries=0 4 8 9 10 14 15 18
cat_threshold=2192724611 546570441 822412400 11 1090888712 1363816496 2351595782 16 516 388 131 546308225 805306400 9 100 671088640 136347650 8
is_linear=0
shrinkage=0.03


Tree=222
num_leaves=15
num_cat=4
split_feature=0 7 10 10 8 10 10 6 6 7 0 0 1 7
split_gain=13.0249 13.3075 6.47965 6.07474 5.4313 8.25247 9.09106 5.95238 5.36383 5.25984 20.6163 10.0489 9.72147 7.75095
threshold=0 0.131463292149713 21.155000000000005 27.525000000000002 8.9350089400415538 21.520000000000007 19.975000000000005 0.076336925613552445 0.10535076808223566 -0.023850300466386806 1 2 3 -0.12626657401743777
decision_type=9 10 2 2 2 2 2 10 10 8 9 9 1 10
left_child=1 4 8 -4 5 6 -1 -7 -3 10 13 -11 -12 -2
right_child=9 2 3 -5 -6 7 -8 -9 -10 11 12 -13 -14 -15
leaf_value=2.1602992154883475e-05 0.0030938028061183826 -0.00041345718768253617 -0.00023647848617010646 -0.0045987705929337163 -1.3651800016334478e-05 0.0032499867937540658 -0.00041740517340286962 0.00012881476080024416 -0.0056268596486338286 3.3074256176746607e-05 0.00014672913832215902 -1.1175176525806511e-05 -0.00028069121322028416 0.00045670045857752598
leaf_weight=47 133 31 87 30 2427 54 46 30 61 1554 337 2537 421 316
leaf_count=47 133 31 87 30 2427 54 46 30 61 1554 337 2537 421 316
internal_value=-0.000107262 -0.00175345 -0.00904306 -0.00435897 -0.00117512 0.00389831 -0.00225806 0.0107143 -0.015 0.000768651 0.00251036 0.000256661 -0.000546875 0.00751634
internal_weight=8111 2813 209 117 2604 177 93 84 92 5298 1207 4091 758 449
internal_count=8111 2813 209 117 2604 177 93 84 92 5298 1207 4091 758 449
cat_boundaries=0 4 8 12 13
cat_threshold=589505090 2030314736 2818705730 24 206045232 8454663 18649617 1 1083459972 74600448 1411670056 6 274
is_linear=0
shrinkage=0.03


Tree=223
num_leaves=15
num_cat=4
split_feature=0 7 7 0 3 0 6 3 0 5 10 7 7 7
split_gain=19.6715 6.14039 6.10731 11.6136 8.78758 5.29165 7.79339 7.41922 10.1714 9.74086 9.83222 7.55854 7.30641 10.4571
threshold=0 -0.16150665039632181 0.04356835732483378 1 9.236836234594664 2 0.1412377165038077 10.348109264555442 3 10.352554700965948 23.735000000000003 0.050354999794748341 0.1037898707795253 0.20118788956944969
decision_type=9 8 10 9 2 9 10 2 9 8 2 8 10 10
left_child=1 -1 -3 -4 -5 7 -7 9 11 -2 -11 -9 -10 -14
right_child=5 2 3 4 -6 6 -8 8 12 10 -12 -13 13 -15
leaf_value=0.0028943568627456989 -6.1773409769201028e-06 1.1825872874787262e-05 -0.0002012891186007951 0.0013173778148337009 0.00040827589724663321 -1.0342263270002201e-05 -0.00087262291800639462 3.4379834119972485e-05 -2.6743744917070466e-05 -0.0022927212584017164 2.2896475599273152e-05 0.00045928878887956218 0.0010061251959845772 -0.0013048567276992505
leaf_weight=102 1144 1735 210 35 439 2504 349 405 730 131 71 192 59 31
leaf_count=102 1144 1735 210 35 439 2504 349 405 730 131 71 192 59 31
internal_value=-3.68686e-06 0.00219281 0.00189748 0.00429825 0.00681818 -0.000991824 -0.00189661 -5.4093e-05 0.00146083 -0.00164933 -0.00772277 0.00439868 -0.000722892 0.00733333
internal_weight=8137 2521 2419 684 474 5616 2853 2763 1417 1346 202 597 820 90
internal_count=8137 2521 2419 684 474 5616 2853 2763 1417 1346 202 597 820 90
cat_boundaries=0 4 7 11 15
cat_threshold=2294301578 223465986 1258614785 4 142606338 4194818 45057 872450101 578953564 2489845274 24 536872993 33554508 2483027978 24
is_linear=0
shrinkage=0.03


Tree=224
num_leaves=15
num_cat=4
split_feature=0 1 6 0 0 7 6 2 2 4 6 6 9 2
split_gain=12.3507 12.5167 10.0132 7.94397 7.16879 6.62166 10.9678 5.58189 5.38985 5.49346 5.48773 5.36723 5.33858 5.26003
threshold=0 1 -0.26476653851356419 2 3 0.053451668947796634 0.074230367936920075 2000.5000000000002 1995.5000000000002 10.124869550019385 0.09781189380838208 0.75669377845877517 6.8592045213380723 1997.5000000000002
decision_type=9 1 8 9 9 8 8 2 2 10 10 10 2 2
left_child=1 3 -3 -1 7 -6 -7 -4 9 -5 13 -2 -9 -10
right_child=11 2 4 8 5 6 -8 12 10 -11 -12 -13 -14 -15
leaf_value=0.00032295362652105689 -4.292265860869297e-06 -0.0028873593282717084 6.3825429137061218e-06 3.4795634446309984e-05 -0.00014926717970687356 0.00082290622543006219 -0.00023368506654827036 8.2863958728544656e-05 -0.00057411611351113393 0.00029995627698398966 0.00046639871282961969 -0.0035186429617688961 0.00030891116367455122 -1.0105801839664333e-05
leaf_weight=591 5726 45 280 81 379 82 117 181 50 72 76 61 49 274
leaf_count=591 5726 45 280 81 379 82 117 181 50 72 76 61 49 274
internal_value=0.000245536 0.00211194 -0.000131234 0.00431542 0.000441176 -0.00183673 0.00256281 0.003 0.00165187 0.00647059 -0.00015 -0.000491634 0.00652174 -0.00185185
internal_weight=8064 2277 1133 1144 1088 578 199 510 553 153 400 5787 230 324
internal_count=8064 2277 1133 1144 1088 578 199 510 553 153 400 5787 230 324
cat_boundaries=0 3 4 7 10
cat_threshold=3770564894 1289783306 2098232 270 2693021954 1084227594 2097192 1966084 67143680 1024
is_linear=0
shrinkage=0.03


Tree=225
num_leaves=15
num_cat=3
split_feature=0 3 0 6 3 6 10 6 6 10 3 5 0 7
split_gain=15.6599 7.83972 7.17166 6.73716 10.1879 5.94746 8.93249 6.4657 10.6359 7.01387 5.83563 6.05188 5.17929 6.88196
threshold=0 7.8019973345292053 1 -0.42672018232967796 9.6069665110604436 0.11870540680184762 20.249375000000004 0.0081282041319417093 0.034693739602658986 27.425000000000004 9.9690879559012817 11.079569949044654 2 0.14377873669655197
decision_type=9 2 9 10 2 10 2 10 10 2 2 10 9 8
left_child=-1 -2 5 4 -4 7 -7 9 -9 10 -3 -12 -5 -14
right_child=1 2 3 12 -6 6 -8 8 -10 -11 11 -13 13 -15
leaf_value=6.655753843290382e-05 0.010066523924791248 -0.00051566457512141543 0.0014698830870991833 -5.4000904266213874e-05 1.1488173816435074e-05 -0.0033224434029547551 -0.0003700725655685314 7.9214184784786313e-05 -0.00041702747643368546 -1.8889578590224693e-05 8.8348224113348812e-05 -1.5799708495949299e-05 -2.5619925780077565e-06 0.00020521907283852287
leaf_weight=2287 38 237 108 1759 255 94 100 106 122 75 174 148 2330 324
leaf_count=2287 38 237 108 1759 255 94 100 106 122 75 174 148 2330 324
internal_value=-0.000128724 -0.00094898 -0.00103909 -0.000539072 0.00338843 -0.00326454 -0.00804124 -0.00222738 0.00210526 -0.00378549 -0.0026297 0 -0.000863358 -2.25225e-05
internal_weight=8157 5870 5832 4776 363 1056 194 862 228 634 559 322 4413 2654
internal_count=8157 5870 5832 4776 363 1056 194 862 228 634 559 322 4413 2654
cat_boundaries=0 3 7 11
cat_threshold=3372794515 1149291586 1275474600 536879104 807936032 570425415 17 41948160 184816385 20561936 8
is_linear=0
shrinkage=0.03


Tree=226
num_leaves=15
num_cat=5
split_feature=0 6 0 0 6 6 0 0 2 5 5 2 6 6
split_gain=13.9936 6.31444 28.6049 11.0744 6.67248 6.10829 12.3798 8.22159 7.43667 8.00002 14.5073 6.26853 12.4567 7.69503
threshold=0 -0.056781345190817227 1 2 -0.056781345190817227 0.10535076808223566 3 4 2004.5000000000002 11.920312056246745 11.057826206391626 1994.5000000000002 0.12618964605922492 0.14983280602577501
decision_type=9 8 9 9 10 8 9 9 2 10 8 2 10 10
left_child=-1 2 -2 4 -3 7 11 8 -5 10 -10 13 -13 -7
right_child=1 3 -4 5 -6 6 -8 -9 9 -11 -12 12 -14 -15
leaf_value=-3.4272543599545287e-05 -0.00029748328847673384 0.00037856442070641796 0.00090546286647759508 -7.3097096863208354e-05 1.3208353684343517e-05 2.6433275391289331e-05 -0.00064626279831958523 1.3027215747895722e-05 -1.2906019524433643e-05 -0.00023633949661127236 0.00045050939510811992 -0.00080742289781080728 0.00054448436193264263 -0.0042077195504043059
leaf_weight=2612 417 132 732 576 1661 89 443 1022 101 32 54 30 184 38
leaf_count=2612 417 132 732 576 1661 89 443 1022 101 32 54 30 184 38
internal_value=-0.000461652 0.000396667 0.00237598 -0.000123796 0.00168053 -0.00138426 -0.00359694 -0.000420168 -0.0027555 0.00240642 0.00522581 0.000769231 0.00392523 -0.00448819
internal_weight=8123 5511 1149 4362 1793 2569 784 1785 763 187 155 341 214 127
internal_count=8123 5511 1149 4362 1793 2569 784 1785 763 187 155 341 214 127
cat_boundaries=0 4 8 12 15 19
cat_threshold=1700306948 10639384 2756871618 10 33947650 22054339 151584772 17 2181432066 223379907 1225326597 17 411108560 302055940 268697600 276825328 537199140 302252032 4
is_linear=0
shrinkage=0.03


Tree=227
num_leaves=15
num_cat=7
split_feature=0 6 0 6 1 0 6 2 4 7 3 1 0 0
split_gain=16.9595 9.46337 11.1153 9.95525 8.42757 10.4731 9.73208 8.32684 8.6065 8.22413 8.00308 7.05318 23.6513 12.5378
threshold=0 0.051909732434794804 1 0.013572956697620599 2 3 -0.19737862286595662 1996.5000000000002 11.407109287735643 0.036700740815200479 9.3799987227651851 4 5 6
decision_type=9 10 9 10 1 9 10 2 10 10 2 1 9 9
left_child=1 3 -3 4 -1 6 10 8 -8 -9 -6 12 -2 -13
right_child=11 2 -4 -5 5 -7 7 9 -10 -11 -12 13 -14 -15
leaf_value=0.00011241558302527182 0.00029369775731843403 0.00046154694342114282 -0.0003733235863808884 -0.00033037494701082586 -0.00054636629786442221 9.399115883112346e-08 0.00015611729826815838 -2.6407873493264295e-05 -0.00025149436196555215 -0.0019126546572733167 -0.001884006833406528 -2.2121247406352936e-05 -3.0715656790352049e-06 2.1421388315229686e-05
leaf_weight=108 682 322 355 322 97 618 101 302 31 41 92 1593 1068 2393
leaf_count=108 682 322 355 322 97 618 101 302 31 41 92 1593 1068 2393
internal_value=5.53846e-05 -0.00206336 0.000930576 -0.00325935 -0.00215827 -0.00283282 -0.00543027 -0.00322105 0.00318182 -0.00568513 -0.0112698 0.000939784 0.00252273 0.00024024
internal_weight=8125 2389 677 1712 1390 1282 664 475 132 343 189 5736 1750 3986
internal_count=8125 2389 677 1712 1390 1282 664 475 132 343 189 5736 1750 3986
cat_boundaries=0 4 7 8 11 12 15 19
cat_threshold=3843666436 388169793 270353432 16 1572868 386072640 590848 1 83886084 388169792 852992 10 8408331 1079035962 677382690 142887378 1077964858 35778 8
is_linear=0
shrinkage=0.03


Tree=228
num_leaves=15
num_cat=5
split_feature=0 0 5 1 0 0 7 8 6 8 8 7 9 6
split_gain=17.3042 7.94451 5.99933 6.13262 12.0261 10.0421 7.84981 8.36861 6.43553 7.50753 11.4228 8.40586 8.48233 7.02174
threshold=0 1 9.0286983252390733 2 3 4 -0.13877023801232188 9.913659945401216 0.23312391735677454 10.951769637215142 10.872897835008137 -0.0010619683674346623 8.2945492013949096 -0.064380189902329729
decision_type=9 9 8 1 9 9 8 2 8 2 2 10 2 10
left_child=-1 -2 -3 4 -4 -5 7 -7 9 10 11 12 13 -6
right_child=1 2 3 5 8 6 -8 -9 -10 -11 -12 -13 -14 -15
leaf_value=4.6384132045862595e-05 -8.6549024925691584e-05 3.0204655082337683e-05 -4.5054868867964365e-05 -0.00013428001605649814 -0.00017438011322615428 0.00019633486919367574 2.4292077424848397e-05 -0.0016662184673558959 0.00037343512429505047 -1.064118858594817e-05 0.00065457222340743163 -7.475479371867851e-06 0.0014424609165362139 0.00031689470659750085
leaf_weight=2089 1371 380 379 1493 43 32 1429 38 100 406 35 216 43 60
leaf_count=2089 1371 380 379 1493 43 32 1429 38 100 406 35 216 43 60
internal_value=-7.39463e-05 -0.000889809 -0.000295883 -0.000617688 0.00111455 -0.00135909 0.000377734 -0.00942857 0.00299014 0.00212951 0.00506297 0.00348066 0.0090411 0.00436893
internal_weight=8114 6025 4654 4274 1282 2992 1499 70 903 803 397 362 146 103
internal_count=8114 6025 4654 4274 1282 2992 1499 70 903 803 397 362 146 103
cat_boundaries=0 4 7 8 12 16
cat_threshold=2309013771 747274240 107106368 22 537993216 2164801 135793286 533 4194464 266384 1074005000 1 370016260 1128535588 268804129 1
is_linear=0
shrinkage=0.03


Tree=229
num_leaves=15
num_cat=6
split_feature=0 1 0 0 4 1 9 7 0 7 3 4 2 7
split_gain=13.5202 10.221 22.6277 16.9628 12.4446 7.15138 7.0272 10.96 6.5515 7.69116 6.33516 9.51605 8.87824 10.5398
threshold=0 1 2 3 9.4875932230914035 4 8.8992246876884931 -0.029946493812890825 5 -0.0050413732043321771 8.0594042983760321 8.7939148601647332 2001.5000000000002 0.011995256385781696
decision_type=9 1 9 9 10 1 2 8 9 10 2 10 2 8
left_child=5 2 -2 4 6 8 7 -3 9 -1 -7 12 13 -12
right_child=1 3 -4 -5 -6 10 -8 -9 -10 -11 11 -13 -14 -15
leaf_value=-0.00026878651062059336 0.00016875824338980787 0.00160462653757672 -3.3988599906294244e-06 4.8150433597055516e-05 -0.00013134516933415737 0.0038752701198830042 0.00070915272807197326 -0.00013913158302933954 0.00048674778297457932 7.468278975334599e-06 9.1942108309998565e-05 -1.6553579470239769e-05 -0.00042363054299985199 -0.00049912539251071827
leaf_weight=41 1107 56 1450 1317 1240 65 133 170 113 65 36 2018 63 191
leaf_count=41 1107 56 1450 1317 1240 65 133 170 113 65 36 2018 63 191
internal_value=-4.09175e-05 0.000804304 0.00218543 -0.000410116 -0.0024798 -0.00182168 0.0024234 -0.00079646 0.00327511 -0.00206897 -0.00230382 -0.00257366 -0.00765517 -0.00488987
internal_weight=8065 5473 2557 2916 1599 2592 359 226 219 106 2373 2308 290 227
internal_count=8065 5473 2557 2916 1599 2592 359 226 219 106 2373 2308 290 227
cat_boundaries=0 4 5 9 13 14 17
cat_threshold=805513960 589627712 742917708 17 538 213910801 1077961402 2419107873 4 215221521 1079010362 271689888 12 128 268501000 536871168 4195328
is_linear=0
shrinkage=0.03


Tree=230
num_leaves=15
num_cat=4
split_feature=0 7 6 0 2 2 6 3 0 5 2 0 7 7
split_gain=14.6841 6.4767 7.88596 18.5804 7.40103 8.91931 7.09984 6.14603 5.22811 5.88942 6.01771 6.03364 5.1983 6.70653
threshold=0 0.31365689599855134 0.058116294384770846 1 2005.5000000000002 1994.5000000000002 0.082280416462362296 10.596759717473679 2 11.796945840569077 1999.5000000000002 3 -0.058063571869059409 -0.07926253282633676
decision_type=9 10 8 9 2 2 8 2 9 8 2 9 10 10
left_child=1 2 8 4 5 7 -5 -4 12 10 -10 -12 13 -1
right_child=-2 -3 3 6 -6 -7 -8 -9 9 -11 11 -13 -14 -15
leaf_value=2.8201671643963573e-05 1.5915432881963184e-05 -0.0028840292365598093 -0.00071684404397922836 0.00076898611377199653 -0.0021080864043127984 5.5949532895319136e-05 0.00011746692032650831 -4.0576833675888447e-05 -0.00014584170141624276 -0.00017674772265803294 -0.00063481286710260142 1.2609014722089152e-05 -1.0890091114090349e-05 0.00088723213421620776
leaf_weight=130 5476 51 45 65 30 133 479 35 345 148 104 337 736 31
leaf_count=130 5476 51 45 65 30 133 479 35 345 148 104 337 736 31
internal_value=6.26151e-05 -0.00175812 -0.00155844 0.000952986 -0.00581028 -0.00408451 0.00400722 -0.012 -0.0026379 -0.00419492 -0.00320611 -0.000884354 -0.000959206 0.00391304
internal_weight=8145 2669 2618 787 243 213 544 80 1831 934 786 441 897 161
internal_count=8145 2669 2618 787 243 213 544 80 1831 934 786 441 897 161
cat_boundaries=0 4 8 12 15
cat_threshold=1094754340 448932776 2350465624 16 8224 10880 2148008456 16 16777248 10920 2215133704 16 8196 33554432 134217744
is_linear=0
shrinkage=0.03


Tree=231
num_leaves=15
num_cat=1
split_feature=6 2 10 1 6 6 2 6 7 3 4 6 7 7
split_gain=3.25689 2.45721 8.41884 5.07468 4.59762 6.93983 4.55829 5.07555 4.31611 3.97516 3.94152 3.4888 3.32873 3.10256
threshold=-1.0446089836042309 1994.5000000000002 8.5683333333333351 0 -0.1512805964454644 -0.086840623973179362 1993.5000000000002 -0.0092210012477691432 0.054574728881592101 10.092060360871287 12.724659550910491 -0.090600127982995979 -0.11638901106244635 0.030673585564380716
decision_type=8 2 2 1 8 8 2 8 8 2 8 10 10 8
left_child=-1 2 8 6 9 12 7 11 -2 -5 -10 -4 -6 -8
right_child=1 -3 3 4 5 -7 13 -9 10 -11 -12 -13 -14 -15
leaf_value=0.0063498873664386904 0.00017832182768589194 3.4899917391338814e-06 0.0017271454861264907 -0.00014327235331171084 0.00047771929680779718 -2.1791917617670483e-05 -0.00019841297134530936 7.8182443044480705e-05 -0.0032483495919781095 -0.0019025226646593454 -0.00072610832730117428 0.00051699633826876351 0.0010385914075314083 0.00011711056021943552
leaf_weight=30 31 6338 39 70 32 1003 52 238 52 45 35 32 33 48
leaf_count=30 31 6338 39 70 32 1003 52 238 52 45 35 32 33 48
internal_value=0.000133696 9.69185e-05 -0.000912281 -0.000339196 -0.00133277 -0.000730337 0.00250597 0.00436893 -0.00864407 -0.00704348 -0.012069 0.0114085 0.00876923 -0.003
internal_weight=8078 8048 1710 1592 1183 1068 409 309 118 115 87 71 65 100
internal_count=8078 8048 1710 1592 1183 1068 409 309 118 115 87 71 65 100
cat_boundaries=0 1
cat_threshold=40
is_linear=0
shrinkage=0.03


Tree=232
num_leaves=15
num_cat=4
split_feature=0 0 2 0 7 0 3 7 6 9 6 9 2 2
split_gain=13.1496 5.77186 8.28955 9.70439 9.20289 8.62064 7.96324 7.54206 6.98266 6.43559 5.90792 6.7438 5.44545 5.44044
threshold=0 1 1998.5000000000002 2 0.029355795111566611 3 10.548205725804692 -0.0005973355238064747 0.10742074725120078 6.7482464621913136 -0.42672018232967796 8.0432201900518887 2001.5000000000002 1996.5000000000002
decision_type=9 9 2 9 8 9 2 10 10 2 8 2 2 2
left_child=13 2 3 7 6 -4 9 -2 12 -5 11 -3 -7 -1
right_child=1 10 5 4 -6 8 -8 -9 -10 -11 -12 -13 -14 -15
leaf_value=9.4168463814367715e-05 -0.00022779086237705989 0.00019683953393720129 0.00019193356143396663 0.00018780715242113749 -0.00052481416220914311 5.4904554763737852e-05 0.00012037629008670836 -0.00049200408638861641 -0.002248216292920741 -0.00048334594662883244 -4.3526892483950221e-06 0.0034316314240323454 -3.7816012302083314e-05 9.5087988464688427e-06
leaf_weight=798 213 64 255 31 168 150 85 116 91 39 4094 37 354 1630
leaf_count=798 213 64 255 31 168 150 85 116 91 39 4094 37 354 1630
internal_value=-0.000121846 -0.000909409 -0.0025 -0.00506135 -0.00117117 -0.000564706 0.00406452 -0.00858407 -0.00252893 -0.00342857 -0.000335315 0.00683168 -0.00119048 0.00172272
internal_weight=8125 5697 1502 652 323 850 155 329 595 70 4195 101 504 2428
internal_count=8125 5697 1502 652 323 850 155 329 595 70 4195 101 504 2428
cat_boundaries=0 4 7 10 13
cat_threshold=2695905474 76595890 268727201 11 1124248320 556476480 67110980 1107429632 16975872 4 1107298560 67584 4
is_linear=0
shrinkage=0.03


Tree=233
num_leaves=15
num_cat=7
split_feature=0 0 4 7 7 0 7 0 0 7 4 0 0 6
split_gain=18.3493 6.69293 7.48121 9.18336 4.56705 12.0861 7.35358 29.0188 17.4225 7.90066 6.21642 6.1394 5.82155 5.79459
threshold=0 1 8.9461140702258621 0.058879663837817293 -0.025481874346094276 2 0.033524169600873684 3 4 0.025806180073035371 12.155978607344506 5 6 0.025117868579069839
decision_type=9 9 8 10 8 9 10 9 9 10 10 9 9 8
left_child=-1 -2 3 -3 5 13 8 -8 10 11 -6 -10 -9 -4
right_child=1 2 4 -5 6 -7 7 12 9 -11 -12 -13 -14 -15
leaf_value=5.5984434172857664e-05 -6.5494595345034481e-05 5.5419949439787767e-06 -0.00050984006452839295 0.0021085818260166058 6.3671646058512007e-05 2.98762624204648e-05 -0.00036442080224985412 0.00032788584185458808 -5.8433828749076751e-05 0.00034334595116218303 0.00029904519077701876 -1.4451068027798496e-07 2.8049881349111102e-05 0.0005852796254210116
leaf_weight=2585 1556 183 273 60 608 437 485 111 431 106 43 746 390 46
leaf_count=2585 1556 183 273 60 608 437 485 111 431 106 43 746 390 46
internal_value=3.72208e-05 -0.000946217 -0.000282515 0.00481481 -0.000620239 -0.00269841 -8.21918e-05 -0.00219067 0.000992761 -0.00104408 0.00494705 -0.00175871 0.00287671 -0.00702128
internal_weight=8060 5475 3919 243 3676 756 2920 986 1934 1283 651 1177 501 319
internal_count=8060 5475 3919 243 3676 756 2920 986 1934 1283 651 1177 501 319
cat_boundaries=0 4 8 11 14 17 20 23
cat_threshold=2323693744 226729996 1280381057 22 1695035456 39846464 2150130976 9 3606534 262322 262208 271778817 1880360210 536904210 3342339 1074790450 33587714 265472 268457984 268566540 2308 18432 131072
is_linear=0
shrinkage=0.03


Tree=234
num_leaves=15
num_cat=0
split_feature=10 2 5 2 7 7 2 2 2 7 5 2 10 6
split_gain=4.15797 20.5294 10.2993 11.8823 11.0419 9.17427 8.6987 8.15334 14.5618 7.97938 7.13666 6.08685 7.97221 8.24175
threshold=13.605000000000002 2007.5000000000002 9.7696703639621294 2005.5000000000002 -0.01196318224878423 0.023775079518645551 2007.5000000000002 2003.5000000000002 2004.5000000000002 0.032157656839918232 9.5601165586985228 2002.5000000000002 8.697000000000001 0.086841567204038142
decision_type=2 2 8 2 8 10 2 2 2 8 10 2 2 10
left_child=1 2 10 7 -5 -3 -2 11 -9 -10 -1 12 -4 -14
right_child=6 5 3 4 -6 -7 -8 8 9 -11 -12 -13 13 -15
leaf_value=0.00053259941016841727 5.3747325993116441e-07 0.0015991580684039538 -0.00035201219140969909 0.00014431416920331758 -0.0016412275603927145 7.3236911033389746e-07 -5.8985286853211762e-05 0.0021236000316552442 0.00025775423351294776 -0.0010517266827122025 0.0028063093215699155 -0.0011870572260444601 0.00030996068327751125 -0.00017270770505165928
leaf_weight=110 6113 70 359 66 101 31 370 87 45 46 45 82 472 144
leaf_count=110 6113 70 359 66 101 31 370 87 45 46 45 82 472 144
internal_value=0.000106866 0.00144753 0.000597303 -0.00021398 -0.00772455 0.0145545 -0.000236002 0.000801619 0.00674157 -0.00164835 0.00793548 -0.000198675 0.000461538 0.00253247
internal_weight=8141 1658 1557 1402 167 101 6483 1235 178 91 155 1057 975 616
internal_count=8141 1658 1557 1402 167 101 6483 1235 178 91 155 1057 975 616
is_linear=0
shrinkage=0.03


Tree=235
num_leaves=15
num_cat=1
split_feature=6 6 7 10 4 1 7 9 10 9 6 7 9 8
split_gain=3.57611 3.54946 9.06219 5.28431 6.40143 6.21065 8.01882 7.44153 7.55351 5.99465 4.67173 3.37514 4.47339 3.32845
threshold=0.66980692387133633 0.26107512470792044 -0.32388810626735504 27.795000000000005 8.6912304968504177 0 0.02651306295784606 8.3984132529297657 15.755000000000001 8.0503047018905232 0.24313229139339312 0.13479551151985406 6.4842146870505095 8.3969278809830126
decision_type=10 10 10 2 10 1 10 2 2 2 10 8 2 2
left_child=1 10 -3 4 -4 6 -6 -7 -9 -8 13 -2 -13 -1
right_child=11 2 3 -5 5 7 9 8 -10 -11 -12 12 -14 -15
leaf_value=0.00078968713931983092 0.00075586701745085773 -0.0042269900013792647 -0.0030479419566777277 -0.0022455862764130495 0.0011059305940470739 0.00153716148928999 -0.0012874366072075285 0.0003458068812165723 -0.00050528695297099408 0.00030629747289630607 -0.0012207652123410388 -0.00041248591622144103 -0.0054318040179023672 1.8101441098472818e-06
leaf_weight=121 40 38 44 34 33 123 54 34 49 37 58 32 30 7403
leaf_count=121 40 38 44 34 33 123 54 34 49 37 58 32 30 7403
internal_value=0.000287823 0.000358744 0.00295964 0.00426471 0.00529412 0.00672727 0.000895522 0.00972222 0.00325301 -0.00362637 0.00020575 -0.00529412 -0.00967742 0.000271132
internal_weight=8130 8028 446 408 374 330 124 206 83 91 7582 102 62 7524
internal_count=8130 8028 446 408 374 330 124 206 83 91 7582 102 62 7524
cat_boundaries=0 1
cat_threshold=258
is_linear=0
shrinkage=0.03


Tree=236
num_leaves=15
num_cat=5
split_feature=0 0 7 6 5 1 0 6 0 7 8 7 10 10
split_gain=15.1234 6.46175 4.53926 7.72271 8.5034 5.28949 13.8956 9.2358 7.02355 12.5206 5.43799 6.07916 5.22388 8.16431
threshold=0 1 -0.20723622659845284 -0.17556651635134909 10.660665305879776 2 3 0.095331245605648554 4 0.10624265761138042 11.570068270294451 0.078688391872645549 17.628750000000004 19.630000000000006
decision_type=9 9 8 8 10 1 9 8 9 10 2 10 2 2
left_child=-1 2 -2 4 -4 8 7 -7 -5 -10 11 -9 -8 -14
right_child=1 -3 3 5 -6 6 12 10 9 -11 -12 -13 13 -15
leaf_value=-5.4640359266516973e-05 -0.00090505127418811463 -9.6282409204654156e-07 0.0010656171048575734 4.0157585746265161e-09 0.001731258671803384 3.4722655357963194e-05 -0.00052427257985150405 0.0017901492763316 0.00010537846142148261 0.0024738791465257143 1.60150774808503e-05 0.00077184946779077716 0.00047807569194680005 -5.7693928296089701e-05
leaf_weight=2436 54 3503 98 360 49 305 134 53 501 55 46 60 71 398
leaf_count=2436 54 3503 98 360 49 305 134 53 501 55 46 60 71 398
internal_value=-0.000210513 0.000637177 0.00191431 0.00214085 0.00877551 0.00164902 0.000194986 0.00405063 0.00330454 0.00540636 0.01 0.0135398 -0.00278956 -0.00134328
internal_weight=8123 5687 2184 2130 147 1983 1067 464 916 556 159 113 603 469
internal_count=8123 5687 2184 2130 147 1983 1067 464 916 556 159 113 603 469
cat_boundaries=0 4 7 8 11 14
cat_threshold=556806928 1109676160 221159493 27 3229892806 614179926 5329168 468 2156134594 76718082 4194304 2156134466 605200386 1048576
is_linear=0
shrinkage=0.03


Tree=237
num_leaves=15
num_cat=4
split_feature=0 6 3 5 0 3 6 0 0 5 5 6 6 9
split_gain=14.9887 9.80236 8.50508 8.28998 8.43513 5.53342 7.46173 16.6098 8.32188 5.71899 6.17447 5.53826 5.51439 9.21492
threshold=0 0.66980692387133633 8.0594042983760321 8.0685585944849745 1 9.0507580544757698 -0.042499610266002456 2 3 9.9374782596043207 9.6159387956430642 -0.48044920820259834 0.20674512775184176 3.1753381353493428
decision_type=9 10 2 10 9 2 10 9 9 10 10 10 10 2
left_child=3 2 -2 4 -1 11 7 9 12 10 -7 -5 13 -8
right_child=1 -3 -4 5 -6 6 8 -9 -10 -11 -12 -13 -14 -15
leaf_value=-0.0044923892987757518 0.0097769390506275786 -0.0033814393655459312 1.8289602613280728e-05 0.006013441308293942 -5.4361049002491189e-05 0.00028383135461231788 0.00020401489212078494 -0.00051038847546106718 -1.7782748499489643e-05 0.00058109229792580551 -0.0012199775503012871 0.00013477302087204555 -0.0013797839290242801 3.894074521736952e-05
leaf_weight=100 32 57 5116 38 284 38 30 333 1227 142 43 184 72 473
leaf_count=100 32 57 5116 38 284 38 30 333 1227 142 43 184 72 473
internal_value=0.00034888 0.00131735 0.00145688 -0.00135171 -0.00546875 -0.000744186 -0.00117048 -0.00420863 -0.000233074 0.00218884 -0.00407407 0.00378378 0.00271795 0.00387674
internal_weight=8169 5205 5148 2964 384 2580 2358 556 1802 223 81 222 575 503
internal_count=8169 5205 5148 2964 384 2580 2358 556 1802 223 81 222 575 503
cat_boundaries=0 4 7 10 14
cat_threshold=390275204 170080304 2417934466 17 67117056 33689600 32770 335609856 167968768 269746178 33562628 2097184 2147647490 17
is_linear=0
shrinkage=0.03


Tree=238
num_leaves=15
num_cat=6
split_feature=0 7 0 4 5 7 0 0 7 0 0 7 4 4
split_gain=14.6307 8.15698 15.1821 9.07304 8.35653 7.05025 13.0583 9.21425 6.08519 12.0147 10.7924 10.06 8.61435 8.38755
threshold=0 -0.036812267221955956 1 9.8416919296867587 11.920312056246745 -0.062213706236411863 2 3 0.025806180073035371 4 5 0.04356835732483378 10.227670243081002 10.634688891954641
decision_type=9 8 9 10 10 8 9 9 8 9 9 8 8 8
left_child=1 2 3 -1 -4 6 -2 8 9 -7 -10 -12 -13 -14
right_child=5 -3 4 -5 -6 7 -8 -9 10 -11 11 12 13 -15
leaf_value=0.0023144814146495553 -0.001209310061084008 1.7288309075596349e-05 0.0013695366515201434 -0.00065785016851112527 -0.00035492194959091085 7.5897426035579491e-05 -8.7851622467115812e-05 -2.4864788556901317e-05 -7.6500950397105568e-05 -1.6266423898489155e-05 0.00028597665380562348 -2.6502702285364128e-05 0.0014245630639521209 0.00010972905133750737
leaf_weight=52 219 2011 212 166 37 365 535 2483 348 886 143 289 54 336
leaf_count=52 219 2011 212 166 37 365 535 2483 348 886 143 289 54 336
internal_value=-3.68732e-05 0.00188103 0.00546039 -0.000526316 0.0103089 -0.000878617 -0.0035809 -0.000464927 0.000851501 -0.00059952 0.00241026 0.00425481 0.00278351 0.00569231
internal_weight=8136 2478 467 218 249 5658 754 4904 2421 1251 1170 822 679 390
internal_count=8136 2478 467 218 249 5658 754 4904 2421 1251 1170 822 679 390
cat_boundaries=0 4 8 12 16 20 24
cat_threshold=2156445745 1100055061 169399210 4 8437760 17826320 134742144 4 270342 134353160 2149582848 8 141888518 172098984 2416322624 10 7405568 131072 272384 2 7407616 0 272384 2
is_linear=0
shrinkage=0.03


Tree=239
num_leaves=15
num_cat=4
split_feature=0 5 10 3 3 7 5 4 3 5 10 0 1 0
split_gain=19.667 9.6173 8.65666 8.44186 8.22042 8.00764 10.5821 7.85117 7.49511 6.3597 6.26589 6.1471 5.83849 10.8373
threshold=0 11.344317310683179 6.3100000000000014 11.967218831578924 11.884168280024111 -0.0096027166145078429 11.73273145280262 11.771030634912874 11.629205146401299 11.295726707988033 27.665000000000003 1 2 3
decision_type=9 8 2 2 2 10 8 10 2 10 2 9 1 9
left_child=1 9 -3 4 5 6 -4 -8 -7 12 -5 -2 -1 -14
right_child=11 2 3 10 -6 8 7 -9 -10 -11 -12 -13 13 -15
leaf_value=-0.00034258012671454249 4.3214036195685029e-05 -0.00244860374823867 0.00098237808286918754 -1.5300062614295712e-05 0.00067842961802085967 -8.1863043382394531e-05 0.00027608627087568894 -0.0006633957989402602 0.00063677077891839608 -0.0012501657103018667 -0.0012121259301341668 4.7347140603395216e-06 0.00019196700908884952 -0.000183646349989496
leaf_weight=730 2027 32 55 303 34 84 238 30 51 32 38 3679 251 528
leaf_count=730 2027 32 55 303 34 84 238 30 51 32 38 3679 251 528
internal_value=5.91716e-05 -0.00221026 0.000312139 0.00090036 0.00341463 0.00235808 0.0049226 0.00246269 -0.00377778 -0.00364049 -0.00272727 0.00101819 -0.00335984 -0.00148289
internal_weight=8112 2406 865 833 492 458 323 268 135 1541 341 5706 1509 779
internal_count=8112 2406 865 833 492 458 323 268 135 1541 341 5706 1509 779
cat_boundaries=0 4 8 9 12
cat_threshold=1895905838 1210204235 354484360 10 2251030593 579150352 1077941588 4 116 4 1208090634 85983240
is_linear=0
shrinkage=0.03


Tree=240
num_leaves=15
num_cat=1
split_feature=1 6 9 6 3 2 5 10 10 6 7 10 2 4
split_gain=4.55236 6.12737 8.42941 7.32567 6.91371 7.02908 7.37712 7.09276 5.92641 5.75278 4.9743 6.48007 9.14784 5.60779
threshold=0 0.0055059616850865476 6.3074696309719966 0.0016930479740144835 8.6871890949606758 2000.5000000000002 11.63326521038484 24.972222222222225 17.792500000000004 0.0074906983130480507 0.0054617138926724715 19.355000000000004 2007.5000000000002 9.9151690524254281
decision_type=1 8 2 10 2 2 10 2 2 8 10 2 2 10
left_child=-1 2 3 -2 -4 6 -6 8 -8 -3 11 12 -7 -13
right_child=1 9 4 -5 5 10 7 -9 -10 -11 -12 13 -14 -15
leaf_value=-1.8199425544620385e-05 -1.0170134079121941e-05 -6.7936217290234574e-05 0.0046511075010460864 4.7176475022639215e-05 2.3993159549281571e-05 0.00015030983909289388 -0.00030018591535957391 -0.00053674984281180884 0.00015165767821629321 -5.3214727287976712e-06 0.00032618263857995774 0.00016650541166126205 0.0013181993104907413 -7.1773565187460139e-05
leaf_weight=1606 975 76 34 63 779 285 84 61 48 3443 334 74 51 229
leaf_count=1606 975 76 34 63 779 285 84 61 48 3443 334 74 51 229
internal_value=-2.21076e-05 0.000329973 0.00132251 -0.000867052 0.00247094 0.0022365 0.000432099 -0.00481865 -0.000909091 -0.000520034 0.00403905 0.00248826 0.00535714 -0.000693069
internal_weight=8142 6536 3017 1038 1979 1945 972 193 132 3519 973 639 336 303
internal_count=8142 6536 3017 1038 1979 1945 972 193 132 3519 973 639 336 303
cat_boundaries=0 1
cat_threshold=160
is_linear=0
shrinkage=0.03


Tree=241
num_leaves=15
num_cat=4
split_feature=0 2 0 0 7 0 2 3 7 7 2 5 9 3
split_gain=14.8161 7.50612 11.5539 7.59323 10.0991 6.54047 6.16382 8.1696 8.94349 8.85385 8.47003 7.34874 6.64787 6.59657
threshold=0 1996.5000000000002 1 2 -0.058063571869059409 3 2006.5000000000002 9.8723322235351496 0.082135990426800212 0.0054617138926724715 2000.5000000000002 9.0958268280154346 7.6086225517860226 10.240191878140854
decision_type=9 2 9 9 10 9 2 2 10 10 2 10 2 2
left_child=1 2 -1 -3 -5 -2 7 11 9 -9 -10 -6 -8 -14
right_child=5 3 -4 4 6 -7 12 8 10 -11 -12 -13 13 -15
leaf_value=0.00030525126389806126 -7.356758903503045e-05 -4.9698491108564681e-05 5.3839539754044612e-05 0.0013656744943535196 -1.5686214235959128e-05 -3.0719448039085409e-06 0.00023572216749582117 -9.2876765392323858e-05 -0.0023368353594326193 0.00013536469444878706 -0.00048188298350464436 0.00064909681232643121 -0.00040131964838147668 0.00028153418148989479
leaf_weight=249 1582 541 454 174 62 4348 35 177 36 205 71 85 31 73
leaf_count=249 1582 541 454 174 62 4348 35 177 36 205 71 85 31 73
internal_value=-9.97169e-05 0.00200182 0.00456615 0.000805369 0.00240876 -0.000878788 0.000967742 -0.000283019 -0.00214724 0 -0.00981308 0.00591837 0.00669065 0.00288462
internal_weight=8123 2193 703 1490 949 5930 775 636 489 382 107 147 139 104
internal_count=8123 2193 703 1490 949 5930 775 636 489 382 107 147 139 104
cat_boundaries=0 4 8 12 16
cat_threshold=2290114067 282641156 2717921401 2 0 1097732 2147491936 2 134217730 1097732 2147491872 2 1091641764 1210060992 17973252 1
is_linear=0
shrinkage=0.03


Tree=242
num_leaves=15
num_cat=7
split_feature=0 1 0 2 9 0 0 5 7 10 5 4 0 1
split_gain=17.9121 6.29066 10.8645 9.99798 15.9354 7.90696 7.57874 6.86994 6.10501 10.768 5.97421 6.49599 5.0529 6.44413
threshold=0 1 2 1999.5000000000002 4.8082652752452963 3 4 11.719557447377031 0.070075322310437574 24.411111111111115 11.991467505459896 12.382692468100595 5 6
decision_type=9 1 9 2 2 9 9 8 8 2 8 8 9 1
left_child=1 2 -1 4 -4 -3 7 -6 -5 -10 -7 -12 13 -2
right_child=12 5 3 8 6 10 -8 -9 9 -11 11 -13 -14 -15
leaf_value=-0.00010625915180654338 0.00011887658036117903 -0.00025499324053947263 0.00027076981643289327 0.00018048153457467887 -0.00062118940845492133 -7.3383222884098454e-06 -2.1426103818887856e-06 1.6780120618926365e-05 -0.00099814037290353553 0.00071439170201756364 -0.0013960651450516189 -8.8313611978796577e-06 5.7789857484421635e-06 1.9593174166493602e-05
leaf_weight=586 685 376 42 313 76 836 202 31 37 35 63 67 3789 1005
leaf_count=586 685 376 42 313 76 836 202 31 37 35 63 67 3789 1005
internal_value=0.000128945 -0.00188482 -0.000405405 0.00201072 -0.00162393 -0.0033284 -0.00398058 -0.01 0.00537662 -0.0025 -0.00184426 -0.00784615 0.00110949 0.00247059
internal_weight=8143 2664 1322 736 351 1342 309 107 385 72 966 130 5479 1690
internal_count=8143 2664 1322 736 351 1342 309 107 385 72 966 130 5479 1690
cat_boundaries=0 4 5 9 12 16 19 20
cat_threshold=1632187680 1118193952 2421768202 17 27 1074343968 33947648 2148024330 16 553649408 1084229664 1572864 256 2304 65536 1 2290254337 201917964 1107693920 916
is_linear=0
shrinkage=0.03


Tree=243
num_leaves=15
num_cat=5
split_feature=0 0 2 3 6 10 1 0 6 3 2 0 6 5
split_gain=15.4239 7.02135 16.4542 7.0584 11.4028 6.53742 6.24505 10.6352 14.1001 5.17821 5.08321 5.38707 8.73961 7.90922
threshold=0 1 2005.5000000000002 9.1464947039047644 -0.067898853820330438 21.447500000000002 2 3 0.0043154424896094676 12.015931559827752 2007.5000000000002 4 -0.11252936934307466 9.9505381021165409
decision_type=9 9 2 2 10 2 1 9 8 2 2 9 10 8
left_child=6 2 -2 -4 -5 -6 7 8 9 -1 11 12 -8 -14
right_child=1 -3 3 4 5 -7 10 -9 -10 -11 -12 -13 13 -15
leaf_value=0.00019567786928319502 -9.6119600237247468e-06 1.1921884502712183e-07 -0.0056909093684076812 0.0012838368259954808 -0.00072500830513035053 -1.4079454157534307e-05 0.00067515686876449166 0.00029743717773599303 -0.00040158816169246972 -0.0001300184365569955 0.00053060810003083367 2.6325309720502506e-05 8.0693181801505316e-06 -0.00037587413770119284
leaf_weight=123 949 4746 34 40 78 45 81 563 178 38 83 914 86 205
leaf_count=123 949 4746 34 40 78 45 81 563 178 38 83 914 86 205
internal_value=0.000312385 -0.000498136 -0.00259516 -0.0105076 -0.00791411 -0.012439 0.00240684 0.00434211 8.59599e-05 0.00652174 0.0011095 0.000653188 -0.00235602 -0.00484536
internal_weight=8163 5892 1146 197 163 123 2271 902 339 161 1369 1286 372 291
internal_count=8163 5892 1146 197 163 123 2271 902 339 161 1369 1286 372 291
cat_boundaries=0 4 8 9 12 15
cat_threshold=3248489815 1908516884 36720776 1 536949288 2228224 537133090 26 526 1075838976 822181888 33575040 8389970 1086332928 4104
is_linear=0
shrinkage=0.03


Tree=244
num_leaves=15
num_cat=5
split_feature=0 0 2 10 2 0 0 6 2 4 7 0 6 6
split_gain=14.1003 4.99811 8.53569 8.87003 6.92361 16.8869 8.23542 7.31091 6.94087 9.54408 6.45787 6.36524 6.09455 5.84565
threshold=0 1 2007.5000000000002 17.022500000000004 1996.5000000000002 2 3 -0.22494340744364824 1995.5000000000002 11.41766928219562 -0.12106230180923915 4 -0.056781345190817227 -0.003992990836865217
decision_type=9 9 2 2 2 9 9 10 2 8 10 9 10 10
left_child=-1 2 -2 -4 5 8 -6 -8 9 -3 12 13 -9 -12
right_child=1 4 3 -5 6 -7 7 10 -10 -11 11 -13 -14 -15
leaf_value=-2.278837619524322e-05 3.6190544613177192e-05 4.3751313988356645e-05 0.0016067699989050384 0.00060361039290707035 4.0544825961010006e-05 2.7309835190917902e-06 -0.00058146423242308703 -2.4033502605839624e-06 0.00071835285646467708 0.0007713166486359083 -2.0739443278548625e-05 -2.1025539534299003e-06 0.0025273144529415559 -0.00028423978077465358
leaf_weight=2648 1578 162 31 72 876 905 90 31 58 115 185 1042 30 319
leaf_count=2648 1578 162 31 72 876 905 90 31 58 115 185 1042 30 319
internal_value=0.000169492 0.00103561 0.00239503 0.0107767 0.000431598 0.00227419 -0.000454722 -0.0016696 0.00791304 0.00617329 -0.00121344 -0.0015912 0.00836066 -0.00431907
internal_weight=8142 5494 1681 103 3813 1240 2573 1697 335 277 1607 1546 61 504
internal_count=8142 5494 1681 103 3813 1240 2573 1697 335 277 1607 1546 61 504
cat_boundaries=0 3 6 10 14 18
cat_threshold=335782400 964567114 338201689 2709543280 75504640 1644515714 1048590 33587205 8224 10 1107821569 1073824384 134349316 16 14 32773 8224 6
is_linear=0
shrinkage=0.03


Tree=245
num_leaves=15
num_cat=5
split_feature=0 8 1 0 0 6 2 10 0 4 7 8 7 2
split_gain=12.9273 7.76784 5.07619 15.778 15.1107 6.56664 8.14081 6.73492 6.19163 8.45943 8.29109 7.47218 6.11233 5.92003
threshold=0 8.1122245947326395 1 2 3 -0.019879282923335847 1993.5000000000002 26.387500000000003 4 9.4875932230914035 -0.013686960105315114 11.100248262501326 -0.22025952514847222 1999.5000000000002
decision_type=9 2 1 9 9 8 2 2 9 10 8 2 8 2
left_child=-1 -2 3 12 -4 6 -5 13 9 -7 -10 -12 -3 -8
right_child=1 2 4 5 -6 8 7 -9 10 -11 11 -13 -14 -15
leaf_value=-2.8098496625198181e-05 0.0059609321321568345 0.0023105466967114278 0.00010176358377085957 0.0015660637189876681 -9.0697714843263125e-07 6.2825932656915506e-05 -0.00015763273884198903 0.001155593300370401 0.0014352102276720398 -0.00035877168419660543 -1.4094512797247199e-06 0.00023229819991509341 -0.00011101061288118039 0.00052539029485729335
leaf_weight=2693 36 44 1373 50 1728 108 123 35 61 223 363 68 1009 179
leaf_count=2693 36 44 1373 50 1728 108 123 35 61 223 363 68 1009 179
internal_value=0.00026319 0.00110906 0.0010179 -6.59921e-05 0.00180328 0.0022623 0.00550388 0.00382789 0.000765492 -0.00237537 0.00286853 0.00146172 -0.00273754 0.00238411
internal_weight=8093 5400 5364 2263 3101 1210 387 337 823 331 492 431 1053 302
internal_count=8093 5400 5364 2263 3101 1210 387 337 823 331 492 431 1053 302
cat_boundaries=0 4 5 9 13 17
cat_threshold=1432428960 839208961 405489158 8 480 545557533 1299195944 2148544641 16 176196699 1236410414 2214631552 17 167903232 0 1694533664 5
is_linear=0
shrinkage=0.03


Tree=246
num_leaves=15
num_cat=7
split_feature=0 1 0 5 0 3 9 4 0 7 6 3 1 0
split_gain=15.2696 8.0019 16.6918 9.44138 8.99087 10.9771 11.81 6.29597 5.91831 7.73053 7.33471 9.27621 6.57899 9.65068
threshold=0 1 2 11.991467505459896 3 9.4695843881708424 5.2970470040931614 9.9274237788985698 4 0.3431405591994548 -0.60669570726644018 8.0594042983760321 5 6
decision_type=9 1 9 10 9 2 2 8 9 10 8 2 1 9
left_child=1 2 7 4 5 6 -3 -1 9 10 -2 -12 13 -10
right_child=8 3 -4 -5 -6 -7 -8 -9 12 -11 11 -13 -14 -15
leaf_value=0.00062404365623060633 -0.0044165062771353812 -0.00057547498916216968 4.3286557384313094e-05 -0.00035055223009446368 4.797673104232033e-05 -7.7228725710263516e-05 0.00058219772584149434 0.00042505727496545932 -0.00013951951096878215 -0.0047828404503995996 0.0060775007660831782 -2.6833781594976358e-05 -6.5651321624532114e-06 0.00029854046546314575
leaf_weight=44 31 30 557 62 851 624 106 290 108 35 36 1376 3777 243
leaf_count=44 31 30 557 62 851 624 106 290 108 35 36 1376 3777 243
internal_value=0.000161567 0.00207459 0.00436182 0.00083779 0.00128492 -0.00109091 0.00661765 0.00959302 -0.000715812 -0.00233871 -0.00201663 -0.00169972 -0.000130498 0.00373961
internal_weight=8170 2564 891 1673 1611 760 136 334 5606 1478 1443 1412 4128 351
internal_count=8170 2564 891 1673 1611 760 136 334 5606 1478 1443 1412 4128 351
cat_boundaries=0 4 5 8 12 15 16 19
cat_threshold=2424592770 1115703590 33602736 30 14 8669442 1073741858 12320 8669442 1115684898 40976 8 1661477380 807477376 2282897928 128 67175432 67109888 4194304
is_linear=0
shrinkage=0.03


Tree=247
num_leaves=15
num_cat=5
split_feature=0 2 6 0 7 1 0 6 0 2 6 2 7 7
split_gain=20.3978 11.9172 8.36536 6.79211 10.0041 4.7393 10.4898 8.42149 5.81837 6.85325 7.85966 5.94684 5.68161 5.01145
threshold=0 2007.5000000000002 -0.22494340744364824 1 -0.14518536190521478 2 3 0.20010370128022539 4 1996.5000000000002 -0.0058604319003778818 1994.5000000000002 0.070075322310437574 -0.0019793116366719761
decision_type=9 2 8 9 8 1 9 10 9 2 10 2 8 10
left_child=1 2 -1 4 -2 6 -4 12 11 10 13 -7 -8 -10
right_child=3 -3 5 -5 -6 8 7 -9 9 -11 -12 -13 -14 -15
leaf_value=-0.00095877700970212372 0.003247653669820493 -0.0002796678728417482 -2.589015117529866e-05 3.2255703916782112e-06 3.460644501885754e-05 -8.2111167805606555e-05 7.6100887286251884e-05 -0.0025427373393115634 -1.8124053581206764e-05 -8.226390451350516e-05 6.466192967460772e-05 7.5545621313195631e-06 0.00069405935987391823 -0.0010693483865401882
leaf_weight=179 88 157 347 3159 2109 161 265 44 135 630 181 552 91 30
leaf_count=179 88 157 347 3159 2109 161 265 44 135 630 181 552 91 30
internal_value=-7.38189e-06 -0.00209202 -0.00161759 0.00107343 0.00235161 -0.00115764 0.000832232 0.00409756 -0.00203061 -0.00352941 -0.00017341 4.14938e-05 0.00573034 -0.00490909
internal_weight=8128 2772 2615 5356 2197 2436 747 400 1689 976 346 713 356 165
internal_count=8128 2772 2615 5356 2197 2436 747 400 1689 976 346 713 356 165
cat_boundaries=0 4 8 9 13 17
cat_threshold=3229229574 426123688 2952823306 24 276829193 1182894598 121253985 2 131 2621444 285475200 268435464 8 2147615232 285606272 2147483656 8
is_linear=0
shrinkage=0.03


Tree=248
num_leaves=15
num_cat=4
split_feature=0 5 4 0 2 5 7 6 4 0 4 6 0 4
split_gain=15.8016 9.78801 8.80244 6.84552 9.68648 5.73155 8.20162 5.42527 5.40179 5.30765 5.01961 4.75974 9.65516 6.80708
threshold=0 8.6915665748331623 8.074952173736488 1 2006.5000000000002 11.812055429949458 -0.07926253282633676 -0.12129034882548594 12.037562223605855 2 12.155978607344506 0.0031519927870338198 3 9.0995204807054666
decision_type=9 8 8 9 2 10 10 10 8 9 10 10 9 10
left_child=-1 2 -2 4 11 -5 -7 -4 -6 10 -8 -3 -13 -14
right_child=1 3 7 5 8 6 9 -9 -10 -11 -12 12 13 -15
leaf_value=-2.0517934122256418e-05 -0.0009008462774272311 0.00017734311672856827 0.0065709688519366271 7.8837696904880203e-06 0.00084877861199770708 -0.0016390390735465594 4.5634686881147884e-05 0.00040478295507467816 -2.2514267172268828e-05 1.4560913463005468e-05 -0.00016370333394476986 0.00016629848745633777 0.00063033402820160053 -0.0001442927790194517
leaf_weight=2640 33 760 30 3122 174 58 34 77 31 307 68 353 31 412
leaf_count=2640 33 760 30 3122 174 58 34 77 31 307 68 353 31 412
internal_value=0.000250923 0.00116727 0.009 0.000964486 0.00249012 0.000208391 -0.00289079 0.0131776 0.00863415 -0.00139364 -0.00696429 0.00169666 7.53769e-05 -0.00284768
internal_weight=8130 5490 140 5350 1761 3589 467 107 205 409 102 1556 796 443
internal_count=8130 5490 140 5350 1761 3589 467 107 205 409 102 1556 796 443
cat_boundaries=0 4 7 10 13
cat_threshold=3795984484 275022128 17878108 19 77600531 201927175 1883770880 268435464 16392 131200 2097409 67707394 1342701568
is_linear=0
shrinkage=0.03


Tree=249
num_leaves=15
num_cat=4
split_feature=0 5 0 7 5 8 0 6 3 4 0 7 3 8
split_gain=19.8056 11.2136 7.72105 6.34391 5.60812 5.45654 8.80466 8.74291 6.91702 7.452 6.20231 5.62207 5.37778 4.98644
threshold=0 10.087744620441041 1 -0.12626657401743777 12.270351749406482 9.634241491933162 2 0.011982670475737757 8.8545219490920832 8.3715880869100037 3 -0.4502710439449164 12.611052518261117 9.0950325092222517
decision_type=9 10 9 8 10 2 9 10 2 10 9 10 2 2
left_child=1 5 -2 -4 -3 6 8 11 9 -1 -7 -8 -6 -9
right_child=2 4 3 -5 12 10 7 13 -10 -11 -12 -13 -14 -15
leaf_value=-0.0037848927521559671 4.3604595232789664e-05 9.128872321084445e-07 0.0012029362718038285 -3.9291370913341513e-06 -0.00069573610108346101 -4.4093691771213137e-06 0.00099961931117855882 -4.0547497489226711e-05 -0.00051890931172091602 0.002349861817599175 -0.00048670260354478255 -8.8737348847982823e-05 2.7405614189216446e-05 0.00051555714028152049
leaf_weight=39 2583 1128 184 3073 60 115 46 72 172 46 336 162 36 97
leaf_count=39 2583 1128 184 3073 60 115 46 72 172 46 336 162 36 97
internal_value=-0.000150939 -0.00249677 0.000779487 -0.000192837 -0.000539216 -0.00472811 -0.00293375 7.75194e-05 -0.00707865 -0.000352941 -0.00725055 -0.00403846 -0.0075 0.00514793
internal_weight=8149 2309 5840 3257 1224 1085 634 377 257 85 451 208 96 169
internal_count=8149 2309 5840 3257 1224 1085 634 377 257 85 451 208 96 169
cat_boundaries=0 4 8 12 16
cat_threshold=1359618820 811685992 973211657 24 2687811794 1217832726 29444 4 139264 2099264 9 16 139264 2112 268435456 16
is_linear=0
shrinkage=0.03


Tree=250
num_leaves=15
num_cat=6
split_feature=0 0 1 0 7 5 2 7 2 9 2 0 0 2
split_gain=15.7444 5.74639 6.35157 9.3219 8.58656 5.20021 4.93002 5.30363 7.11898 10.1142 4.74658 8.38129 7.54524 8.24791
threshold=0 1 2 3 0.080322933703399282 8.8298848966967682 2005.5000000000002 0.0072760049876117181 2007.5000000000002 7.4184265329205372 2001.5000000000002 4 5 2007.5000000000002
decision_type=9 9 1 9 8 8 2 10 2 2 2 9 9 2
left_child=5 2 3 4 -2 -1 -7 8 9 -8 11 -4 -12 -14
right_child=1 -3 10 -5 -6 6 7 -9 -10 -11 12 -13 13 -15
leaf_value=-0.00010775956754940172 8.0403223925331588e-05 6.1910444761323342e-06 0.00032477834386468397 0.00026243094745879948 -0.0012536444815484308 -8.4046399052319771e-06 3.7985333003595052e-05 -0.00036134959826730924 0.00080058223685811037 -0.00071153742351194756 -0.00018628049814579912 1.0018650130050877e-05 3.6572010532759377e-06 0.0012048838585941842
leaf_weight=138 173 3801 388 240 55 1807 64 184 59 52 217 569 331 53
leaf_count=138 173 3801 388 240 55 1807 64 184 59 52 217 569 331 53
internal_value=0.00035789 0.00118725 0.00247544 0.00552301 0.0010084 -0.00173725 -0.00138504 -0.0045961 -0.000857143 -0.00517241 0.00153061 0.00285266 -0.000549085 0.0019797
internal_weight=8131 5827 2026 468 228 2304 2166 359 175 116 1558 957 601 384
internal_count=8131 5827 2026 468 228 2304 2166 359 175 116 1558 957 601 384
cat_boundaries=0 4 8 9 13 17 21
cat_threshold=1611279202 556564520 3121613328 11 2573500545 12592646 75054 4 772 155222145 12591616 65538 4 134217857 12582914 73730 4 134479873 4194304 9224 4
is_linear=0
shrinkage=0.03


Tree=251
num_leaves=15
num_cat=6
split_feature=0 3 0 6 2 0 0 6 6 0 6 6 5 0
split_gain=14.5575 6.08727 5.58774 8.74741 7.68529 9.41333 7.15893 7.22316 6.80822 22.0786 7.66588 6.60623 6.13865 6.10598
threshold=0 8.0594042983760321 1 0.0031519927870338198 1993.5000000000002 2 3 -0.19737862286595662 -0.13739433161739265 4 -0.37303678043615379 -0.16915397603952617 10.6469593893951 5
decision_type=9 2 9 10 2 9 9 10 10 9 8 10 10 9
left_child=-1 -2 8 6 12 -6 -4 -8 9 10 -3 -9 -5 -10
right_child=1 2 3 4 5 -7 7 11 13 -11 -12 -13 -14 -15
leaf_value=-4.213413362390945e-05 0.0057647686918625091 0.0035428776983886146 2.2112581613142888e-05 0.00021618312175407451 -0.00017832084210727832 2.2638301784155925e-05 0.0014464419758970217 -0.0015064610759849282 -5.5839136194228271e-05 -0.00073589624893697194 0.00022066850978496607 4.5526458402902914e-05 0.0012696014477684219 1.1736855842411223e-05
leaf_weight=2553 46 33 625 110 466 639 210 30 464 278 188 464 31 1996
leaf_count=2553 46 33 625 110 466 639 210 30 464 278 188 464 31 1996
internal_value=1.1066e-05 0.00086941 0.000780629 0.00179884 0 -0.000841629 0.00349887 0.00554622 -0.000111149 -0.00330661 0.00376623 0.00364372 0.00659574 0.000536585
internal_weight=8133 5580 5534 2575 1246 1105 1329 704 2959 499 221 494 141 2460
internal_count=8133 5580 5534 2575 1246 1105 1329 704 2959 499 221 494 141 2460
cat_boundaries=0 4 8 11 14 18 21
cat_threshold=1449473984 138495016 255853316 18 671760420 388119504 271722594 9 32795 1074036739 1610629136 17825795 546832386 3222110344 32 33555008 3154016 9 536870944 33555008 3145728
is_linear=0
shrinkage=0.03


Tree=252
num_leaves=15
num_cat=4
split_feature=0 4 0 4 8 0 1 6 7 4 7 8 5 3
split_gain=12.6085 7.13264 7.59935 12.1477 7.50964 6.7223 5.69729 7.73438 7.37195 5.00281 5.00947 4.84848 11.2277 5.22184
threshold=0 9.7906826826067341 1 9.5340529723239342 10.166364850095333 2 3 -0.14553320064262373 0.040206027635917969 9.5012173325298992 0.091724987335497957 10.46099015200671 10.087744620441041 11.245300883123734
decision_type=9 10 9 10 2 9 1 10 10 8 8 2 8 2
left_child=1 2 3 9 -4 6 7 -3 -8 10 -1 12 -9 -13
right_child=-2 5 4 -5 -6 -7 8 11 -10 -11 -12 13 -14 -15
leaf_value=2.1889359288216396e-05 -8.1327215794967947e-06 0.0011443659160063531 0.00021471913775098723 -0.00087862743589171355 -0.00052063755674668707 3.9346714261805218e-05 8.3979910955192833e-05 -0.0001775917461505247 0.0016155221327036628 0.00027290624429333454 -0.0012735656736855179 -0.00058061534892037473 0.0015826065668796551 3.949116313218817e-05
leaf_weight=132 5641 36 350 90 59 1137 238 52 86 58 60 74 36 58
leaf_count=132 5641 36 350 90 59 1137 238 52 86 58 60 74 36 58
internal_value=0.000129518 0.00191438 -0.000520694 -0.00377143 0.00221957 0.00298777 0.00559322 0.00203008 0.00826347 -0.00048 -0.0028125 0 0.00545455 -0.00363636
internal_weight=8107 2466 749 340 409 1717 580 256 324 250 192 220 88 132
internal_count=8107 2466 749 340 409 1717 580 256 324 250 192 220 88 132
cat_boundaries=0 4 8 12 13
cat_threshold=3423094836 167960588 939603234 22 32 167772164 134291456 16 2147483680 167780356 134226944 16 786
is_linear=0
shrinkage=0.03


Tree=253
num_leaves=15
num_cat=5
split_feature=0 7 0 0 6 7 2 7 6 7 0 6 7 0
split_gain=14.7077 7.45405 23.4323 17.242 15.5557 9.83352 9.44788 9.54304 7.06101 6.83281 10.33 10.5298 9.08675 7.88245
threshold=0 0.00017528996194915439 1 2 -0.0018062611742548638 -0.005740817121066665 2007.5000000000002 -0.0045971567684874861 0.23312391735677454 1.0000000180025095e-35 3 0.2119689025597076 0.0090024699071347154 4
decision_type=9 10 9 9 10 10 2 8 10 10 9 10 10 9
left_child=9 2 5 4 -3 8 7 -4 -2 13 12 -12 -11 -1
right_child=1 3 6 -5 -6 -7 -8 -9 -10 10 11 -13 -14 -15
leaf_value=-2.8090704001449581e-05 -5.1634418027654742e-05 0.00045821894022514891 8.5783994481784359e-05 -3.4463981936613541e-05 6.6146608636351294e-06 2.7263396545422593e-05 0.0011602541483261113 0.00015032077713510584 -0.0034327747363836281 3.2266947620319581e-05 -2.095280199183737e-05 -0.0028910339328220677 3.6864793995082347e-05 -0.00020564175519259805
leaf_weight=641 1025 325 897 1515 1067 194 70 476 39 103 577 94 475 635
leaf_count=641 1025 325 897 1515 1067 194 70 476 39 103 577 94 475 635
internal_value=6.27075e-05 0.000918476 0.00205479 -0.000134159 0.00226819 -0.000946372 0.00464556 0.00412964 -0.00208647 -0.00183432 -0.000264211 -0.00277533 0.00265306 -0.00338558
internal_weight=8133 5608 2701 2907 1392 1258 1443 1373 1064 2525 1249 671 578 1276
internal_count=8133 5608 2701 2907 1392 1258 1443 1373 1064 2525 1249 671 578 1276
cat_boundaries=0 4 8 12 16 20
cat_threshold=1092692980 40130608 2361414 27 1015727107 219285120 2319594024 4 1007338497 755139201 2319593769 4 2180 39850032 70 17 1092682608 284688 2097152 8
is_linear=0
shrinkage=0.03


Tree=254
num_leaves=15
num_cat=6
split_feature=0 6 0 0 1 0 6 5 4 5 10 0 6 6
split_gain=17.9456 6.76198 12.7567 5.76059 7.30036 7.05315 7.83937 6.56697 8.55067 5.5046 6.12242 5.33331 6.86389 11.4872
threshold=0 0.093279179255418412 1 2 3 4 0.1887277660178999 9.7215458588096766 10.000523449159827 11.952721141748581 27.565000000000001 5 -0.11718469673434305 1.0000000180025095e-35
decision_type=9 10 9 9 1 9 10 10 10 10 2 9 10 10
left_child=1 -1 -3 4 5 7 -7 -2 -9 -5 -11 -6 -13 -14
right_child=3 2 -4 9 11 6 -8 8 -10 10 -12 12 13 -15
leaf_value=-5.0309769698601596e-05 -9.035354035446888e-06 0.00044721193636688419 -0.00039121004442685929 4.3974215567408348e-05 -0.00013279588627130052 -1.403880340506198e-05 0.00087052700200174042 0.000574775021049162 7.209891424227142e-05 -4.3975672670462648e-07 -0.00045759499794018017 0.00069564144287562852 -0.00012025164406236007 3.6854184970539268e-05
leaf_weight=2047 89 210 331 2600 712 776 85 59 200 319 36 124 186 359
leaf_count=2047 89 210 331 2600 712 776 85 59 200 319 36 124 186 359
internal_value=2.58207e-05 -0.00203233 0.000942699 0.000988299 -4.61538e-05 0.00164889 0.000172216 0.00519553 0.00776062 0.00189207 -0.00160563 -0.00153127 0.000397644 -0.00104587
internal_weight=8133 2588 541 5545 2590 1209 861 348 259 2955 355 1381 669 545
internal_count=8133 2588 541 5545 2590 1209 861 348 259 2955 355 1381 669 545
cat_boundaries=0 4 7 11 12 16 20
cat_threshold=51192868 807948488 2370978050 13 328708 805326912 2151809024 3091355730 168231217 805896716 18 202 4210690 262161 0 16 541081666 459025 524800 16
is_linear=0
shrinkage=0.03


Tree=255
num_leaves=15
num_cat=4
split_feature=0 1 0 0 6 7 7 6 9 7 7 6 7 7
split_gain=15.1674 7.9464 9.60914 9.18509 8.66353 8.63193 7.13732 7.02448 6.25655 5.61462 7.51232 6.01578 5.37933 5.23977
threshold=0 1 2 3 -0.0098963606882920257 0.076979711795339259 0.0072760049876117181 0.2119689025597076 4.3411288490906221 -0.0010619683674346623 -0.011283361292218517 0.018576350292049962 -0.026458129484703271 0.012561842857003571
decision_type=9 1 9 9 8 8 10 10 2 10 10 10 10 10
left_child=1 2 7 4 8 6 9 -1 -3 10 11 -5 -10 -8
right_child=-2 3 -4 5 -6 -7 13 -9 12 -11 -12 -13 -14 -15
leaf_value=1.4574905995248448e-06 1.3405273967608873e-05 -0.00052960822107313375 -0.00021162065275645865 -2.9941514380066417e-05 0.0001425757671610655 -0.00044833000175630104 0.0001819252993192241 -0.002397180457244007 0.0012282414632458888 -2.8542724825921555e-05 0.0002819337591816507 -0.0017490415268926933 -0.00017227751546076403 6.2329121569805823e-05
leaf_weight=639 5612 63 757 133 331 135 38 59 40 86 52 30 47 133
leaf_count=639 5612 63 757 133 331 135 38 59 40 86 52 30 47 133
internal_value=2.57511e-05 -0.00189189 -0.00333788 5.46448e-05 0.00311609 -0.0023825 -0.000508475 -0.000762712 -0.0028 -0.00328904 -0.000697674 -0.00386503 0.00241379 0.00438596
internal_weight=8155 2543 1455 1088 481 607 472 698 150 301 215 163 87 171
internal_count=8155 2543 1455 1088 481 607 472 698 150 301 215 163 87 171
cat_boundaries=0 4 5 8 11
cat_threshold=3750188 371989664 336871592 8 242 1638696 268700672 268697600 2097156 102765728 1048744
is_linear=0
shrinkage=0.03


Tree=256
num_leaves=15
num_cat=6
split_feature=0 0 1 3 7 5 5 0 1 2 0 2 7 2
split_gain=15.296 5.29249 5.22647 7.84361 6.56189 5.1314 10.8671 14.1504 9.14568 8.3998 9.08788 7.08105 6.98922 6.9164
threshold=0 1 2 9.3958235783063753 -0.022657822942892644 11.649259794728994 11.796945840569077 3 4 1994.5000000000002 5 1993.5000000000002 -0.011283361292218517 2007.5000000000002
decision_type=9 9 1 2 8 8 8 9 1 2 9 2 10 2
left_child=5 2 3 -2 -5 9 -7 8 -8 11 12 -1 -11 -12
right_child=1 -3 -4 4 -6 6 7 -9 -10 10 13 -13 -14 -15
leaf_value=2.2545769639351597e-05 1.7876460303718322e-05 -1.4050913462721435e-06 -1.3632474597061071e-05 -0.00052519028252239635 -0.00036661114386288604 0.00016617639220682068 0.00027117019289052164 -2.7743694706319392e-05 3.4009358597820653e-05 0.0003707202876058867 0.00010412847999514578 -0.00051610867222618535 -5.9718475881230391e-05 -9.8829009370021427e-05
leaf_weight=120 142 3908 1094 94 169 132 187 372 209 166 1009 119 405 67
leaf_count=120 142 3908 1094 94 169 132 187 372 209 166 1009 119 405 67
internal_value=0.000194068 -0.00073657 -0.00224652 -0.00513253 -0.008327 0.00199571 0.00386667 0.0025 0.00635468 0.00111347 0.00187614 -0.00414226 -0.00118761 0.00348066
internal_weight=8193 5407 1499 405 263 2786 900 768 396 1886 1647 239 571 1076
internal_count=8193 5407 1499 405 263 2786 900 768 396 1886 1647 239 571 1076
cat_boundaries=0 4 8 9 12 13 16
cat_threshold=2550153771 1220708740 825251401 4 68722960 36192296 201850902 10 224 134234154 4227332 556794880 58 2281717794 32772 540033088
is_linear=0
shrinkage=0.03


Tree=257
num_leaves=15
num_cat=1
split_feature=9 6 4 3 1 3 6 3 9 6 10 6 2 2
split_gain=4.17378 7.9773 8.14604 6.34445 6.04399 12.7117 6.49385 9.91846 6.72126 6.12498 5.59822 5.4652 6.25455 5.40688
threshold=7.4497877729425772 0.018576350292049962 9.9034625519111081 12.237178737780711 0 9.7901508421087247 0.030584722420513803 11.629205146401299 11.338787885208509 0.03139997083624025 6.1300000000000017 0.011982670475737757 1998.5000000000002 1993.5000000000002
decision_type=2 10 8 2 1 2 10 2 2 10 2 10 2 2
left_child=3 2 -2 13 5 -3 7 -6 -8 -7 -4 -12 -13 -1
right_child=1 4 10 -5 6 9 8 -9 -10 -11 11 12 -14 -15
leaf_value=2.7752372143605047e-05 0.00024784040426836562 0.00017863807872030551 -0.0025234764088587513 -0.00053193315866152148 1.1897428015060807e-05 0.00012404245715631648 2.0408114568718321e-05 -0.00031677198456544033 0.0003801693698791209 -0.00074244212856704747 8.1357969608075799e-06 0.00031353473887900634 1.5999519832555928e-05 -1.3493411900278545e-05
leaf_weight=587 402 193 30 83 87 47 883 49 55 442 2000 41 71 3150
leaf_count=587 402 193 30 83 87 47 883 49 55 442 2000 41 71 3150
internal_value=-0.000110837 0.000530233 0.00160377 -0.000832461 -0.00102506 -0.00320809 0.000387454 -0.00573529 0.00127932 -0.00582822 0.000868347 0.00105114 0.0075 -0.000650254
internal_weight=8120 4300 2544 3820 1756 682 1074 136 938 489 2142 2112 112 3737
internal_count=8120 4300 2544 3820 1756 682 1074 136 938 489 2142 2112 112 3737
cat_boundaries=0 1
cat_threshold=864
is_linear=0
shrinkage=0.03


Tree=258
num_leaves=15
num_cat=4
split_feature=0 0 2 7 5 0 4 8 6 0 3 4 2 4
split_gain=15.1038 6.31842 5.78129 8.35135 6.57354 9.40129 9.9836 8.89568 7.88644 6.30956 8.36012 8.29595 6.19194 7.13237
threshold=0 1 1993.5000000000002 0.0072760049876117181 9.9273261417180212 2 9.0571309140274874 9.9536318307047349 0.252700762674051 3 9.3958235783063753 11.226402048996029 1998.5000000000002 9.3797033267148997
decision_type=9 9 2 8 10 9 8 2 10 9 2 10 2 10
left_child=2 -2 3 -1 5 -4 8 -6 -7 -5 -11 -12 -8 -14
right_child=1 -3 4 9 7 6 12 -9 -10 10 11 -13 13 -15
leaf_value=0.0010289951921598119 -5.1204590745132275e-05 -4.078082573341479e-06 0.00077858507221175723 -0.0001737799319215444 0.003998711238817303 0.00078489300015589087 -0.00071224312903902002 3.9215982261980761e-05 -0.003215715821478803 0.0018836919171761968 5.155679964073452e-05 0.0012102269662083163 -0.00048336153160617897 3.5303793838954577e-05
leaf_weight=59 1163 4601 139 102 31 86 132 1389 33 32 147 45 76 153
leaf_count=59 1163 4601 139 102 31 86 132 1389 33 32 147 45 76 153
internal_value=1.46556e-05 -0.000820921 0.00199671 0.00537662 0.00136832 -0.00121163 -0.00318367 0.00249296 0.00428571 0.00349693 0.00615385 0.0040625 -0.00573407 -0.00275109
internal_weight=8188 5764 2424 385 2039 619 480 1420 119 326 224 192 361 229
internal_count=8188 5764 2424 385 2039 619 480 1420 119 326 224 192 361 229
cat_boundaries=0 4 8 12 16
cat_threshold=150994951 1019388998 1680206081 4 1075328064 2899968 17432594 3 4 4194304 294912 4 1 134218752 264193 4
is_linear=0
shrinkage=0.03


Tree=259
num_leaves=15
num_cat=0
split_feature=4 7 10 6 5 7 7 4 2 2 8 4 10 7
split_gain=3.92914 3.2586 2.68348 7.06985 9.48376 8.19289 6.65863 5.9862 5.52083 4.72039 11.1021 9.98883 8.83237 6.48397
threshold=12.959425531988886 0.51145625221814239 19.630000000000006 -0.26476653851356419 11.621590931979298 -0.050634846780971181 -0.11638901106244635 12.382692468100595 2007.5000000000002 2005.5000000000002 10.015391566311136 9.3481438751744896 21.727500000000003 -0.0005973355238064747
decision_type=10 10 2 8 8 10 10 10 2 2 2 10 2 10
left_child=1 2 3 4 5 6 -1 8 9 -4 11 13 -12 -11
right_child=-2 -3 7 -5 -6 -7 -8 -9 -10 10 12 -13 -14 -15
leaf_value=0.0019131297663754477 -0.00034507405637816511 -0.0029960819194916524 -3.135525455396098e-06 5.1319255778904771e-06 -0.0011742357836539031 0.0039057197938375831 -0.0015001552968901533 -0.00045498388189641994 -7.5562197638803306e-05 -0.00028459338949342734 -9.6766140161717344e-05 -0.0004074949738155589 0.00041099147828241225 0.00014444632540341161
leaf_weight=119 31 53 3819 3111 32 52 30 69 263 32 66 115 256 52
leaf_count=119 31 53 3819 3111 32 52 30 69 263 32 66 115 256 52
internal_value=1.48148e-05 5.5769e-05 0.00010479 0.000753589 0.00579399 0.00820896 0.00463087 -0.000359589 -0.000228112 2.76498e-05 0.00270633 -0.00286432 0.00614907 0.005
internal_weight=8100 8069 8016 3344 233 201 149 4672 4603 4340 521 199 322 84
internal_count=8100 8069 8016 3344 233 201 149 4672 4603 4340 521 199 322 84
is_linear=0
shrinkage=0.03


Tree=260
num_leaves=15
num_cat=0
split_feature=9 10 7 10 2 3 5 5 3 4 7 6 3 6
split_gain=4.6128 6.77238 8.43635 9.6374 7.58355 8.68046 8.55493 7.03941 8.53962 6.88602 6.71964 6.07548 5.15716 4.92759
threshold=4.1587609981435856 24.775000000000002 0.031507162388241479 28.005000000000006 1998.5000000000002 9.9518014026008732 11.057826206391626 10.559672437361581 9.236836234594664 11.443017834294436 0.029355795111566611 -0.003992990836865217 8.8952869877123568 -0.70671115642307469
decision_type=2 2 8 2 2 2 10 10 2 8 8 10 2 8
left_child=1 4 -3 7 10 12 -7 8 -4 -5 -1 -12 -6 -2
right_child=13 2 3 9 5 6 -8 -9 -10 -11 11 -13 -14 -15
leaf_value=0.00014038537128050128 0.0038313879365812695 -2.1193355967759421e-05 0.0015343951172953746 -0.0010614694566203407 -0.0014422054335261982 0.00081258923746636261 -0.00031441616097652029 0.0011076662276015834 1.75644721901071e-05 0.00086802905558158174 6.7333712285303114e-05 -0.0014804184587365841 -0.0026529268040698488 4.0163479103618588e-06
leaf_weight=76 67 429 44 57 73 34 39 33 93 34 36 31 63 7028
leaf_count=76 67 429 44 57 73 34 39 33 93 34 36 31 63 7028
internal_value=0.000136414 -0.00172745 0 0.00425287 -0.00511364 -0.00875598 -0.000410959 0.00847059 0.00547445 -0.00362637 0.00020979 -0.00671642 -0.0132353 0.000410148
internal_weight=8137 1042 690 261 352 209 73 170 137 91 143 67 136 7095
internal_count=8137 1042 690 261 352 209 73 170 137 91 143 67 136 7095
is_linear=0
shrinkage=0.03


Tree=261
num_leaves=15
num_cat=3
split_feature=0 8 0 4 8 1 8 10 4 8 7 8 2 4
split_gain=12.6866 8.08487 7.16793 8.02682 12.214 9.88548 10.9282 10.0626 6.9472 6.90928 6.55445 7.41758 6.22554 6.96808
threshold=0 9.9044177878442081 1 11.172742339608334 11.841395508930736 2 10.410017137914037 20.249375000000004 9.3966952009900631 9.45954373434361 -0.011283361292218517 11.620177020358046 1993.5000000000002 11.585525157211604
decision_type=9 2 9 10 2 1 2 2 8 2 10 2 2 10
left_child=1 8 3 5 10 6 -3 -8 -1 -10 -5 -12 13 -4
right_child=-2 2 12 4 -6 -7 7 -9 9 -11 11 -13 -14 -15
leaf_value=3.08289092844736e-05 -1.3904259134600201e-05 0.0014440353971227238 0.00014200405264547442 0.0007594183854343615 -0.00066722598874235982 -0.0002407694196839529 -0.0019983774021897546 9.1713114724294593e-05 0.00081796721131620798 7.2182338688105997e-05 0.00037448189182688238 -5.8101530980408649e-06 1.2894088848559624e-05 0.0014736675864943896
leaf_weight=317 5841 50 147 52 38 165 35 49 69 256 39 52 1018 40
leaf_count=317 5841 50 147 52 38 165 35 49 69 256 39 52 1018 40
internal_value=-0.000161606 0.00170732 0.000623145 -0.00244898 0.00248619 -0.00551839 0.000833333 -0.00571429 0.00457944 0.00766154 0.0065035 0.00164835 0.00185185 0.0068984
internal_weight=8168 2327 1685 480 181 299 134 84 642 325 143 91 1205 187
internal_count=8168 2327 1685 480 181 299 134 84 642 325 143 91 1205 187
cat_boundaries=0 4 7 8
cat_threshold=1166016656 882436265 205628240 8 1140850816 277872672 33344 19
is_linear=0
shrinkage=0.03


Tree=262
num_leaves=15
num_cat=7
split_feature=0 6 7 0 0 0 6 1 0 0 6 4 10 10
split_gain=15.9559 7.57048 4.36451 35.8987 12.0338 8.27267 11.2641 6.88582 7.69481 6.76809 6.47137 6.06124 4.99987 7.28254
threshold=0 -0.42672018232967796 0.15677421318500032 1 2 3 -0.023138155805957791 4 5 6 0.078000627004120929 12.007524124336969 20.625000000000004 17.022500000000004
decision_type=9 8 8 9 9 9 8 1 9 9 10 8 2 2
left_child=1 -1 4 -4 7 6 -5 9 -9 12 -11 -8 13 -2
right_child=2 -3 3 5 -6 -7 11 8 -10 10 -12 -13 -14 -15
leaf_value=-0.0036777803861545951 0.00062249992039248065 -2.6231360934711003e-05 0.00032182947742751553 0.0025951088467863854 -2.5667610116422016e-06 -0.00071980944945991315 -0.00051316349947417791 -0.000302605875505452 4.3233483908400558e-05 0.00015020981836681539 -0.00034579123758701904 0.00052823497582076462 0.0012607698682765209 -0.00084546455126355724
leaf_weight=46 254 2291 444 38 2741 431 103 106 996 443 142 69 57 41
leaf_count=46 254 2291 444 38 2741 431 103 106 996 443 142 69 57 41
internal_value=-0.000197513 -0.00228803 0.000638298 -0.00107834 0.00102929 -0.00557604 -0.000545455 0.0027672 0.00113309 0.00465681 0.00257143 -0.00383721 0.0079558 0.00661017
internal_weight=8202 2337 5865 1085 4780 641 210 2039 1102 937 585 172 352 295
internal_count=8202 2337 5865 1085 4780 641 210 2039 1102 937 585 172 352 295
cat_boundaries=0 3 7 11 15 16 20 24
cat_threshold=1747989340 6355184 822493760 13010050 1611988997 2221474980 4 2273953792 411959808 235944235 11 268435488 167773960 32768 1 323 32768 0 32 8 67141632 9306624 33566752 10
is_linear=0
shrinkage=0.03


Tree=263
num_leaves=15
num_cat=5
split_feature=0 6 2 0 0 0 6 9 2 1 4 2 9 8
split_gain=14.2296 6.86947 4.44115 23.5721 11.6241 8.05864 14.9266 7.43929 6.94339 8.50495 6.85788 9.99394 6.6881 6.54315
threshold=0 -0.26476653851356419 1994.5000000000002 1 2 3 -0.10495754032987302 5.1474775755002211 1996.5000000000002 4 8.7939148601647332 2003.5000000000002 6.9228420018019792 9.5251779972918804
decision_type=9 8 2 9 9 9 10 2 2 1 10 2 2 2
left_child=1 -1 3 -2 8 6 -5 -8 9 -4 11 -6 -11 -12
right_child=2 -3 4 5 10 -7 7 -9 -10 12 13 -13 -14 -15
leaf_value=-0.0011198987754410879 0.00023126348766481502 -2.4095509348472619e-05 2.1844161173038457e-05 2.8816147545142855e-07 -8.0436155058699513e-06 -4.9767623455565595e-05 -0.00023073262283799273 -0.0015353264032090235 3.0358392456623995e-05 0.0018028317154566377 6.5833796643611096e-05 -0.00041456053607608832 0.0004598011930647458 -5.7299475453667644e-06
leaf_weight=145 338 2174 113 134 69 587 62 117 1714 48 270 34 120 2205
leaf_count=145 338 2174 113 134 69 587 62 117 1714 48 270 34 120 2205
internal_value=-0.000169742 -0.00215114 0.000623604 -0.000969305 0.0010562 -0.00349451 -0.00733746 -0.0132402 0.00276808 0.00715302 -0.000278207 -0.00786408 0.0111236 3.63636e-05
internal_weight=8130 2319 5811 1238 4573 900 313 179 1995 281 2578 103 168 2475
internal_count=8130 2319 5811 1238 4573 900 313 179 1995 281 2578 103 168 2475
cat_boundaries=0 4 8 12 16 17
cat_threshold=1612065540 543965272 2852470980 3 4243458 1081383 1141940256 8 254280809 33763968 291510554 12 168297537 167838336 16781322 4 204
is_linear=0
shrinkage=0.03


Tree=264
num_leaves=15
num_cat=5
split_feature=0 1 0 7 7 0 5 0 4 8 7 4 8 8
split_gain=14.8165 4.52504 19.5967 9.34599 8.12519 7.71343 7.84757 11.8114 13.1147 9.27943 7.07946 5.66501 5.40076 12.7971
threshold=0 1 2 0.0037516066717580014 -0.36463587705577222 3 10.430506276797901 4 10.30740122395383 9.7234663267705486 0.3431405591994548 10.512804353883469 11.841395508930736 11.242566090710328
decision_type=9 1 9 10 8 9 8 9 10 2 10 10 2 2
left_child=-1 2 3 -2 -3 6 7 8 -6 -8 -7 -11 13 -4
right_child=1 4 12 -5 5 10 9 -9 -10 11 -12 -13 -14 -15
leaf_value=2.6733513806230248e-05 0.00038085338468123241 0.007332972328395965 -0.00017323609290638951 1.8134508680436866e-05 1.379904201242418e-05 -3.4772257334870308e-06 0.0013790584347781513 -0.00038643410324063193 0.0010740410576114724 -0.00081691931391441458 -0.0027466445365647305 -0.00014995701659364908 -0.00033757299275548341 0.00049612049122430273
leaf_weight=2582 246 52 442 349 294 2624 47 323 36 118 62 480 302 140
leaf_count=2582 246 52 442 349 294 2624 47 323 36 118 62 480 302 140
internal_value=3.70508e-06 -0.000874208 0.000543989 0.00471074 -0.00139397 -0.0015512 -0.00344037 -0.00114855 0.00282353 -0.00581395 -0.000623145 -0.00682274 -0.00228188 -0.000618557
internal_weight=8097 5515 1479 595 4036 3984 1298 653 330 645 2686 598 884 582
internal_count=8097 5515 1479 595 4036 3984 1298 653 330 645 2686 598 884 582
cat_boundaries=0 4 5 9 13 17
cat_threshold=2419622024 161530428 3271573950 1 24 763382897 1142169922 5310976 24 612396065 5513282 72363008 4 75516928 0 4205568 4
is_linear=0
shrinkage=0.03


Tree=265
num_leaves=15
num_cat=3
split_feature=0 0 3 4 8 9 4 7 0 4 7 2 6 7
split_gain=15.2219 4.1858 5.51083 3.71844 6.68756 9.70329 8.77467 7.83926 5.26792 6.10167 4.39634 4.32653 4.40486 4.20857
threshold=0 1 8.0594042983760321 9.1248369112841523 9.4234964575807734 6.9228420018019792 9.4875932230914035 0.11640196325161913 2 8.7146493629302046 -0.005740817121066665 2004.5000000000002 0.3123854340940922 0.1094318333517439
decision_type=9 9 2 10 2 2 10 10 9 8 10 2 10 8
left_child=-1 3 -3 8 5 -5 -6 13 -2 -10 -11 12 -9 -8
right_child=1 2 -4 4 6 -7 7 11 9 10 -12 -13 -14 -15
leaf_value=-1.9255698516722313e-05 0.0016706724709099386 0.0086504399835098493 2.5630731161474637e-06 -0.001248162509051151 0.0018321923545808869 0.0001227734842145676 3.2513614797880714e-05 -0.0017528000711832493 -5.376707029098747e-05 3.5039118955976892e-05 3.4199659284635662e-05 0.0002267577420122871 3.9223645111660652e-05 0.00033371092980627839
leaf_weight=2457 115 34 3362 62 33 51 1549 86 33 134 44 43 32 128
leaf_count=2457 115 34 3362 62 33 51 1549 86 33 134 44 43 32 128
internal_value=0.00015803 0.0010077 0.000334703 0.00199138 0.0015121 -0.00557522 0.00194014 0.00166485 0.00496933 0.00176471 0.00404494 -0.00465839 -0.00762712 0.00227191
internal_weight=8163 5706 3396 2310 1984 113 1871 1838 326 211 178 161 118 1677
internal_count=8163 5706 3396 2310 1984 113 1871 1838 326 211 178 161 118 1677
cat_boundaries=0 4 8 11
cat_threshold=822356252 69470858 2739061330 1 145768545 1100091664 1915264 8 1048576 4096 65664
is_linear=0
shrinkage=0.03


Tree=266
num_leaves=15
num_cat=9
split_feature=0 8 0 0 6 7 1 9 1 0 0 7 0 1
split_gain=15.0123 6.35187 11.5123 7.81853 7.48532 6.90745 6.53833 6.80797 6.28008 25.5975 9.11029 10.0765 9.42945 7.54695
threshold=0 11.424021910222221 1 2 0.92230651618714632 -0.085296250931883297 3 5.864822935994332 4 5 6 0.016231945258382122 7 8
decision_type=9 2 9 9 8 10 1 2 1 9 9 8 9 1
left_child=1 3 5 4 -1 -3 7 -4 9 -2 11 -10 -13 -14
right_child=8 2 6 -5 -6 -7 -8 -9 10 -11 -12 12 13 -15
leaf_value=-4.1375101694571366e-06 0.00023622674199788785 -0.00047512523966304485 -0.00079364059099054152 0.00021345520872092884 0.0009412748536577431 0.00026183390052760024 -4.8081063939657445e-05 0.00013983626908047598 -7.3999184876794006e-07 -0.00039864821418708721 7.0134641216482331e-06 -0.00074102671799187905 6.53267151889654e-05 -0.0002137330694483586
leaf_weight=579 322 40 44 889 42 186 230 158 1085 361 3283 380 283 250
leaf_count=579 322 40 44 889 42 186 230 158 1085 361 3283 380 283 250
internal_value=4.42696e-05 0.00217631 -0.000273556 0.00325828 0.000618067 0.00508475 -0.00312217 0.000849057 -0.000733177 -0.00341991 -0.00037989 -0.00197211 -0.00430449 -0.00160221
internal_weight=8132 2168 658 1510 621 226 432 202 5964 683 5281 1998 913 533
internal_count=8132 2168 658 1510 621 226 432 202 5964 683 5281 1998 913 533
cat_boundaries=0 4 7 10 11 12 15 19 23 24
cat_threshold=3221511193 752484608 169370788 5 2065 215089152 135798784 1073743888 206700800 135790592 8 32 235118626 33837204 268568643 87269986 284818 604113234 2 84090944 4098 536871234 2 902
is_linear=0
shrinkage=0.03


Tree=267
num_leaves=15
num_cat=1
split_feature=10 6 5 2 8 5 2 6 4 6 10 5 1 5
split_gain=2.51704 2.83168 2.66255 6.19136 6.12562 4.39257 4.26743 3.62545 3.03056 2.61396 7.12028 5.60131 7.26356 6.2803
threshold=29.720000000000002 0.75669377845877517 8.5093601540966706 1998.5000000000002 8.3969278809830126 8.6915665748331623 2001.5000000000002 -0.06190059311134543 8.5944318646491897 0.26107512470792044 8.7850000000000019 9.7480318510386059 0 9.210390369476352
decision_type=2 10 8 2 2 8 2 10 8 10 2 8 1 10
left_child=1 2 3 7 -5 6 -4 -1 -7 -10 -11 13 -13 -12
right_child=-2 -3 5 4 -6 8 -8 -9 9 10 11 12 -14 -15
leaf_value=0.0040789811515703914 0.00031435718624850552 -0.0029966602553733227 0.0017651588321621222 -0.00011158864824920613 -0.0025373245050950861 -0.0014431707631834408 -4.6846369458717944e-05 -8.0659626961567015e-05 -5.8528764977734248e-07 -0.0011594364099071612 -0.00061141172687851708 -0.00060537772573750019 0.00040473782390453136 0.0016193996338986719
leaf_weight=31 40 79 46 61 30 48 35 32 7464 43 30 101 142 76
leaf_count=31 40 79 46 61 30 48 35 32 7464 43 30 101 142 76
internal_value=-7.26568e-06 -4.38063e-05 1.10579e-05 -0.0038961 -0.0089011 8.6412e-05 0.00703704 0.00333333 1.51822e-05 6.10998e-05 0.00244898 0.00386819 0.00135802 0.00962264
internal_weight=8258 8218 8139 154 91 7985 81 63 7904 7856 392 349 243 106
internal_count=8258 8218 8139 154 91 7985 81 63 7904 7856 392 349 243 106
cat_boundaries=0 1
cat_threshold=290
is_linear=0
shrinkage=0.03


Tree=268
num_leaves=15
num_cat=7
split_feature=0 1 5 0 6 1 10 2 0 0 4 5 0 8
split_gain=13.6726 8.39666 12.2103 11.8804 8.99468 7.89419 5.90366 5.85923 17.1145 10.649 8.49903 7.25637 5.93576 5.90806
threshold=0 1 11.394141903617061 2 -0.074890231681088423 3 7.245000000000001 1998.5000000000002 4 5 9.7708410906327412 10.855772642353836 6 9.5398821530890192
decision_type=9 1 8 9 10 1 2 2 9 9 10 10 9 2
left_child=1 3 5 4 -1 -3 -7 8 13 10 -9 12 -10 -8
right_child=-2 2 -4 -5 -6 6 7 9 11 -11 -12 -13 -14 -15
leaf_value=-0.00062079923182838993 1.4098248653062531e-05 0.00015470335131646595 -0.00021207216350436895 -6.1568973958471183e-05 0.0001847897929707548 0.0013630494285621333 0.0012847971233775023 -0.0012249898836813897 -0.00090880497041889415 -2.7175397582210362e-05 -0.00012418109654086675 0.00030150682040100261 -3.2975924314727359e-05 1.8075457463894445e-05
leaf_weight=30 5467 134 421 464 189 54 78 190 116 570 162 47 254 42
leaf_count=30 5467 134 421 464 189 54 78 190 116 570 162 47 254 42
internal_value=0.000189827 -0.00153205 -0.00248316 0.00134199 0.00694323 -0.00132969 -0.0019501 -0.00232351 0.000167598 -0.0037744 -0.00779006 -0.00274005 -0.00421622 0.00969231
internal_weight=8218 2751 2068 683 219 1647 1513 1459 537 922 352 417 370 120
internal_count=8218 2751 2068 683 219 1647 1513 1459 537 922 352 417 370 120
cat_boundaries=0 4 5 9 10 13 16 20
cat_threshold=1242557060 712250432 543167010 16 136 147584 175112256 2 16 5 262148 2101248 514 524292 137626688 2097666 168001536 0 0 16
is_linear=0
shrinkage=0.03


Tree=269
num_leaves=15
num_cat=8
split_feature=0 7 0 6 6 7 1 1 8 0 1 0 0 6
split_gain=17.0929 5.21695 5.24301 9.34501 7.74626 6.28898 7.7926 5.3584 9.28793 7.13995 5.0014 10.0434 9.86327 7.92028
threshold=0 0.3431405591994548 1 0.00050167359054942306 0.0055059616850865476 0.023775079518645551 2 3 9.9266536381238808 4 5 6 7 0.10886853732822922
decision_type=9 10 9 10 10 10 1 1 2 9 1 9 9 10
left_child=10 2 3 5 -5 6 -2 8 -6 -9 11 13 -12 -1
right_child=1 -3 -4 4 7 -7 -8 9 -10 -11 12 -13 -14 -15
leaf_value=-5.2864331941648533e-05 2.8067425224635665e-05 -0.0023226931295006067 -2.406620056548513e-06 9.6675155437373278e-05 2.6832562190005384e-05 -0.00099413796405205387 -0.00011059029453107478 0.00011755909086453702 -0.00056143009351616857 -1.531988729415192e-05 3.0637703437635294e-06 3.9749479353242147e-05 0.00026712766822707034 0.00025397261950946964
leaf_weight=398 147 83 4382 49 76 86 401 115 60 304 600 567 849 65
leaf_count=398 147 83 4382 49 76 86 401 115 60 304 600 567 849 65
internal_value=5.86654e-05 -0.00084544 -0.000736655 -0.00245192 0.000198675 -0.00501577 -0.00383212 -0.000810811 -0.00575342 0.000909091 0.00213339 0.000519231 0.00326936 -0.00272727
internal_weight=8182 5703 5620 1238 604 634 548 555 136 419 2479 1030 1449 463
internal_count=8182 5703 5620 1238 604 634 548 555 136 419 2479 1030 1449 463
cat_boundaries=0 4 7 8 9 12 13 16 20
cat_threshold=818433178 26346758 335868201 4 17961728 2631760 1573062 176 224 256 2097168 1048580 961 268455066 131330 335548416 13107200 1028 319777 4
is_linear=0
shrinkage=0.03


Tree=270
num_leaves=15
num_cat=3
split_feature=0 0 5 6 0 6 9 10 6 5 5 10 9 8
split_gain=16.7752 5.58344 4.5098 10.3796 8.39041 7.40324 7.51392 6.21421 6.95896 7.95526 6.26698 5.7858 7.363 5.3334
threshold=0 1 10.476329769654919 -0.042499610266002456 2 -0.094297532337967546 9.1462230539278533 17.180000000000003 -0.10495754032987302 9.236836234594664 9.9273261417180212 12.345000000000001 8.2340630293891941 10.780544628981582
decision_type=9 9 8 10 9 8 2 2 10 10 10 2 2 2
left_child=2 -2 3 7 -5 6 13 11 9 -9 -11 12 -1 -4
right_child=1 -3 5 4 -6 -7 -8 8 -10 10 -12 -13 -14 -15
leaf_value=0.0030036442556694918 -0.00012130995717256004 -3.4813508196658308e-06 -0.0029368471093886065 -4.3850403451540611e-05 8.5531791207813993e-05 1.8378275843194219e-05 0.00045660604987558248 0.0011831018692991431 0.00093626962596527537 -0.00082931962547592249 0.00078634146729656556 0.001903663704865536 6.9176397240606758e-05 -0.00041661313195310218
leaf_weight=43 668 4731 48 345 516 1369 51 31 64 45 33 52 51 87
leaf_count=43 668 4731 48 345 516 1369 51 31 64 45 33 52 51 87
internal_value=0.000243423 -0.000726567 0.00215301 0.00355932 0.00184669 0.00109968 -0.00451613 0.00818182 0.00433526 -0.000275229 -0.00538462 0.0127397 0.00829787 -0.00822222
internal_weight=8134 5399 2735 1180 861 1555 186 319 173 109 78 146 94 135
internal_count=8134 5399 2735 1180 861 1555 186 319 173 109 78 146 94 135
cat_boundaries=0 4 8 11
cat_threshold=3368076321 26382084 2416749601 4 8192 2101320 4210688 18 134217761 1082628 268697601
is_linear=0
shrinkage=0.03


Tree=271
num_leaves=15
num_cat=5
split_feature=0 3 0 6 0 7 0 2 6 9 9 7 0 5
split_gain=13.9469 7.00831 11.7277 12.5458 8.00369 6.27625 5.52269 6.19537 8.14926 6.9983 10.0832 10.6974 8.72006 6.55354
threshold=0 10.466084605451682 1 -0.18173355294569135 2 0.1683270553032932 3 2005.5000000000002 -0.21503716013926064 9.2927734028522995 9.9157085651463142 -0.056541329820529722 4 9.6838378206532862
decision_type=9 2 9 8 9 10 9 2 10 2 2 10 9 8
left_child=1 4 -3 -4 -1 -5 7 8 13 12 -11 -12 -10 -2
right_child=6 2 3 5 -6 -7 -8 -9 9 10 11 -13 -14 -15
leaf_value=5.2706721647782179e-06 0.0018876735703147116 5.4083917588089878e-05 0.0019545186580744176 -0.0001033349889449199 -0.00028356799661669887 0.00057719541877405934 2.4905795400782822e-06 -2.2858981199462904e-05 0.00057032198582757684 -0.00021487349020995995 0.001519813732341371 5.6490975363847885e-05 3.7647375183042918e-05 -0.00028189020343732382
leaf_weight=341 36 444 50 629 870 32 3494 409 228 260 33 212 940 242
leaf_count=341 36 444 50 629 870 32 3494 409 228 260 33 212 940 242
internal_value=0.00019708 -0.00174242 -7.79221e-05 -0.00245492 -0.00334434 -0.00358548 0.000982265 0.00210127 0.00281394 0.0036043 0.000653465 0.00502041 0.00488014 -0.00194245
internal_weight=8220 2366 1155 711 1211 661 5854 2360 1951 1673 505 245 1168 278
internal_count=8220 2366 1155 711 1211 661 5854 2360 1951 1673 505 245 1168 278
cat_boundaries=0 4 8 11 14 17
cat_threshold=1627990628 409211337 660998 18 536870916 140509640 2 16 1074266176 268701697 656384 2621571209 1636993552 671129953 128 1179664 40992
is_linear=0
shrinkage=0.03


Tree=272
num_leaves=15
num_cat=5
split_feature=0 1 8 0 6 7 0 0 2 9 5 5 7 7
split_gain=13.8394 5.3533 8.19209 10.0064 14.5759 7.70044 7.14253 6.11447 6.91075 7.21832 6.84473 6.65946 7.54222 11.5679
threshold=0 1 11.825178648814662 2 0.10886853732822922 -0.050634846780971181 3 4 1999.5000000000002 5.2970470040931614 9.6159387956430642 9.8256881469376971 -0.0015278269475187398 -0.019874739527004689
decision_type=9 1 2 9 10 8 9 9 2 2 8 8 8 10
left_child=1 2 3 4 5 -1 -4 11 10 -10 -9 -3 13 -13
right_child=-2 7 6 -5 -6 -7 -8 8 9 -11 -12 12 -14 -15
leaf_value=-0.00059108936474817875 1.1739851422981813e-05 0.0001009684206149181 5.9016773508000949e-05 0.00022518380008535509 -0.0031101508488712288 2.3073020325541672e-05 -0.00071179102055685724 0.00012932560778369304 -0.00098723800204135589 -0.00017895988780560699 -0.00019061219477815511 -0.00023615228443627146 -0.00042824123813849367 0.00093064275094392399
leaf_weight=42 5739 176 108 348 53 282 251 135 184 192 216 116 291 45
leaf_count=42 5739 176 108 348 53 282 251 135 184 192 216 116 291 45
internal_value=8.80411e-05 -0.00180073 -0.000219378 0.00161379 -0.00178295 0.000555556 -0.00392758 -0.00305495 -0.00492537 -0.00781915 -0.00196581 -0.000846395 -0.00278761 0.00242236
internal_weight=8178 2439 1084 725 377 324 359 1355 727 376 351 628 452 161
internal_count=8178 2439 1084 725 377 324 359 1355 727 376 351 628 452 161
cat_boundaries=0 4 5 8 11 15
cat_threshold=3226090020 1782326304 2198241426 4 713 4327456 1074529312 2147483648 4194336 3146752 16 3225550848 1074266144 50757776 4
is_linear=0
shrinkage=0.03


Tree=273
num_leaves=15
num_cat=6
split_feature=0 1 7 0 0 6 6 6 7 6 0 6 7 1
split_gain=18.3948 8.83136 8.32504 9.53681 9.30545 7.51813 10.7178 9.45432 7.09208 6.5655 6.14425 11.9629 8.17696 9.78663
threshold=0 1 0.067187291054702683 2 3 -0.019879282923335847 0.045196039250791749 0.0055059616850865476 -0.016632527722793441 0.025117868579069839 4 0.12618964605922492 0.1243128145449597 5
decision_type=9 1 10 9 9 8 8 10 8 10 9 10 10 1
left_child=1 8 4 -4 5 -3 7 -7 -1 -9 11 -2 -12 -14
right_child=10 2 3 -5 -6 6 -8 9 -10 -11 12 -13 13 -15
leaf_value=-0.00043843629920546623 -1.860751076106337e-05 0.00034092087408995676 0.00097634042104070395 -0.00062506124819520267 0.00022281922177120472 5.9658017845608428e-07 0.00019786421330157824 -0.00053749871762467222 1.030751907544222e-05 -0.00035324243531183685 -9.5335691713736641e-06 -0.0012811813984051677 0.0010670996557290446 -4.7712609821366074e-06
leaf_weight=216 1253 225 101 225 789 95 185 62 569 45 3702 301 124 213
leaf_count=216 1253 225 101 225 789 95 185 62 569 45 3702 301 124 213
internal_value=-0.00012955 0.00199841 0.00319516 -0.00110429 0.00421842 0.00135048 -0.00116279 -0.00594059 -0.000641509 -0.0120561 -0.00108692 -0.00268542 -0.000466782 0.00400593
internal_weight=8105 2512 1727 326 1401 612 387 202 785 107 5593 1554 4039 337
internal_count=8105 2512 1727 326 1401 612 387 202 785 107 5593 1554 4039 337
cat_boundaries=0 3 4 7 10 14 15
cat_threshold=283329553 940225054 35680641 609 16 671223816 8192 4391952 537006080 2125952 3238836258 1076101153 671186944 8 464
is_linear=0
shrinkage=0.03


Tree=274
num_leaves=15
num_cat=8
split_feature=0 1 6 0 4 6 0 6 0 6 0 1 6 0
split_gain=16.2611 7.45863 9.13469 8.22282 9.77723 6.16822 15.0116 13.1014 11.1405 7.06979 6.0793 8.07393 8.73035 16.6291
threshold=0 1 -0.12129034882548594 2 10.947317817509029 0.054151329407453382 3 0.1211973816798242 4 0.038472211238361538 5 6 0.053223056676002141 7
decision_type=9 1 8 9 8 8 9 10 9 10 9 1 8 9
left_child=1 2 -1 4 -4 8 -7 -8 -3 -10 -2 -12 -13 -14
right_child=10 5 3 -5 -6 6 7 -9 9 -11 11 12 13 -15
leaf_value=0.0017843967295954795 3.9103294073255264e-05 -2.035718246621885e-05 0.0001548009764570119 -3.6251848246299734e-05 -5.2239525341040877e-05 -0.0008016874029291636 0.00067312938457543103 -0.00021457399530704177 -0.00020974061566384031 -0.00087758212046162658 -4.4062866124614377e-05 -1.6007041062506831e-06 0.00063414892964102276 -3.6290864267209438e-06
leaf_weight=77 1999 603 145 379 99 245 199 213 628 49 1141 1544 346 480
leaf_count=77 1999 603 145 379 99 245 199 213 628 49 1141 1544 346 480
internal_value=4.05057e-05 -0.00189271 0.000760563 -0.000433387 0.00377953 -0.00285054 -0.000502283 0.00298578 -0.00407812 -0.00668122 0.000967391 0.000213008 0.00121008 0.0037046
internal_weight=8147 2637 700 623 244 1937 657 412 1280 677 5510 3511 2370 826
internal_count=8147 2637 700 623 244 1937 657 412 1280 677 5510 3511 2370 826
cat_boundaries=0 4 5 9 13 17 21 22 26
cat_threshold=1783181868 157745152 2168561678 18 193 4 151126016 2151677952 16 33562656 2424832 2151710720 16 1077948456 2359296 4235274 16 2156019793 343974548 637945137 8 416 268699010 33573128 1344274560 4
is_linear=0
shrinkage=0.03


Tree=275
num_leaves=15
num_cat=1
split_feature=1 9 7 8 10 7 7 7 4 7 6 10 6 5
split_gain=5.37458 7.92753 4.69051 9.42224 7.04295 6.74558 5.51981 7.00994 5.26904 5.23807 4.54002 13.0732 9.11114 4.1768
threshold=0 2.1200241188885904 0.02151881210215301 11.841395508930736 17.115000000000006 0.13968796004076325 -0.070975940592078221 -0.11638901106244635 9.8719194800726715 -0.043952377790775536 -0.011258895085979324 19.630000000000006 0.0031519927870338198 11.686420674372577
decision_type=1 2 8 2 2 10 10 10 10 10 10 2 10 10
left_child=1 -1 3 4 -3 10 7 8 -6 -8 11 -4 -12 -14
right_child=-2 2 5 -5 6 -7 9 -9 -10 -11 12 -13 13 -15
leaf_value=-0.0018338863414172236 5.2436709928582969e-06 -0.00078024615054163207 0.0017472059748652056 -0.0009366120754071294 0.00060971922763648268 -0.00080721575128831825 -0.00045237253227991793 0.0023206397403629261 -0.00079180978136213947 -8.0061654312372795e-06 0.00051510199570796314 -0.00024784920078775049 2.7254189455242944e-05 0.00055103351615088281
leaf_weight=34 6652 121 53 38 62 117 54 48 33 427 39 130 282 39
leaf_count=34 6652 121 53 38 62 117 54 48 33 427 39 130 282 39
internal_value=7.75003e-05 -0.00155346 -0.00122661 -0.00279693 -0.00205369 0.000636364 -0.000769231 0.00440559 -0.000315789 -0.00230769 0.0020442 -0.00180328 0.004 0.00233645
internal_weight=8129 1477 1443 783 745 660 624 143 95 481 543 183 360 321
internal_count=8129 1477 1443 783 745 660 624 143 95 481 543 183 360 321
cat_boundaries=0 1
cat_threshold=33
is_linear=0
shrinkage=0.03


Tree=276
num_leaves=15
num_cat=1
split_feature=10 10 7 6 2 2 1 3 5 6 6 7 4 3
split_gain=6.4453 3.89203 12.3594 9.26433 3.57846 3.41674 9.10107 6.80988 7.18373 5.58701 10.4456 6.39054 5.47557 8.04689
threshold=29.720000000000002 28.390000000000004 0.094319510323199754 0.14554641188880349 2000.5000000000002 2005.5000000000002 0 8.0594042983760321 8.0685585944849745 0.13703228416502625 0.028466584436109169 0.014652314723575534 9.5740802782964085 10.439790846400854
decision_type=2 2 10 8 2 2 1 2 8 10 8 8 8 2
left_child=1 5 3 4 -3 7 9 8 -1 10 -7 -12 -8 -14
right_child=-2 2 -4 -5 -6 6 12 -9 -10 -11 11 -13 13 -15
leaf_value=-0.00070951834754984125 0.0010939408891487668 -0.00014859522222257038 -0.0065553116181089853 0.0027205968634033267 6.032619646689104e-05 1.9065309743667399e-05 -0.00031906442428748376 2.5300134287451924e-06 0.0072825245993036539 0.00087796087292025442 2.3987411218187505e-05 -0.00041137112027358141 7.4585089515165942e-05 -0.00014134679514165408
leaf_weight=33 35 71 30 30 43 533 169 6443 40 101 56 98 211 216
leaf_count=33 35 71 30 30 43 533 169 6443 40 101 56 98 211 216
internal_value=1.10988e-05 -4.45876e-05 -0.00448276 -0.000833333 -0.00473684 5.31646e-05 -0.00130058 0.0003407 0.00945205 0.000827068 -0.000131004 -0.00701299 -0.00405941 -0.0023185
internal_weight=8109 8074 174 144 114 7900 1384 6516 73 788 687 154 596 427
internal_count=8109 8074 174 144 114 7900 1384 6516 73 788 687 154 596 427
cat_boundaries=0 1
cat_threshold=409
is_linear=0
shrinkage=0.03


Tree=277
num_leaves=15
num_cat=8
split_feature=0 1 0 0 5 0 5 6 1 0 7 0 8 7
split_gain=14.6359 7.20936 13.3769 7.0525 10.0498 8.12999 6.13564 6.59925 5.81333 7.19809 8.87428 6.8089 6.69618 5.45388
threshold=0 1 2 3 12.219985405581058 4 9.0286983252390733 0.252700762674051 5 6 0.053451668947796634 7 11.464644205953027 0.099537966091644683
decision_type=9 1 9 9 8 9 10 10 1 9 10 9 2 10
left_child=-1 2 -2 -3 8 -6 7 13 9 10 -5 12 -10 -4
right_child=1 3 6 4 5 -7 -8 -9 11 -11 -12 -13 -14 -15
leaf_value=3.059256962894578e-05 4.8713380194561068e-05 1.700231770394225e-05 0.00041046768383129289 1.5501164299408849e-05 3.3600759306634702e-05 -0.00056345805462804587 -0.00063748713251350847 -0.005500490679958293 -0.00011393326211114145 -1.4800788816059351e-05 0.00092187595807582783 -3.0600666211799687e-06 -0.00035803359806361258 -0.001079582458861835
leaf_weight=2580 308 2472 113 272 108 292 189 36 420 481 101 795 37 30
leaf_count=2580 308 2472 113 272 108 292 189 36 420 481 101 795 37 30
internal_value=0.000240466 -0.000614407 -0.00349854 -0.00021652 -0.00133545 -0.0057 -0.00730159 -0.00351955 -0.000512821 0.00138889 0.00446475 -0.00180666 -0.00468951 -0.000629371
internal_weight=8234 5654 676 4978 2506 400 368 179 2106 854 373 1252 457 143
internal_count=8234 5654 676 4978 2506 400 368 179 2106 854 373 1252 457 143
cat_boundaries=0 4 5 9 13 17 18 21 25
cat_threshold=29512979 629180438 1090596177 8 32 336658472 33575297 3091333122 5 4197517344 1477125664 2220393120 20 262144 1048961 2097152 2 716 786504 35913801 134479874 262208 3408193 539230208 3
is_linear=0
shrinkage=0.03


Tree=278
num_leaves=15
num_cat=8
split_feature=0 0 1 0 1 2 0 8 4 8 0 2 0 8
split_gain=15.6546 5.11818 7.21323 9.83298 6.3933 9.34284 6.34955 5.73052 11.3907 6.69428 5.07775 5.57042 8.21433 8.74633
threshold=0 1 2 3 4 2003.5000000000002 5 11.97911829725299 11.831102792113599 12.210415605847389 6 2001.5000000000002 7 10.716521364516128
decision_type=9 9 1 9 1 2 9 2 8 2 9 2 9 2
left_child=-1 4 6 -4 5 -2 -3 8 10 -9 -6 -12 -13 -14
right_child=1 2 3 -5 7 -7 -8 9 -10 -11 11 12 13 -15
leaf_value=-3.5916864429168436e-05 2.4415189059245641e-05 0.00019805617805600449 -0.00030788328067202263 4.6596721656407682e-07 -2.9720340748213973e-06 0.00040474411840012826 1.4472475297007962e-05 0.00034597904943725356 -0.00043788071866505051 6.7911302525931663e-06 1.4303421369679371e-05 0.0005273832249336227 0.00028260069654538516 -3.1158202126373238e-05
leaf_weight=2506 311 493 346 1301 580 118 1260 83 178 102 505 126 125 61
leaf_count=2506 311 493 346 1301 580 118 1260 83 178 102 505 126 125 61
internal_value=0.00012971 0.00101268 0.000281525 -0.00114062 0.00214188 0.00539863 0.00161656 0.00132203 0.000742857 0.00632432 0.00165354 0.00315599 0.00634615 0.00183673
internal_weight=8095 5589 3400 1647 2189 429 1753 1760 1575 185 1397 817 312 186
internal_count=8095 5589 3400 1647 2189 429 1753 1760 1575 185 1397 817 312 186
cat_boundaries=0 4 7 8 12 13 17 20 23
cat_threshold=1884762300 1056832 57987238 2 2231420929 964823325 805831753 79 8913218 1075839008 2064 1 144 8913218 1109393440 2048 1 16384 419430429 524288 34816 8390656 268435465
is_linear=0
shrinkage=0.03


Tree=279
num_leaves=15
num_cat=1
split_feature=2 1 3 9 9 3 2 9 4 3 5 10 4 9
split_gain=4.04998 5.39201 10.2923 9.43058 5.67552 6.82864 4.33579 7.34959 8.68915 5.05259 4.06212 6.44643 4.02246 7.59529
threshold=1993.5000000000002 0 10.334344212608892 2.894245601291578 10.614838519915059 8.5767819118158801 1996.5000000000002 8.0432201900518887 9.898148308713635 9.1464947039047644 12.725608664930972 10.935 11.513385253499921 8.2725685206323138
decision_type=2 1 2 2 2 2 2 2 8 2 8 2 10 2
left_child=12 2 3 -2 5 -5 -7 9 -9 -8 -3 -12 -1 -14
right_child=1 10 -4 4 -6 6 7 8 -10 -11 11 -13 13 -15
leaf_value=2.0959652054615042e-05 -0.0017110943483106679 4.6535372598920334e-06 -0.00054310182856918607 -0.0010616398763136714 -0.0013712681455267032 0.00055836665745770874 5.5985022624488798e-06 0.00082389632908768154 -0.00018440424279988083 -0.00029506826247144134 -0.00085726265659528814 5.2655144299991352e-05 0.00043965222193774326 -2.4529022919378159e-05
leaf_weight=1104 45 5936 132 81 33 84 97 95 56 129 96 72 83 88
leaf_count=1104 45 5936 132 81 33 84 97 95 56 129 96 72 83 88
internal_value=0.000306235 1.75029e-05 -0.0023622 -0.000774194 0.00026087 0.00099631 0.00240781 0.00103448 0.00615894 -0.00238938 0.000314033 -0.00428571 0.00185882 0.00614035
internal_weight=8131 6856 752 620 575 542 461 377 151 226 6104 168 1275 171
internal_count=8131 6856 752 620 575 542 461 377 151 226 6104 168 1275 171
cat_boundaries=0 1
cat_threshold=32
is_linear=0
shrinkage=0.03


Tree=280
num_leaves=15
num_cat=6
split_feature=0 0 7 0 4 7 0 1 2 8 0 4 4 7
split_gain=15.7264 6.09933 7.1037 6.72732 6.4381 5.03455 14.3124 8.50605 8.03606 6.90924 5.84212 9.50806 6.71226 6.63317
threshold=0 1 0.1473769486393888 2 10.092246669275951 -0.07926253282633676 3 4 2002.5000000000002 8.8105101089626654 5 8.7939148601647332 9.0771517189972091 0.26551762197589085
decision_type=9 9 8 9 10 10 9 1 2 2 9 10 10 10
left_child=5 2 -2 4 -4 6 -1 -8 9 -9 11 -7 -12 -13
right_child=1 -3 3 -5 -6 10 7 8 -10 -11 12 13 -14 -15
leaf_value=5.2252205084330947e-05 2.6281631751063383e-05 1.9172338088786898e-06 0.00095450795028155554 7.8106356963198774e-05 0.0025996602398091909 -0.0018017344178594119 -6.5496521530288381e-05 0.00050201235979993836 -0.0027622559531537373 -0.0009770755992787128 0.0018477518783884311 -1.3998066513955236e-05 -5.3630078102666954e-06 -0.0043596412927476898
leaf_weight=228 1279 4234 63 142 45 56 135 30 40 182 93 858 734 33
leaf_count=228 1279 4234 63 142 45 56 135 30 40 182 93 858 734 33
internal_value=-0.000147203 0.000701542 0.00231969 0.00696 0.0122034 -0.00218841 -0.00453659 -0.00793451 -0.0112214 -0.00933962 -0.0013867 -0.00297806 0.00046595 -0.00225589
internal_weight=8152 5763 1529 250 108 2389 615 387 252 212 1774 947 827 891
internal_count=8152 5763 1529 250 108 2389 615 387 252 212 1774 947 827 891
cat_boundaries=0 4 8 11 14 15 19
cat_threshold=1613015812 679096608 2218824041 16 8540289 1082164293 1074291216 2 128 1073774657 524800 537165824 537919520 32833 10 1074044928 537927968 67141961 16
is_linear=0
shrinkage=0.03


Tree=281
num_leaves=15
num_cat=0
split_feature=3 3 7 6 5 7 9 6 10 10 5 5 5 10
split_gain=4.84413 4.13195 5.95865 7.9216 4.20948 7.91203 5.42621 5.85365 5.27635 4.87118 4.61577 9.17384 4.61173 5.2663
threshold=12.963249221348677 12.335263612378215 -0.052663596295981822 -0.027009060576951068 9.1167986215391803 0.3431405591994548 4.1148797840492088 -0.028225951444804661 27.341666666666672 19.715000000000003 8.6646643777026444 8.9871343167553999 9.2069844650188557 26.105000000000004
decision_type=2 2 8 8 8 10 2 10 2 2 10 10 8 2
left_child=1 4 -3 -4 5 6 8 9 10 -8 -1 -12 13 -6
right_child=-2 2 3 -5 12 -7 7 -9 -10 -11 11 -13 -14 -15
leaf_value=0.00037901812913370352 -0.00085183474391182829 0.00099340789332618903 -0.00035041909464453768 6.6178740364732333e-05 -0.0014894881804814227 -0.0022806686958274191 0.0042510023241523771 2.3598498336031495e-05 0.00035876451961664954 0.00068399271478525444 -0.0026622469652798778 0.00024393955274210982 -2.7933309603457018e-06 0.00043253944417185366
leaf_weight=68 30 30 66 271 58 78 49 308 57 90 47 30 6982 31
leaf_count=68 30 30 66 271 58 78 49 308 57 90 47 30 6982 31
internal_value=3.29469e-05 7.71586e-05 0.00318801 0.00204748 -6.92485e-05 0.00210454 0.00318952 0.00503356 -0.000891089 0.0101439 -0.00393103 -0.00896104 -0.000292745 -0.00707865
internal_weight=8195 8165 367 337 7798 727 649 447 202 139 145 77 7071 89
internal_count=8195 8165 367 337 7798 727 649 447 202 139 145 77 7071 89
is_linear=0
shrinkage=0.03


Tree=282
num_leaves=15
num_cat=5
split_feature=0 0 3 6 0 0 6 0 6 6 2 2 2 6
split_gain=16.8729 6.69388 8.01996 6.21505 20.8941 8.78029 8.00591 7.16593 8.27858 6.58137 6.2209 5.7653 5.62914 5.365
threshold=0 1 8.7097125697845197 0.051909732434794804 2 3 -0.33020889714689433 4 0.095331245605648554 0.047400848975398098 2001.5000000000002 2007.5000000000002 1998.5000000000002 0.00079732319228753578
decision_type=9 9 2 10 9 9 8 9 10 10 2 2 2 10
left_child=11 2 -2 5 -5 6 10 -6 12 -7 -3 -1 -9 -13
right_child=1 3 -4 4 7 9 -8 8 -10 -11 -12 13 -14 -15
leaf_value=-1.6502779575130316e-05 0.00041203256056388779 -0.0016866736892263568 4.9543496225027333e-05 -0.00044882963375359765 0.00070427173783295155 1.4137223571081519e-05 -2.0769465802333808e-05 0.00024993114577294282 3.4880331984220508e-05 -0.00081190670415502372 -0.0018959238550168588 -1.9179619739006286e-05 0.00077504808924220442 -0.00040642983148740826
leaf_weight=2240 56 44 1625 325 231 1712 1094 76 423 31 34 51 100 75
leaf_count=2240 56 44 1625 325 231 1712 1094 76 423 31 34 51 100 75
internal_value=0.000284588 0.00116126 0.00274985 0.0005 0.00236364 -0.000236707 -0.0022335 0.00485714 0.00300493 0.00111238 -0.0115385 -0.00184343 0.00852273 -0.00809524
internal_weight=8117 5751 1681 4070 1155 2915 1172 830 599 1743 78 2366 176 126
internal_count=8117 5751 1681 4070 1155 2915 1172 830 599 1743 78 2366 176 126
cat_boundaries=0 4 8 11 14 17
cat_threshold=1075966498 559970466 336593490 22 2390756353 261 3758633217 9 537002056 1074038280 36 786836 370802768 153567240 786820 67240016 132096
is_linear=0
shrinkage=0.03


Tree=283
num_leaves=15
num_cat=6
split_feature=0 3 6 0 0 7 3 3 9 0 2 0 0 6
split_gain=11.9689 6.67569 5.91735 19.7888 6.79729 6.70931 6.74569 6.12352 5.50916 5.15537 6.20533 19.1399 16.7563 11.3252
threshold=0 8.2236219951711558 -0.12129034882548594 1 2 -0.052663596295981822 9.7480318510386059 10.193466958840132 4.2020771920452775 3 2000.5000000000002 4 5 -0.60669570726644018
decision_type=9 2 10 9 9 10 2 2 2 9 2 9 9 10
left_child=2 -2 3 5 8 6 -1 -7 -4 -3 12 -12 13 -11
right_child=1 9 4 -5 -6 7 -8 -9 -10 10 11 -13 -14 -15
leaf_value=-0.00038451471431354616 0.0078776329532831077 2.6208832825999062e-05 -0.0004956938340765374 -0.0012092329612081625 4.8452975381861255e-06 0.0003004687180768531 0.0011407766542780955 -0.0010325827576796063 -3.6718323350739925e-05 8.0711733639164467e-05 -2.8579050169248322e-05 0.00015709142591007697 1.7403265847106321e-05 -0.00019964172900615801
leaf_weight=54 39 1675 153 281 1286 33 109 30 588 101 829 989 1137 910
leaf_count=54 39 1675 153 281 1286 33 109 30 588 101 829 989 1137 910
internal_value=-5.84368e-05 0.000706503 -0.00176887 -0.00467456 -0.00105081 0.0020339 0.00533742 -0.00619048 -0.00331558 0.00062223 3.01811e-05 0.00132013 -0.00106145 -0.00384917
internal_weight=8214 5680 2534 507 2027 226 163 63 741 5641 3966 1818 2148 1011
internal_count=8214 5680 2534 507 2027 226 163 63 741 5641 3966 1818 2148 1011
cat_boundaries=0 4 7 11 14 18 22
cat_threshold=19145660 1080038291 269631646 18 56 643 269484166 8760 515 268451854 2 3355466819 554868740 1177030976 886046720 310920264 2147493408 4 571146240 201590816 155518977 9
is_linear=0
shrinkage=0.03


Tree=284
num_leaves=15
num_cat=4
split_feature=0 0 2 10 7 0 7 7 4 10 0 6 8 2
split_gain=16.3206 6.38473 6.39252 8.10266 7.53004 6.13788 7.67266 6.94518 5.95118 8.44507 7.21021 6.62864 6.01376 6.08121
threshold=0 1 2001.5000000000002 25.325000000000003 0.029355795111566611 2 -0.066426536658433996 0.0097763905604177932 9.812988281354313 20.501666666666669 3 0.0021234117517119348 9.9536318307047349 1996.5000000000002
decision_type=9 9 2 2 8 9 10 10 8 2 9 8 2 2
left_child=-1 2 4 -4 5 7 -7 -2 9 -6 11 -10 -12 -14
right_child=1 -3 3 -5 8 6 -8 -9 10 -11 12 -13 13 -15
leaf_value=3.9809608214575808e-05 -1.2960869425876249e-06 -2.256193570205759e-06 -0.0002136199297855452 2.0197915491539362e-06 -0.00054054184844005016 -0.000131401251878039 0.00015499045494532643 -0.00057644560600676493 -0.00037210987584987513 0.00054714596204018251 -0.0022689788190489962 0.00035612918274972833 -0.00010902442701231829 -0.00058128218438589026
leaf_weight=2384 212 3753 571 233 62 90 307 38 30 91 63 77 174 97
leaf_count=2384 212 3753 571 233 62 90 307 38 30 91 63 77 174 97
internal_value=-2.93327e-05 -0.00088843 -0.00223358 -0.00432836 -0.00089444 0.00134467 0.00361179 -0.00230769 -0.00333333 0.00176471 -0.00510204 0.00179487 -0.00715116 -0.00542435
internal_weight=8182 5798 2045 804 1241 647 397 250 594 153 441 107 334 271
internal_count=8182 5798 2045 804 1241 647 397 250 594 153 441 107 334 271
cat_boundaries=0 4 8 11 14
cat_threshold=2290667522 697573635 1527014421 4 1074078281 1114119232 2148014666 2 327752 6144 64 72 33554432 2148007936
is_linear=0
shrinkage=0.03


Tree=285
num_leaves=15
num_cat=4
split_feature=0 0 9 2 6 6 10 0 1 6 6 4 9 5
split_gain=15.4381 6.21519 4.7324 5.03129 4.42299 6.25056 8.24932 8.12232 5.66176 5.43989 7.84481 5.45396 5.29712 5.19791
threshold=0 1 4.3990574822249018 1994.5000000000002 0.1936667594551951 -0.0032031950124746795 8.2616666666666685 2 3 -0.013645370434382185 -0.11718469673434305 10.483410036110753 6.2774672016845807 10.886118233263085
decision_type=9 9 2 2 10 8 2 9 1 10 10 10 2 8
left_child=-1 2 3 -2 5 7 -7 -4 -8 10 -9 -12 -6 -14
right_child=1 -3 4 -5 12 6 8 9 -10 -11 11 -13 13 -15
leaf_value=-2.6509547569970177e-05 0.00032788256069542725 7.2876206917972461e-06 -5.0042559890267974e-07 3.719675356251078e-06 0.0027111549926474706 0.00067503568964190699 -4.0419191519316431e-05 0.0020876569951060074 1.9768247336133248e-05 0.00060089514544145288 0.00048146161526848989 -5.3614205544067713e-05 0.00028366686889520542 -0.00051201787992159297
leaf_weight=2424 56 4204 235 49 31 47 319 101 383 33 54 112 61 34
leaf_count=2424 56 4204 235 49 31 47 319 101 383 33 54 112 61 34
internal_value=0.000202628 0.00105254 0.00269508 0.00885714 0.00225532 0.00172897 -4.00534e-05 0.00420561 -0.000854701 0.00735484 0.00617978 0.00216867 0.00761905 0.00410526
internal_weight=8143 5719 1515 105 1410 1284 749 535 702 300 267 166 126 95
internal_count=8143 5719 1515 105 1410 1284 749 535 702 300 267 166 126 95
cat_boundaries=0 4 8 12 13
cat_threshold=3095997218 1074288810 69927114 2 16777416 12592645 3221509904 8 16777344 12592132 2147483648 8 305
is_linear=0
shrinkage=0.03


Tree=286
num_leaves=15
num_cat=4
split_feature=0 6 1 0 0 5 3 6 2 6 7 6 7 9
split_gain=14.8106 11.3135 4.7946 6.51308 5.66021 9.48952 7.5433 6.57951 6.09967 5.8606 6.95165 5.01692 5.11579 4.86922
threshold=0 -0.37303678043615379 1 2 3 9.0286983252390733 9.4336039088926977 0.068780818014659864 2006.5000000000002 0.20674512775184176 0.032157656839918232 0.068780818014659864 0.1683270553032932 7.7169455745931126
decision_type=9 8 1 9 9 8 2 10 2 10 10 10 8 2
left_child=1 -1 3 11 7 -6 13 8 -4 10 -9 -3 -13 -7
right_child=-2 2 4 -5 5 6 -8 9 -10 -11 -12 12 -14 -15
leaf_value=0.0027333080028713514 -1.1264455798419455e-05 8.9306325880987168e-05 5.6400563170130744e-05 1.8568257970638123e-05 0.0001443502967544623 -0.00099942109270460973 -4.8567028150700606e-05 7.7141885255894989e-06 0.00065590181028259164 0.00016395999488641775 -0.0013511976986082617 0.0010539574763858783 -3.801064988707199e-05 -0.00038423205326052395
leaf_weight=78 5707 348 398 692 61 36 487 51 49 59 52 95 30 35
leaf_count=78 5707 348 398 692 61 36 487 51 49 59 52 95 30 35
internal_value=-0.000110051 0.00182588 0.00146678 0.00283404 0.000145396 -0.0018601 -0.00311828 0.00218094 0.00409396 -0.00296296 -0.00728155 0.00552795 0.0108 -0.0122535
internal_weight=8178 2471 2393 1165 1228 619 558 609 447 162 103 473 125 71
internal_count=8178 2471 2393 1165 1228 619 558 609 447 162 103 473 125 71
cat_boundaries=0 4 5 8 11
cat_threshold=2313339160 750794240 606616069 1 139 163577872 213917696 2099716 2179088392 67110400 4101
is_linear=0
shrinkage=0.03


Tree=287
num_leaves=15
num_cat=5
split_feature=0 0 1 0 7 9 6 6 2 6 1 8 8 6
split_gain=15.7033 6.32648 4.78461 6.43479 5.02878 4.81509 6.783 9.05156 5.97853 5.4 4.63537 8.49647 9.0885 5.33395
threshold=0 1 2 3 0.074241026539098712 8.1599464921264673 -0.0058604319003778818 0.033469741337555099 1999.5000000000002 0.093279179255418412 4 10.340007549306865 10.027907328534983 -0.0053700948267554329
decision_type=9 9 1 9 10 2 8 8 2 8 1 2 2 8
left_child=10 2 3 4 -2 -5 8 -8 -7 -9 13 12 -12 -1
right_child=1 -3 -4 5 -6 6 7 9 -10 -11 11 -13 -14 -15
leaf_value=0.00046822417290711332 5.7826762349334664e-06 -1.2518779797539899e-06 -0.00010967658058273134 -0.00016144630119382282 0.0017417834614914453 2.423412609244479e-05 0.00019534019319923031 -0.0004474177938654561 -0.00067227097104726168 0.00023927477473100758 1.2297650266746612e-05 -2.9459491955091736e-05 0.0010208855307724202 3.9376549106377586e-05
leaf_weight=593 190 4004 1296 85 43 35 49 35 51 49 179 534 60 1008
leaf_count=593 190 4004 1296 85 43 35 49 35 51 49 179 534 60 1008
internal_value=6.21118e-05 -0.000774756 -0.00223006 0.000164534 0.00382716 -0.00267516 -0.000410959 0.00383459 -0.00697674 -0.00214286 0.00211409 0.000191571 0.0048954 0.00303538
internal_weight=8211 5837 1833 537 233 304 219 133 86 84 2374 773 239 1601
internal_count=8211 5837 1833 537 233 304 219 133 86 84 2374 773 239 1601
cat_boundaries=0 4 8 9 12 13
cat_threshold=2178958043 1816231969 151126453 4 838869280 2622298 616000 1 660 268435488 72 65600 458
is_linear=0
shrinkage=0.03


Tree=288
num_leaves=15
num_cat=4
split_feature=0 7 7 0 1 6 6 7 5 0 6 8 8 2
split_gain=13.3651 10.3109 5.3386 11.9032 10.5062 7.85878 6.06217 8.26383 7.04429 6.0343 7.52536 5.83194 7.27366 5.06212
threshold=0 0.31365689599855134 0.04356835732483378 1 2 0.093279179255418412 0.20010370128022539 -0.021723558891109104 11.498780899562457 3 0.062186871984830645 10.972500980653814 11.401257727231288 2000.5000000000002
decision_type=9 10 10 9 1 10 10 10 8 9 10 2 2 2
left_child=1 2 5 4 -4 9 7 -7 -8 -1 11 -11 -13 -14
right_child=-2 -3 3 -5 -6 6 8 -9 -10 10 -12 12 13 -15
leaf_value=-3.8549058242779099e-06 -1.1525190860380589e-05 -0.0035969337978572101 -0.00060928144699481739 0.0004925295833720731 0.00067072832011499711 0.002194877890240623 0.0010573961009827213 0.00026695345615053082 -0.001941480209801939 1.9334264313293032e-05 -0.00029923517916215491 0.00031906422176771447 0.00019942345363908019 -1.1905608567495326e-05
leaf_weight=982 5469 49 127 378 107 54 53 73 31 380 39 97 132 123
leaf_count=982 5469 49 127 378 107 54 53 73 31 380 39 97 132 123
internal_value=0.000237213 0.00199241 0.00225932 0.00470588 -0.000737705 0.00149695 0.00696682 0.0111024 0.000714286 0.000838562 0.0028041 0.00352459 0.00630682 0.00364706
internal_weight=8094 2625 2576 612 234 1964 211 127 84 1753 771 732 352 255
internal_count=8094 2625 2576 612 234 1964 211 127 84 1753 771 732 352 255
cat_boundaries=0 3 6 7 10
cat_threshold=142655499 663265566 3390255425 142606346 8388874 69633 266 8437760 83919104 2316509248
is_linear=0
shrinkage=0.03


Tree=289
num_leaves=15
num_cat=4
split_feature=0 6 0 1 2 8 8 7 0 7 6 2 4 7
split_gain=14.305 6.9719 11.7737 11.3088 8.11104 8.36433 5.28556 6.63088 6.36764 5.8674 5.24979 4.98706 6.63477 6.03494
threshold=0 -0.010613482553319285 1 2 1997.5000000000002 10.445899044311703 8.8825715027368481 0.11640196325161913 3 -0.066426536658433996 0.0012348021674704059 1996.5000000000002 9.9151690524254281 0.06049459508802358
decision_type=9 8 9 1 2 2 2 10 9 8 8 2 8 8
left_child=1 2 3 4 -1 -6 -3 8 11 -10 -11 12 -8 -14
right_child=-2 6 -4 -5 5 -7 7 -9 9 10 -12 -13 13 -15
leaf_value=-0.0013408810196572343 -7.0305299911825228e-06 0.0024546017589676967 0.00062159800285750179 0.00047160563748309441 0.00092752413971135424 -0.00076798454434079616 0.00091901770215913449 -0.00077590121654282952 -0.00038446934953699767 -4.2880150513270382e-05 0.00013357779732950549 -4.5209238845804253e-05 0.00022167530415151174 -8.361106672742538e-05
leaf_weight=76 5845 47 389 172 103 46 30 170 36 84 542 424 85 102
leaf_count=76 5845 47 389 172 103 46 30 170 36 84 542 424 85 102
internal_value=0.000128819 0.00212435 0.00442748 0.000663391 -0.00370213 0.000201342 0.000947368 0.000631365 0.0013584 0.00339286 0.00412141 -0.00078341 0.00290323 0.000802139
internal_weight=8151 2306 786 397 225 149 1520 1473 1303 662 626 641 217 187
internal_count=8151 2306 786 397 225 149 1520 1473 1303 662 626 641 217 187
cat_boundaries=0 3 6 7 10
cat_threshold=1770537738 1219936774 1241112 536870914 145113602 159744 880 1233666056 1081348 36888
is_linear=0
shrinkage=0.03


Tree=290
num_leaves=15
num_cat=5
split_feature=0 6 0 1 0 0 7 7 9 9 6 4 6 9
split_gain=12.2627 7.73777 10.4325 7.88587 13.0722 10.2368 7.53725 7.01156 7.72901 6.73001 6.7724 6.39073 9.54808 6.69836
threshold=0 -0.12129034882548594 1 2 3 4 -0.13177793123544432 0.019259115902703797 4.2917591203807648 7.9911456270794092 0.00079732319228753578 9.3481438751744896 0.20674512775184176 5.6766614042117984
decision_type=9 8 9 1 9 9 8 8 2 2 10 10 10 2
left_child=1 2 6 4 -3 7 -1 8 -5 10 -10 13 -13 -6
right_child=-2 3 -4 5 11 -7 -8 -9 9 -11 -12 12 -14 -15
leaf_value=0.0035426110769649862 9.2412025469544929e-06 -6.5307161170014958e-07 -0.0017142105705404056 0.0001260891111768523 -0.00099007018484871079 -8.2041170180973883e-05 -0.00072611728514346155 0.00035811792302642154 -1.0012534622282429e-05 2.8804595192313974e-05 -0.00022752138028037905 -0.00021099735916628492 -0.0041522781380213336 1.7557495942793114e-05
leaf_weight=40 5561 570 206 53 35 730 68 234 73 101 57 302 33 102
leaf_count=40 5561 570 206 53 35 730 68 234 73 101 57 302 33 102
internal_value=-0.000187385 -0.00188217 -0.00630573 -0.00128384 -0.00319392 0.000333863 0.00152542 0.00352273 0.000422535 -0.00194805 -0.00646154 -0.00684647 -0.00922388 -0.00153285
internal_weight=8165 2604 314 2290 1042 1248 108 518 284 231 130 472 335 137
internal_count=8165 2604 314 2290 1042 1248 108 518 284 231 130 472 335 137
cat_boundaries=0 4 7 8 12 16
cat_threshold=554312932 1702104112 3260055586 16 32 262144 1081346 992 537534468 554696720 3258974242 16 132 1096810544 2148532224 16
is_linear=0
shrinkage=0.03


Tree=291
num_leaves=15
num_cat=2
split_feature=0 3 0 8 5 8 10 10 7 2 9 3 4 10
split_gain=13.905 7.74075 4.97662 5.51645 5.37576 4.02897 4.58333 8.45 3.95404 3.94709 6.84871 7.45157 10.7222 7.46423
threshold=0 7.8019973345292053 1 12.451055340883302 8.5093601540966706 8.8443464318019505 19.835000000000004 20.625000000000004 -0.23558330330360142 1999.5000000000002 6.5408495914664959 11.993732866227058 11.309468092157685 27.925000000000004
decision_type=9 2 9 2 8 2 2 2 8 2 2 2 10 2
left_child=-1 -2 3 9 -4 6 -6 -8 -7 -3 11 12 13 -11
right_child=1 2 4 -5 5 8 7 -9 -10 10 -12 -13 -14 -15
leaf_value=-2.9346928638283099e-05 0.0074333284697061467 0.00010016643936179308 -0.002399362623434818 0.00026665224599329516 0.002293874156048834 0.0017215265617914132 -3.3647857109235946e-05 0.00066026166372768857 4.1997794686103805e-07 -0.00055460305369640429 4.0542507322758516e-05 -0.00096809686516496159 0.00013104289444173376 0.00084987683118137303
leaf_weight=2252 33 982 33 55 30 71 40 40 3578 146 706 35 72 50
leaf_count=2252 33 982 33 55 30 71 40 40 3578 146 706 35 72 50
internal_value=0.00019574 0.000964122 0.000883864 0.00207198 0.000236718 0.000343176 0.006 0.00225 0.00017265 0.0018232 0.000505451 -0.00326733 -0.00156716 -0.00520408
internal_weight=8123 5871 5838 2046 3792 3759 110 80 3649 1991 1009 303 268 196
internal_count=8123 5871 5838 2046 3792 3759 110 80 3649 1991 1009 303 268 196
cat_boundaries=0 4 7
cat_threshold=539048724 7934144 3091858952 25 2315568259 1753253398 162
is_linear=0
shrinkage=0.03


Tree=292
num_leaves=15
num_cat=7
split_feature=0 1 0 0 6 0 6 7 7 7 1 2 0 10
split_gain=16.3042 6.56868 18.6069 10.5462 11.7497 9.07498 15.2591 11.5018 6.57889 6.18132 5.44339 11.9827 7.94382 6.63048
threshold=0 1 2 3 0.086841567204038142 4 0.26107512470792044 -0.043952377790775536 0.0026687593786376422 -0.010811314909094259 5 1999.5000000000002 6 21.950000000000006
decision_type=9 1 9 9 10 9 10 10 8 10 1 2 9 2
left_child=-1 2 -2 4 10 6 -6 -7 9 -4 12 -12 -3 -13
right_child=1 3 8 -5 5 7 -8 -9 -10 -11 11 13 -14 -15
leaf_value=-3.8604362270802547e-05 -0.00010224855141567834 9.9747396479371163e-05 4.7535588054287622e-05 8.9583433243057161e-08 -0.0014910689837106148 0.0016875134062294052 0.0015354880727512007 -2.9380329771634506e-05 0.0001728266004939602 -0.00017681124065648099 -7.2549361297136834e-05 0.00049429251896357341 0.0003908890412506464 8.55374986686353e-06
leaf_weight=2484 603 479 210 2479 78 48 33 318 412 78 248 140 445 100
leaf_count=2484 603 479 210 2479 78 48 33 318 412 78 248 140 445 100
internal_value=-0.00014347 0.000744587 -0.00111957 0.00130196 0.00298578 -0.00106918 -0.00818182 0.0012766 0.00219718 -0.00125 0.00437677 0.00168675 0.00571734 0.0065
internal_weight=8155 5671 1303 4368 1889 477 111 366 700 288 1412 488 924 240
internal_count=8155 5671 1303 4368 1889 477 111 366 700 288 1412 488 924 240
cat_boundaries=0 4 5 9 13 16 17 20
cat_threshold=385886790 83966156 2250253576 23 164 549470472 1344439584 5341924 8 1082148121 1122256672 5833396 8 16384 33817600 528 90 1 1119896832 5308580
is_linear=0
shrinkage=0.03


Tree=293
num_leaves=15
num_cat=3
split_feature=0 0 7 8 3 6 0 2 7 9 10 6 3 6
split_gain=15.3199 5.39241 7.13344 8.10331 6.70197 6.21569 9.19391 11.1665 7.63108 8.16927 7.11852 6.41091 7.20984 6.37861
threshold=0 1 -0.16150665039632181 10.155251606797897 8.9231247485487035 -0.060314836107375307 2 2001.5000000000002 0.20118788956944969 6.2327033540926546 17.940000000000001 -0.25296294129871372 9.4336039088926977 0.050851464672887488
decision_type=9 9 8 2 2 8 9 2 10 2 2 10 2 10
left_child=-1 5 3 4 -3 6 7 -2 13 -10 -9 12 -8 -7
right_child=1 2 -4 -5 -6 8 11 10 9 -11 -12 -13 -14 -15
leaf_value=-2.2591953951216666e-05 -0.00050009445032240662 -0.0035847032039986277 5.8007509805837963e-06 -0.0023607053945235196 0.0011628702557166895 3.7797282741781902e-06 0.0036410365131931775 0.0016490528594289226 0.0013304469536689018 -0.0036191642609630066 0.00021308890593359626 0.00045154649519242763 0.003453191608040391 0.0001945507520738411
leaf_weight=2667 131 46 2902 43 38 1115 42 36 33 57 54 245 49 726
leaf_count=2667 131 46 2902 43 38 1115 42 36 33 57 54 245 49 726
internal_value=5.8651e-05 0.000960738 0.000108588 -0.00685039 -0.00142857 0.00199359 0.00479354 -0.00012987 0.00119627 -0.00733333 0.008 0.00780347 0.0148352 0.00161325
internal_weight=8184 5517 3029 127 84 2488 557 221 1931 90 90 336 91 1841
internal_count=8184 5517 3029 127 84 2488 557 221 1931 90 90 336 91 1841
cat_boundaries=0 4 7 10
cat_threshold=271132560 560269808 572097546 4 2223134791 445669902 1147416849 67110918 1064970 2367488
is_linear=0
shrinkage=0.03


Tree=294
num_leaves=15
num_cat=0
split_feature=9 5 6 4 6 10 2 2 2 2 7 4 2 5
split_gain=4.114 8.37189 4.61594 5.24396 3.56947 3.01073 18.8584 19.4048 13.1861 13.2367 11.1974 9.27202 8.50149 5.5699
threshold=11.066372444374059 10.119586347520796 0.045196039250791749 11.129811197498734 1.1513664388264522 13.605000000000002 2007.5000000000002 2005.5000000000002 2003.5000000000002 2004.5000000000002 0.00017528996194915439 10.483410036110753 2002.5000000000002 11.394141903617061
decision_type=2 10 10 10 10 2 2 2 2 2 8 8 2 8
left_child=4 -2 -3 -4 5 6 7 8 12 -10 -8 -11 13 -1
right_child=1 2 3 -5 -6 -7 10 -9 9 11 -12 -13 -14 -15
leaf_value=0.00014890766386132617 0.00038987981794839455 -1.9889030407894988e-05 -0.0002140746874589193 0.00033293752521274282 -0.0028197980859210551 -3.9786536384649164e-06 0.0020625176940733754 -0.0010879275389336263 0.0023297954288803839 0.0012099941071347046 0.00020273886966295769 -0.00026213412970916081 -0.001124907244000608 -0.00010183879664106283
leaf_weight=539 144 290 57 49 33 6060 46 175 78 31 43 55 87 400
leaf_count=539 144 290 57 49 33 6060 46 175 78 31 43 55 87 400
internal_value=2.59676e-05 0.00255556 0.00030303 0.00566038 -0.000155028 -0.000111791 0.00111417 0.000241758 0.00161345 0.0095122 0.0144944 0.00139535 0.000350877 0.00118211
internal_weight=8087 540 396 106 7547 7514 1454 1365 1190 164 89 86 1026 939
internal_count=8087 540 396 106 7547 7514 1454 1365 1190 164 89 86 1026 939
is_linear=0
shrinkage=0.03


Tree=295
num_leaves=15
num_cat=1
split_feature=3 1 5 9 6 10 2 6 4 5 2 2 3 10
split_gain=4.84196 5.25827 7.98155 8.43249 8.36499 8.03653 7.50725 7.7555 7.37706 5.73099 5.55744 6.18713 5.90836 5.24224
threshold=7.8019973345292053 0 10.385635868258946 5.6766614042117984 0.0074906983130480507 20.775000000000002 2002.5000000000002 0.0036793829376602365 9.8416919296867587 9.8400417586088107 1999.5000000000002 2005.5000000000002 9.0507580544757698 18.190000000000001
decision_type=2 1 10 2 8 2 2 8 8 8 2 2 2 2
left_child=-1 2 3 4 -2 -6 7 -4 9 10 -5 12 -12 -10
right_child=1 -3 6 8 5 -7 -8 -9 13 -11 11 -13 -14 -15
leaf_value=0.0037036889520497517 -0.00061904589653133575 7.3640720036540625e-08 -0.00054567692704665454 -0.00010509684193811273 -0.0054218016788060118 0.00036322908512035094 -0.00082563598918193918 0.00010476408519952075 0.00018074544906938829 0.0024655537713533906 4.2041489210959888e-05 -0.00012888299097038786 0.00058856500145950091 -0.0012816683531986475
leaf_weight=63 118 7306 34 124 37 85 42 35 88 41 43 57 71 78
leaf_count=63 118 7306 34 124 37 85 42 35 88 41 43 57 71 78
internal_value=-0.000189735 -0.000253708 -0.00246813 -0.00137466 -0.006 -0.000491803 -0.01 -0.00391304 0.000836653 0.00339286 0.0019322 0.0054386 0.00947368 -0.00433735
internal_weight=8222 8159 853 742 240 122 111 69 502 336 295 171 114 166
internal_count=8222 8159 853 742 240 122 111 69 502 336 295 171 114 166
cat_boundaries=0 1
cat_threshold=32
is_linear=0
shrinkage=0.03


Tree=296
num_leaves=15
num_cat=1
split_feature=1 5 6 7 9 7 6 10 5 6 7 6 10 8
split_gain=3.62829 8.61558 9.34957 7.28091 5.72753 5.61307 4.24965 7.42251 11.3972 15.2912 7.93893 7.83096 10.3132 7.69128
threshold=0 10.463674442760942 0.0031519927870338198 0.13479551151985406 10.942244490616275 0.18367099632679376 -0.044094878024125699 18.745000000000005 11.512810451743201 -0.26476653851356419 -0.0050413732043321771 -0.18938940901217635 24.115000000000006 10.74595792289505
decision_type=1 10 10 10 2 10 10 2 8 10 8 8 2 2
left_child=1 3 -3 4 -1 -5 7 8 9 -2 -9 12 -12 -11
right_child=6 2 -4 5 -6 -7 -8 10 -10 13 11 -13 -14 -15
leaf_value=-3.0134501792800963e-06 0.0029655222125992212 -0.00075466923221505526 -0.00012889386789455238 -0.0010192470752211436 0.00097818336118658616 -0.00049515790681325055 -1.3440056525042753e-06 -0.00013280093353450111 -4.7722814493220449e-05 1.0258948340249734e-05 -0.0045207506271942345 8.8043503294756386e-05 0.0013785253222519385 0.00073265313196514161
leaf_weight=670 144 50 42 38 34 64 5108 632 406 261 33 479 35 149
leaf_count=670 144 50 42 38 34 64 5108 632 406 261 33 479 35 149
internal_value=6.99816e-05 -0.00171806 -0.0104348 -0.000744417 0.000340909 -0.00823529 0.00029351 0.00141655 0.003375 0.00617329 -0.000178117 0.00246801 -0.00705882 0.00321951
internal_weight=8145 898 92 806 704 102 7247 2139 960 554 1179 547 68 410
internal_count=8145 898 92 806 704 102 7247 2139 960 554 1179 547 68 410
cat_boundaries=0 1
cat_threshold=32
is_linear=0
shrinkage=0.03


Tree=297
num_leaves=15
num_cat=6
split_feature=0 3 0 6 1 0 5 0 4 6 6 1 9 9
split_gain=13.418 6.79225 4.84297 5.68306 8.04627 9.45438 9.97395 7.68573 6.3228 5.92022 5.3137 5.87528 6.04508 9.26204
threshold=0 7.8019973345292053 1 0.0230336803197746 2 3 11.046642903827861 4 8.927048639014517 -0.054814947739874491 0.032422213952334474 5 8.2725685206323138 7.635793630928319
decision_type=9 2 9 8 1 9 10 9 8 10 8 1 2 2
left_child=-1 -2 3 4 9 -6 -7 10 -9 -3 -5 -12 13 -13
right_child=1 2 -4 7 5 6 -8 8 -10 -11 11 12 -14 -15
leaf_value=-2.9091380493643273e-05 0.006409722251823814 -0.00066868400071235889 -7.3164941241022219e-07 -0.00040433911871179813 8.4042280315108588e-06 0.00075649213115973476 1.8482345216846795e-05 0.0018420303445985616 3.5017894178051942e-05 1.6151973147436591e-05 2.0840188118891613e-05 -4.710082636360052e-05 -6.3744113979720748e-07 -0.0018811799244801261
leaf_weight=2234 34 84 3382 31 535 325 270 41 536 141 282 61 113 64
leaf_count=2234 34 84 3382 31 535 325 270 41 536 141 282 61 113 64
internal_value=-3.68868e-06 0.000746319 0.000670077 0.00167268 0.00298893 0.004 0.00659504 0.000106383 0.00250426 -0.00217021 -0.00240642 -0.00173077 -0.00508065 -0.00984
internal_weight=8133 5899 5865 2483 1355 1130 595 1128 577 225 551 520 238 125
internal_count=8133 5899 5865 2483 1355 1130 595 1128 577 225 551 520 238 125
cat_boundaries=0 4 8 9 12 16 17
cat_threshold=1629008772 208675592 2216198248 11 2659468353 813732870 56783248 4 33 33817600 276828166 4219024 377503808 536904704 50336000 4 27
is_linear=0
shrinkage=0.03


Tree=298
num_leaves=15
num_cat=5
split_feature=0 6 6 3 0 5 0 5 5 8 0 5 0 4
split_gain=14.4798 8.67764 6.73915 6.23251 5.29648 7.59903 8.98639 8.86221 6.55921 10.5423 7.78114 6.48918 10.7401 11.3292
threshold=0 -0.14174092210540309 -0.52958449008407971 8.0594042983760321 1 9.7360151916030642 2 8.9437019843221162 10.907697581777166 10.825664010231561 3 10.108854021882509 4 9.6281621494157736
decision_type=9 8 10 2 9 8 9 10 8 2 9 10 9 8
left_child=1 2 -1 -2 8 6 7 -6 9 -5 -10 12 -7 -14
right_child=3 -3 -4 4 5 11 -8 -9 10 -11 -12 -13 13 -15
leaf_value=0.0014259389403324426 0.0072336972182569514 -2.5859677364390199e-05 -0.0016150662742157025 8.8040428114162099e-05 9.3812795237034009e-05 0.00026188570372510228 -2.2652685017440298e-07 -0.00045329911977241453 -0.00020759238640480536 0.0010758736851441304 2.2630678863709078e-05 -3.8406118059405662e-06 -0.0022784970348307719 2.3809768876260056e-05
leaf_weight=52 38 1950 216 1141 93 317 435 231 513 61 712 1907 46 437
leaf_count=52 38 1950 216 1141 93 317 435 231 513 61 712 1907 46 437
internal_value=-0.000254019 -0.00231598 -0.00738806 0.000520114 0.000442898 -0.000310702 -0.00296443 -0.00664671 0.00151416 0.00309484 -2.44898e-05 0.000432213 0.0027 -0.000182556
internal_weight=8149 2218 268 5931 5893 3466 759 324 2427 1202 1225 2707 800 483
internal_count=8149 2218 268 5931 5893 3466 759 324 2427 1202 1225 2707 800 483
cat_boundaries=0 4 8 11 15 18
cat_threshold=271596244 7344234 3087140224 27 3423174920 747316245 34142246 4 570425346 33851392 17891337 1140916480 655361 571398 4 8388610 268732544 1098187264
is_linear=0
shrinkage=0.03


Tree=299
num_leaves=15
num_cat=1
split_feature=1 5 6 5 7 5 2 3 5 5 8 2 7 9
split_gain=3.11715 7.20484 6.86024 11.384 7.73516 7.60362 7.25172 6.34311 8.13481 6.02429 10.5069 6.60248 6.16987 5.30368
threshold=0 9.0286983252390733 1.0000000180025095e-35 10.545078211537401 0.13479551151985406 10.995049965164869 2005.5000000000002 10.334344212608892 9.3945351653685343 10.430506276797901 10.70636892975172 2002.5000000000002 0.0072760049876117181 7.4974564836154869
decision_type=1 10 8 10 10 10 2 2 10 10 2 2 10 2
left_child=1 -1 9 4 6 -5 7 8 -4 11 -11 12 -3 -10
right_child=-2 2 3 5 -6 -7 -8 -9 13 10 -12 -13 -14 -15
leaf_value=2.4314851476236257e-05 1.8990269805689141e-06 -0.00071149234787522102 -8.2765741536951036e-05 0.00038800560379876719 -0.0037693425876283754 1.7236185554123697e-05 -0.00025624690426450487 -0.00097753521265221341 0.00031587876109922516 -0.0024996762024631072 -0.00020398261520964125 0.00072453692967063411 0.00083825718749565758 0.00011758845369964812
leaf_weight=395 6928 101 45 53 34 91 43 30 34 31 137 75 33 62
leaf_count=395 6928 101 45 53 34 91 43 30 34 31 137 75 33 62
internal_value=-0.000103806 -0.00153322 -0.00323797 -0.000459184 -0.00435484 0.00625 -0.00224299 0.000526316 0.00319149 -0.00612732 -0.0103571 -0.00272727 -0.00671642 0.008125
internal_weight=8092 1164 769 392 248 144 214 171 141 377 168 209 134 96
internal_count=8092 1164 769 392 248 144 214 171 141 377 168 209 134 96
cat_boundaries=0 1
cat_threshold=36
is_linear=0
shrinkage=0.03


end of trees

feature_importances:
Area=1162
growth_1y=669
growth_2y=590
Item=321
Year=242
log_yield_lag3=237
log_yield_lag1=223
log_yield_lag2=208
log_pesticides_lag1=196
temp_c_lag1=195
log_yield_mean3=157

parameters:
[boosting: gbdt]
[objective: regression_l1]
[metric: l1]
[tree_learner: serial]
[device_type: cpu]
[data_sample_strategy: bagging]
[data: ]
[valid: ]
[num_iterations: 300]
[learning_rate: 0.03]
[num_leaves: 15]
[num_threads: 0]
[seed: 42]
[deterministic: 0]
[force_col_wise: 0]
[force_row_wise: 0]
[histogram_pool_size: -1]
[max_depth: -1]
[min_data_in_leaf: 30]
[min_sum_hessian_in_leaf: 0.001]
[bagging_fraction: 0.8]
[pos_bagging_fraction: 1]
[neg_bagging_fraction: 1]
[bagging_freq: 1]
[bagging_seed: 400]
[bagging_by_query: 0]
[feature_fraction: 0.8]
[feature_fraction_bynode: 1]
[feature_fraction_seed: 30056]
[extra_trees: 0]
[extra_seed: 12879]
[early_stopping_round: 0]
[early_stopping_min_delta: 0]
[first_metric_only: 0]
[max_delta_step: 0]
[lambda_l1: 0]
[lambda_l2: 0]
[linear_lambda: 0]
[min_gain_to_split: 0]
[drop_rate: 0.1]
[max_drop: 50]
[skip_drop: 0.5]
[xgboost_dart_mode: 0]
[uniform_drop: 0]
[drop_seed: 17869]
[top_rate: 0.2]
[other_rate: 0.1]
[min_data_per_group: 100]
[max_cat_threshold: 32]
[cat_l2: 10]
[cat_smooth: 10]
[max_cat_to_onehot: 4]
[top_k: 20]
[monotone_constraints: ]
[monotone_constraints_method: basic]
[monotone_penalty: 0]
[feature_contri: ]
[forcedsplits_filename: ]
[refit_decay_rate: 0.9]
[cegb_tradeoff: 1]
[cegb_penalty_split: 0]
[cegb_penalty_feature_lazy: ]
[cegb_penalty_feature_coupled: ]
[path_smooth: 0]
[interaction_constraints: ]
[verbosity: -1]
[saved_feature_importance_type: 0]
[use_quantized_grad: 0]
[num_grad_quant_bins: 4]
[quant_train_renew_leaf: 0]
[stochastic_rounding: 1]
[linear_tree: 0]
[max_bin: 255]
[max_bin_by_feature: ]
[min_data_in_bin: 3]
[bin_construct_sample_cnt: 200000]
[data_random_seed: 175]
[is_enable_sparse: 1]
[enable_bundle: 1]
[use_missing: 1]
[zero_as_missing: 0]
[feature_pre_filter: 1]
[pre_partition: 0]
[two_round: 0]
[header: 0]
[label_column: ]
[weight_column: ]
[group_column: ]
[ignore_column: ]
[categorical_feature: 0,1]
[forcedbins_filename: ]
[precise_float_parser: 0]
[parser_config_file: ]
[objective_seed: 16083]
[num_class: 1]
[is_unbalance: 0]
[scale_pos_weight: 1]
[sigmoid: 1]
[boost_from_average: 1]
[reg_sqrt: 0]
[alpha: 0.9]
[fair_c: 1]
[poisson_max_delta_step: 0.7]
[tweedie_variance_power: 1.5]
[lambdarank_truncation_level: 30]
[lambdarank_norm: 1]
[label_gain: ]
[lambdarank_position_bias_regularization: 0]
[eval_at: ]
[multi_error_top_k: 1]
[auc_mu_weights: ]
[num_machines: 1]
[local_listen_port: 12400]
[time_out: 120]
[machine_list_filename: ]
[machines: ]
[gpu_platform_id: -1]
[gpu_device_id: -1]
[gpu_device_id_list: ]
[gpu_use_dp: 0]
[num_gpu: 1]

end of parameters

pandas_categorical:[["Albania", "Algeria", "Angola", "Argentina", "Armenia", "Australia", "Austria", "Azerbaijan", "Bahamas", "Bahrain", "Bangladesh", "Belarus", "Belgium", "Botswana", "Brazil", "Bulgaria", "Burkina Faso", "Burundi", "Cameroon", "Canada", "Central African Republic", "Chile", "Colombia", "Croatia", "Denmark", "Dominican Republic", "Ecuador", "Egypt", "El Salvador", "Eritrea", "Estonia", "Finland", "France", "Germany", "Ghana", "Greece", "Guatemala", "Guinea", "Guyana", "Haiti", "Honduras", "Hungary", "India", "Indonesia", "Iraq", "Ireland", "Italy", "Jamaica", "Japan", "Kazakhstan", "Kenya", "Latvia", "Lebanon", "Lesotho", "Libya", "Lithuania", "Madagascar", "Malawi", "Malaysia", "Mali", "Mauritania", "Mauritius", "Mexico", "Montenegro", "Morocco", "Mozambique", "Namibia", "Nepal", "Netherlands", "New Zealand", "Nicaragua", "Niger", "Norway", "Pakistan", "Papua New Guinea", "Peru", "Poland", "Portugal", "Qatar", "Romania", "Rwanda", "Saudi Arabia", "Senegal", "Slovenia", "South Africa", "Spain", "Sri Lanka", "Sudan", "Suriname", "Sweden", "Switzerland", "Tajikistan", "Thailand", "Tunisia", "Turkey", "Uganda", "Ukraine", "United Kingdom", "Uruguay", "Zambia", "Zimbabwe"], ["Cassava", "Maize", "Plantains and others", "Potatoes", "Rice, paddy", "Sorghum", "Soybeans", "Sweet potatoes", "Wheat", "Yams"]]
